version,match_id,list_date,competition,match,selected_team,selected_side,line,water,grade,score,result_state,result,pnl_1u,result_source,settlement_status,decision_id,run_id,model_id,quote_at,last_confirmed_at,kickoff_at,hours_from_last_refresh_to_kickoff,is_morning_baseline,is_latest_valid_prematch
V3,2929731,2026-09-20,韩K联,江原FC vs 济州SK,江原FC,upper,平手/半球,0.84,,0-1,-1,L,-1.0,D:\codex\v3_legacy\outputs\football_odds_trader\raw\titan007\20260921\20260921_081936_titan007_odds_snapshot.csv,SETTLED,5d9047b30b84ee5abea3,RUN_20260920_083909,V3_LEGACY_PRODUCTION,2026-09-20T08:39:10+08:00,2026-09-20T08:39:10+08:00,2026-09-20T15:30:00+08:00,6.847,False,True
V3,3001190,2026-09-20,日职丙,SC相模原 vs 北九州向日葵,SC相模原,upper,半球,0.81,,1-2,-1,L,-1.0,D:\codex\v3_legacy\outputs\football_odds_trader\raw\titan007\20260921\20260921_081936_titan007_odds_snapshot.csv,SETTLED,d0d9430755ec3c743332,RUN_20260920_083909,V3_LEGACY_PRODUCTION,2026-09-20T08:39:10+08:00,2026-09-20T08:39:10+08:00,2026-09-20T16:00:00+08:00,7.347,False,True
V3,3043212,2026-09-20,捷丙,布尔诺B队 vs 赫杜尼,布尔诺B队,upper,半球/一球,0.84,,0-1,-1,L,-1.0,D:\codex\v3_legacy\outputs\football_odds_trader\raw\titan007\20260921\20260921_081936_titan007_odds_snapshot.csv,SETTLED,3d7de6d3f73ef2c17a9f,RUN_20260920_083909,V3_LEGACY_PRODUCTION,2026-09-20T08:39:10+08:00,2026-09-20T08:39:10+08:00,2026-09-20T16:15:00+08:00,7.597,False,True
V3,3009374,2026-09-20,捷丙,艾德米拉布拉格 vs 皮斯克,皮斯克,upper,平手/半球,0.8,,4-1,-1,L,-1.0,D:\codex\v3_legacy\outputs\football_odds_trader\raw\titan007\20260921\20260921_081936_titan007_odds_snapshot.csv,SETTLED,3382936fb629a74213b9,RUN_20260920_083909,V3_LEGACY_PRODUCTION,2026-09-20T08:39:10+08:00,2026-09-20T08:39:10+08:00,2026-09-20T16:15:00+08:00,7.597,False,True
V3,3040128,2026-09-20,捷乙,济斯科夫 vs 特里内茨,济斯科夫,upper,半球/一球,0.84,,3-0,-1,W,0.84,D:\codex\v3_legacy\outputs\football_odds_trader\raw\titan007\20260921\20260921_081936_titan007_odds_snapshot.csv,SETTLED,d0a0218b57a8aa6e10ea,RUN_20260920_083909,V3_LEGACY_PRODUCTION,2026-09-20T08:39:10+08:00,2026-09-20T08:39:10+08:00,2026-09-20T16:15:00+08:00,7.597,False,True
V3,3009500,2026-09-20,捷丙,塔比历斯B队 vs 治鲁迪,塔比历斯B队,upper,半球,0.8,,4-1,-1,W,0.8,D:\codex\v3_legacy\outputs\football_odds_trader\raw\titan007\20260921\20260921_081936_titan007_odds_snapshot.csv,SETTLED,b7d68003c01552b0ba97,RUN_20260920_083909,V3_LEGACY_PRODUCTION,2026-09-20T08:39:10+08:00,2026-09-20T08:39:10+08:00,2026-09-20T17:00:00+08:00,8.347,False,True
V3,2929733,2026-09-20,韩K联,仁川联 vs 大田市民,大田市民,upper,平手,0.83,,1-1,-1,P,0.0,D:\codex\v3_legacy\outputs\football_odds_trader\raw\titan007\20260921\20260921_081936_titan007_odds_snapshot.csv,SETTLED,8c11c4c64215563767c2,RUN_20260920_083909,V3_LEGACY_PRODUCTION,2026-09-20T08:39:10+08:00,2026-09-20T08:39:10+08:00,2026-09-20T18:00:00+08:00,9.347,False,True
V3,3019137,2026-09-20,德乙,比勒菲尔德 vs 海登海姆,比勒菲尔德,upper,平手/半球,0.92,,2-2,-1,HL,-0.5,D:\codex\v3_legacy\outputs\football_odds_trader\raw\titan007\20260921\20260921_081936_titan007_odds_snapshot.csv,SETTLED,de8d6cfc9f569c1e11d0,RUN_20260920_083909,V3_LEGACY_PRODUCTION,2026-09-20T08:39:10+08:00,2026-09-20T08:39:10+08:00,2026-09-20T19:30:00+08:00,10.847,False,True
V3,3019138,2026-09-20,德乙,科特布斯 vs 圣保利,科特布斯,lower,平手/半球,1.02,,1-1,-1,HW,0.51,D:\codex\v3_legacy\outputs\football_odds_trader\raw\titan007\20260921\20260921_081936_titan007_odds_snapshot.csv,SETTLED,22d8e2fe19c3214dcb10,RUN_20260920_083909,V3_LEGACY_PRODUCTION,2026-09-20T08:39:10+08:00,2026-09-20T08:39:10+08:00,2026-09-20T19:30:00+08:00,10.847,False,True
V3,2912278,2026-09-20,瑞典超,哈尔姆斯塔德 vs 索尔纳,索尔纳,upper,平手/半球,0.84,,2-1,-1,L,-1.0,D:\codex\v3_legacy\outputs\football_odds_trader\raw\titan007\20260921\20260921_081936_titan007_odds_snapshot.csv,SETTLED,9fd936c283f0d07cbdbf,RUN_20260920_083909,V3_LEGACY_PRODUCTION,2026-09-20T08:39:10+08:00,2026-09-20T08:39:10+08:00,2026-09-20T20:00:00+08:00,11.347,False,True
V3,3013707,2026-09-20,西甲,赫塔菲 vs 马拉加,赫塔菲,upper,半球,1.05,,1-0,-1,W,1.05,D:\codex\v3_legacy\outputs\football_odds_trader\raw\titan007\20260921\20260921_081936_titan007_odds_snapshot.csv,SETTLED,ce3f8c8b9cf4ec18c18f,RUN_20260920_083909,V3_LEGACY_PRODUCTION,2026-09-20T08:39:10+08:00,2026-09-20T08:39:10+08:00,2026-09-20T20:00:00+08:00,11.347,False,True
V3,2912904,2026-09-20,挪超,瓦勒伦加 vs 腓特烈斯塔,腓特烈斯塔,lower,半球,0.9,,1-1,-1,W,0.9,D:\codex\v3_legacy\outputs\football_odds_trader\raw\titan007\20260921\20260921_081936_titan007_odds_snapshot.csv,SETTLED,515774a947e5cfe83144,RUN_20260920_083909,V3_LEGACY_PRODUCTION,2026-09-20T08:39:10+08:00,2026-09-20T08:39:10+08:00,2026-09-20T20:30:00+08:00,11.847,False,True
V3,3008240,2026-09-20,英冠,诺维奇 vs 博尔顿,诺维奇,upper,一球/球半,1.03,,3-4,-1,L,-1.0,D:\codex\v3_legacy\outputs\football_odds_trader\raw\titan007\20260921\20260921_081936_titan007_odds_snapshot.csv,SETTLED,3c576db76de1698ac880,RUN_20260920_083909,V3_LEGACY_PRODUCTION,2026-09-20T08:39:10+08:00,2026-09-20T08:39:10+08:00,2026-09-20T20:30:00+08:00,11.847,False,True
V3,2993802,2026-09-20,意甲,帕尔马 vs 热那亚,热那亚,upper,平手,0.78,,2-1,-1,L,-1.0,D:\codex\v3_legacy\outputs\football_odds_trader\raw\titan007\20260921\20260921_081936_titan007_odds_snapshot.csv,SETTLED,a3f384ec56cfb16dba60,RUN_20260920_083909,V3_LEGACY_PRODUCTION,2026-09-20T08:39:10+08:00,2026-09-20T08:39:10+08:00,2026-09-20T21:00:00+08:00,12.347,False,True
V3,2993799,2026-09-20,意甲,弗洛西诺尼 vs 科莫,科莫,upper,一球/球半,1.05,,2-0,-1,L,-1.0,D:\codex\v3_legacy\outputs\football_odds_trader\raw\titan007\20260921\20260921_081936_titan007_odds_snapshot.csv,SETTLED,0b6aa5c5cda1440b187c,RUN_20260920_083909,V3_LEGACY_PRODUCTION,2026-09-20T08:39:10+08:00,2026-09-20T08:39:10+08:00,2026-09-20T21:00:00+08:00,12.347,False,True
V3,3039895,2026-09-20,捷甲,奥洛穆茨 vs 布拉格斯巴达,布拉格斯巴达,upper,平手/半球,0.8,,0-3,-1,W,0.8,D:\codex\v3_legacy\outputs\football_odds_trader\raw\titan007\20260921\20260921_081936_titan007_odds_snapshot.csv,SETTLED,61f6a5b76b28e047d67c,RUN_20260920_083909,V3_LEGACY_PRODUCTION,2026-09-20T08:39:10+08:00,2026-09-20T08:39:10+08:00,2026-09-20T21:00:00+08:00,12.347,False,True
V3,2995345,2026-09-20,法甲,欧塞尔 vs 布雷斯特,布雷斯特,upper,平手,0.79,,2-1,-1,L,-1.0,D:\codex\v3_legacy\outputs\football_odds_trader\raw\titan007\20260921\20260921_081936_titan007_odds_snapshot.csv,SETTLED,b03cdf8f6a4c10dc53f8,RUN_20260920_083909,V3_LEGACY_PRODUCTION,2026-09-20T08:39:10+08:00,2026-09-20T08:39:10+08:00,2026-09-20T21:00:00+08:00,12.347,False,True
V3,3003895,2026-09-20,英超,曼彻斯特城 vs 桑德兰,曼彻斯特城,upper,球半,0.96,,5-3,-1,W,0.96,D:\codex\v3_legacy\outputs\football_odds_trader\raw\titan007\20260921\20260921_081936_titan007_odds_snapshot.csv,SETTLED,ce20feac3087fe80ec01,RUN_20260920_083909,V3_LEGACY_PRODUCTION,2026-09-20T08:39:10+08:00,2026-09-20T08:39:10+08:00,2026-09-20T21:00:00+08:00,12.347,False,True
V3,3026737,2026-09-20,土超,费内巴切 vs 埃于普体育,费内巴切,upper,两球,0.81,,8-0,-1,W,0.81,D:\codex\v3_legacy\outputs\football_odds_trader\raw\titan007\20260921\20260921_081936_titan007_odds_snapshot.csv,SETTLED,684d37643ece2db586f6,RUN_20260920_215056,V3_LEGACY_PRODUCTION,2026-09-20T21:50:56+08:00,2026-09-20T21:50:56+08:00,2026-09-20T22:00:00+08:00,0.151,False,True
V3,3014081,2026-09-20,西乙,休达 vs 巴拉多利德,巴拉多利德,upper,平手/半球,1.06,,1-1,-1,HL,-0.5,D:\codex\v3_legacy\outputs\football_odds_trader\raw\titan007\20260921\20260921_081936_titan007_odds_snapshot.csv,SETTLED,8bc9b85f63f65f4e9f5a,RUN_20260920_215056,V3_LEGACY_PRODUCTION,2026-09-20T21:50:56+08:00,2026-09-20T21:50:56+08:00,2026-09-20T22:15:00+08:00,0.401,False,True
V3,3023493,2026-09-20,葡超,吉马良斯 vs 摩里伦斯,吉马良斯,upper,一球,0.84,,1-1,-1,L,-1.0,D:\codex\v3_legacy\outputs\football_odds_trader\raw\titan007\20260921\20260921_081936_titan007_odds_snapshot.csv,SETTLED,a50d33aa93c60df1f6cd,RUN_20260920_215056,V3_LEGACY_PRODUCTION,2026-09-20T21:50:56+08:00,2026-09-20T21:50:56+08:00,2026-09-20T22:30:00+08:00,0.651,False,True
V3,2996159,2026-09-20,荷甲,奈梅亨 vs 前进之鹰,前进之鹰,lower,平手/半球,0.96,,1-1,-1,HW,0.48,D:\codex\v3_legacy\outputs\football_odds_trader\raw\titan007\20260921\20260921_081936_titan007_odds_snapshot.csv,SETTLED,9b7733377ff62784b98d,RUN_20260920_215056,V3_LEGACY_PRODUCTION,2026-09-20T21:50:56+08:00,2026-09-20T21:50:56+08:00,2026-09-20T22:45:00+08:00,0.901,False,True
V3,2913150,2026-09-20,挪甲,奥德 vs 埃格尔森德,埃格尔森德,lower,半球,0.99,,5-1,-1,L,-1.0,D:\codex\v3_legacy\outputs\football_odds_trader\raw\titan007\20260921\20260921_081936_titan007_odds_snapshot.csv,SETTLED,e5faf0b62847dc710780,RUN_20260920_215056,V3_LEGACY_PRODUCTION,2026-09-20T21:50:56+08:00,2026-09-20T21:50:56+08:00,2026-09-20T23:00:00+08:00,1.151,False,True
V3,2913148,2026-09-20,挪甲,康斯文格 vs 禾特,禾特,lower,球半/两球,0.97,,5-1,-1,L,-1.0,D:\codex\v3_legacy\outputs\football_odds_trader\raw\titan007\20260921\20260921_081936_titan007_odds_snapshot.csv,SETTLED,4c903720fd0ea42e4b0e,RUN_20260920_215056,V3_LEGACY_PRODUCTION,2026-09-20T21:50:56+08:00,2026-09-20T21:50:56+08:00,2026-09-20T23:00:00+08:00,1.151,False,True
V3,2913153,2026-09-20,挪甲,斯塔贝克 vs 松达尔,斯塔贝克,upper,球半,0.84,,2-1,-1,L,-1.0,D:\codex\v3_legacy\outputs\football_odds_trader\raw\titan007\20260921\20260921_081936_titan007_odds_snapshot.csv,SETTLED,3eb345cdc388e5fbb178,RUN_20260920_215056,V3_LEGACY_PRODUCTION,2026-09-20T21:50:56+08:00,2026-09-20T21:50:56+08:00,2026-09-20T23:00:00+08:00,1.151,False,True
V3,2913147,2026-09-20,挪甲,海于格松 vs 斯托曼,斯托曼,lower,球半,0.97,,4-2,-1,L,-1.0,D:\codex\v3_legacy\outputs\football_odds_trader\raw\titan007\20260921\20260921_081936_titan007_odds_snapshot.csv,SETTLED,eeee6fd61c30bb2d9f8d,RUN_20260920_215056,V3_LEGACY_PRODUCTION,2026-09-20T21:50:56+08:00,2026-09-20T21:50:56+08:00,2026-09-20T23:00:00+08:00,1.151,False,True
V3,2913151,2026-09-20,挪甲,诺霍斯 vs 斯托姆加斯特,斯托姆加斯特,upper,球半/两球,0.82,,0-2,-1,HW,0.41,D:\codex\v3_legacy\outputs\football_odds_trader\raw\titan007\20260921\20260921_081936_titan007_odds_snapshot.csv,SETTLED,25b84540e90e12998058,RUN_20260920_215056,V3_LEGACY_PRODUCTION,2026-09-20T21:50:56+08:00,2026-09-20T21:50:56+08:00,2026-09-20T23:00:00+08:00,1.151,False,True
V3,2912905,2026-09-20,挪超,维京 vs 利勒斯特罗姆,维京,upper,球半,0.84,,3-0,-1,W,0.84,D:\codex\v3_legacy\outputs\football_odds_trader\raw\titan007\20260921\20260921_081936_titan007_odds_snapshot.csv,SETTLED,d2f3f2fa2c5c00fc5d45,RUN_20260920_215056,V3_LEGACY_PRODUCTION,2026-09-20T21:50:56+08:00,2026-09-20T21:50:56+08:00,2026-09-20T23:00:00+08:00,1.151,False,True
V3,3041188,2026-09-20,南非超,TS银河 vs 茨普帕,TS银河,upper,平手/半球,0.84,,0-1,-1,L,-1.0,D:\codex\v3_legacy\outputs\football_odds_trader\raw\titan007\20260921\20260921_081936_titan007_odds_snapshot.csv,SETTLED,745dfd688931c8e9ca8c,RUN_20260920_215056,V3_LEGACY_PRODUCTION,2026-09-20T21:50:56+08:00,2026-09-20T21:50:56+08:00,2026-09-20T23:30:00+08:00,1.651,False,True
V3,2993800,2026-09-20,意甲,尤文图斯 vs 亚特兰大,尤文图斯,upper,半球/一球,0.93,,2-0,-1,W,0.93,D:\codex\v3_legacy\outputs\football_odds_trader\raw\titan007\20260921\20260921_081936_titan007_odds_snapshot.csv,SETTLED,c873f06284a384bc7e4c,RUN_20260920_215056,V3_LEGACY_PRODUCTION,2026-09-20T21:50:56+08:00,2026-09-20T21:50:56+08:00,2026-09-21T00:00:00+08:00,2.151,False,True
V3,3014523,2026-09-20,西协甲,萨莫拉 vs 卢高,萨莫拉,upper,平手/半球,0.79,,1-2,-1,L,-1.0,D:\codex\v3_legacy\outputs\football_odds_trader\raw\titan007\20260921\20260921_081936_titan007_odds_snapshot.csv,SETTLED,502e91fd7b48fdf4ad91,RUN_20260920_215056,V3_LEGACY_PRODUCTION,2026-09-20T21:50:56+08:00,2026-09-20T21:50:56+08:00,2026-09-21T00:15:00+08:00,2.401,False,True
V3,3003582,2026-09-20,比甲,布鲁日 vs 亨克,亨克,lower,一球,0.91,,3-0,-1,L,-1.0,D:\codex\v3_legacy\outputs\football_odds_trader\raw\titan007\20260921\20260921_081936_titan007_odds_snapshot.csv,SETTLED,3a8fa950c7f2e3405c1b,RUN_20260920_215056,V3_LEGACY_PRODUCTION,2026-09-20T21:50:56+08:00,2026-09-20T21:50:56+08:00,2026-09-21T00:30:00+08:00,2.651,False,True
V3,3013711,2026-09-20,西甲,比利亚雷亚尔 vs 莱万特,比利亚雷亚尔,upper,一球/球半,1.07,,3-1,-1,W,1.07,D:\codex\v3_legacy\outputs\football_odds_trader\raw\titan007\20260921\20260921_081936_titan007_odds_snapshot.csv,SETTLED,32728784bba277ba2f03,RUN_20260920_215056,V3_LEGACY_PRODUCTION,2026-09-20T21:50:56+08:00,2026-09-20T21:50:56+08:00,2026-09-21T00:30:00+08:00,2.651,False,True
V3,3030155,2026-09-20,土甲,安塔利亚体育 vs 贝拉迪亚士邦,贝拉迪亚士邦,lower,半球/一球,1.01,,3-0,-1,L,-1.0,D:\codex\v3_legacy\outputs\football_odds_trader\raw\titan007\20260921\20260921_081936_titan007_odds_snapshot.csv,SETTLED,d2daeb4d41ce04b29d1e,RUN_20260920_215056,V3_LEGACY_PRODUCTION,2026-09-20T21:50:56+08:00,2026-09-20T21:50:56+08:00,2026-09-21T01:00:00+08:00,3.151,False,True
V3,3026733,2026-09-20,土超,阿美德 vs 贝西克塔斯,阿美德,lower,半球,0.97,,3-2,-1,W,0.97,D:\codex\v3_legacy\outputs\football_odds_trader\raw\titan007\20260921\20260921_081936_titan007_odds_snapshot.csv,SETTLED,1d60f32f54b989a392e9,RUN_20260920_215056,V3_LEGACY_PRODUCTION,2026-09-20T21:50:56+08:00,2026-09-20T21:50:56+08:00,2026-09-21T01:00:00+08:00,3.151,False,True
V3,3005398,2026-09-20,比乙,登德 vs 艾斯登,登德,upper,半球/一球,0.81,,1-0,-1,HW,0.405,D:\codex\v3_legacy\outputs\football_odds_trader\raw\titan007\20260921\20260921_081936_titan007_odds_snapshot.csv,SETTLED,969be96a40b381b2ea4c,RUN_20260920_215056,V3_LEGACY_PRODUCTION,2026-09-20T21:50:56+08:00,2026-09-20T21:50:56+08:00,2026-09-21T01:15:00+08:00,3.401,False,True
V3,3040751,2026-09-20,意乙,摩德纳 vs 恩波利,摩德纳,upper,半球/一球,0.8,,2-1,-1,HW,0.4,D:\codex\v3_legacy\outputs\football_odds_trader\raw\titan007\20260921\20260921_081936_titan007_odds_snapshot.csv,SETTLED,fd4da82c94060be7a911,RUN_20260920_215056,V3_LEGACY_PRODUCTION,2026-09-20T21:50:56+08:00,2026-09-20T21:50:56+08:00,2026-09-21T01:30:00+08:00,3.651,False,True
V3,2997527,2026-09-20,克亚甲,萨格勒布迪纳摩 vs 萨格勒布火车头,萨格勒布迪纳摩,upper,两球,0.84,,3-2,-1,L,-1.0,D:\codex\v3_legacy\outputs\football_odds_trader\raw\titan007\20260921\20260921_081936_titan007_odds_snapshot.csv,SETTLED,2b864db8f79db4aa1c15,RUN_20260920_215056,V3_LEGACY_PRODUCTION,2026-09-20T21:50:56+08:00,2026-09-20T21:50:56+08:00,2026-09-21T02:00:00+08:00,4.151,False,True
V3,3050934,2026-09-20,意丙,格罗瑟托 vs 佩鲁贾,佩鲁贾,upper,平手/半球,1.03,,2-0,-1,L,-1.0,D:\codex\v3_legacy\outputs\football_odds_trader\raw\titan007\20260921\20260921_081936_titan007_odds_snapshot.csv,SETTLED,a0471d6e5af40bd4d08b,RUN_20260920_215056,V3_LEGACY_PRODUCTION,2026-09-20T21:50:56+08:00,2026-09-20T21:50:56+08:00,2026-09-21T02:30:00+08:00,4.651,False,True
V4_SHADOW,3013707,2026-09-20,西甲,赫塔菲 vs 马拉加,赫塔菲,giving,-0.5,1.05,C,1-0,-1,W,1.05,D:\codex\v3_legacy\outputs\football_odds_trader\raw\titan007\20260921\20260921_081936_titan007_odds_snapshot.csv,SETTLED,f39b8c9fa38bcc58aba4,RUN_20260920_083909,v4-market-dirichlet-20260913,2026-09-20T08:39:10+08:00,2026-09-20T08:39:10+08:00,2026-09-20T20:00:00+08:00,11.347,False,True
V4_SHADOW,2912277,2026-09-20,瑞典超,尤尔加登 vs 埃尔夫斯堡,埃尔夫斯堡,receiving,1.0,1.01,C,1-2,-1,W,1.01,D:\codex\v3_legacy\outputs\football_odds_trader\raw\titan007\20260921\20260921_081936_titan007_odds_snapshot.csv,SETTLED,d47b9de8d0829399ec19,RUN_20260920_083909,v4-market-dirichlet-20260913,2026-09-20T08:39:10+08:00,2026-09-20T08:39:10+08:00,2026-09-20T20:00:00+08:00,11.347,False,True
V4_SHADOW,3062848,2026-09-20,印尼超,杰帕拉 vs 万隆,杰帕拉,receiving,1.0,1.0,C,1-2,-1,P,0.0,D:\codex\v3_legacy\outputs\football_odds_trader\raw\titan007\20260921\20260921_081936_titan007_odds_snapshot.csv,SETTLED,3b12ada58e224d3512da,RUN_20260920_083909,v4-market-dirichlet-20260913,2026-09-20T08:39:10+08:00,2026-09-20T08:39:10+08:00,2026-09-20T20:00:00+08:00,11.347,False,True
V4_SHADOW,3008240,2026-09-20,英冠,诺维奇 vs 博尔顿,诺维奇,giving,-1.25,1.03,C,3-4,-1,L,-1.0,D:\codex\v3_legacy\outputs\football_odds_trader\raw\titan007\20260921\20260921_081936_titan007_odds_snapshot.csv,SETTLED,31cb92306a6a98575401,RUN_20260920_083909,v4-market-dirichlet-20260913,2026-09-20T08:39:10+08:00,2026-09-20T08:39:10+08:00,2026-09-20T20:30:00+08:00,11.847,False,True
V4_SHADOW,2996158,2026-09-20,荷甲,阿尔克马尔 vs 特尔斯达,阿尔克马尔,giving,-2.0,0.99,B,1-0,-1,L,-1.0,D:\codex\v3_legacy\outputs\football_odds_trader\raw\titan007\20260921\20260921_081936_titan007_odds_snapshot.csv,SETTLED,312c86e99a2278f5c7b2,RUN_20260920_083909,v4-market-dirichlet-20260913,2026-09-20T08:39:10+08:00,2026-09-20T08:39:10+08:00,2026-09-20T20:30:00+08:00,11.847,False,True
V4_SHADOW,3012519,2026-09-20,乌克超,卡帕迪 vs 维勒斯,维勒斯,receiving,1.0,1.28,A,1-1,-1,W,1.28,D:\codex\v3_legacy\outputs\football_odds_trader\raw\titan007\20260921\20260921_081936_titan007_odds_snapshot.csv,SETTLED,717555311632485ee9dd,RUN_20260920_083909,v4-market-dirichlet-20260913,2026-09-20T08:39:10+08:00,2026-09-20T08:39:10+08:00,2026-09-20T20:30:00+08:00,11.847,False,True
V4_SHADOW,3041564,2026-09-20,阿塞超,沙马基 vs 纳希切万,纳希切万,receiving,0.25,1.04,C,2-1,-1,L,-1.0,D:\codex\v3_legacy\outputs\football_odds_trader\raw\titan007\20260921\20260921_081936_titan007_odds_snapshot.csv,SETTLED,2e83ca15e83d42b970ad,RUN_20260920_083909,v4-market-dirichlet-20260913,2026-09-20T08:39:10+08:00,2026-09-20T08:39:10+08:00,2026-09-20T20:30:00+08:00,11.847,False,True
V4_SHADOW,3003895,2026-09-20,英超,曼彻斯特城 vs 桑德兰,曼彻斯特城,giving,-1.5,0.96,C,5-3,-1,W,0.96,D:\codex\v3_legacy\outputs\football_odds_trader\raw\titan007\20260921\20260921_081936_titan007_odds_snapshot.csv,SETTLED,17000623cc0c2639520b,RUN_20260920_083909,v4-market-dirichlet-20260913,2026-09-20T08:39:10+08:00,2026-09-20T08:39:10+08:00,2026-09-20T21:00:00+08:00,12.347,False,True
V4_SHADOW,2993799,2026-09-20,意甲,弗洛西诺尼 vs 科莫,科莫,giving,-1.25,1.05,C,2-0,-1,L,-1.0,D:\codex\v3_legacy\outputs\football_odds_trader\raw\titan007\20260921\20260921_081936_titan007_odds_snapshot.csv,SETTLED,f5633c94d1d9c2aed187,RUN_20260920_083909,v4-market-dirichlet-20260913,2026-09-20T08:39:10+08:00,2026-09-20T08:39:10+08:00,2026-09-20T21:00:00+08:00,12.347,False,True
V4_SHADOW,3026736,2026-09-20,土超,埃尔祖鲁姆体育 vs 萨姆松体育,埃尔祖鲁姆体育,giving,-0.25,1.13,C,1-0,-1,W,1.13,D:\codex\v3_legacy\outputs\football_odds_trader\raw\titan007\20260921\20260921_081936_titan007_odds_snapshot.csv,SETTLED,555f37a24ea147f59215,RUN_20260920_215056,v4-market-dirichlet-20260913,2026-09-20T21:50:56+08:00,2026-09-20T21:50:56+08:00,2026-09-20T22:00:00+08:00,0.151,False,True
V4_SHADOW,2920152,2026-09-20,瑞典乙北,卡尔堡斯 vs 斯德哥尔摩国际,卡尔堡斯,receiving,1.25,1.03,C,0-2,-1,L,-1.0,D:\codex\v3_legacy\outputs\football_odds_trader\raw\titan007\20260921\20260921_081936_titan007_odds_snapshot.csv,SETTLED,c7e588860d6cd0e48968,RUN_20260920_215056,v4-market-dirichlet-20260913,2026-09-20T21:50:56+08:00,2026-09-20T21:50:56+08:00,2026-09-20T22:00:00+08:00,0.151,False,True
V4_SHADOW,2998249,2026-09-20,丹麦超,霍森斯 vs 奥胡斯,奥胡斯,giving,-0.75,1.05,C,2-2,-1,L,-1.0,D:\codex\v3_legacy\outputs\football_odds_trader\raw\titan007\20260921\20260921_081936_titan007_odds_snapshot.csv,SETTLED,2c40687b112658b16ef7,RUN_20260920_215056,v4-market-dirichlet-20260913,2026-09-20T21:50:56+08:00,2026-09-20T21:50:56+08:00,2026-09-20T22:00:00+08:00,0.151,False,True
V4_SHADOW,3014081,2026-09-20,西乙,休达 vs 巴拉多利德,巴拉多利德,giving,-0.25,1.06,C,1-1,-1,HL,-0.5,D:\codex\v3_legacy\outputs\football_odds_trader\raw\titan007\20260921\20260921_081936_titan007_odds_snapshot.csv,SETTLED,85f2e7bdfe0d4a1ed038,RUN_20260920_215056,v4-market-dirichlet-20260913,2026-09-20T21:50:56+08:00,2026-09-20T21:50:56+08:00,2026-09-20T22:15:00+08:00,0.401,False,True
V4_SHADOW,3023487,2026-09-20,葡超,阿马多拉 vs 维塞乌,维塞乌,receiving,0.25,1.04,C,0-2,-1,W,1.04,D:\codex\v3_legacy\outputs\football_odds_trader\raw\titan007\20260921\20260921_081936_titan007_odds_snapshot.csv,SETTLED,c809b3a449dc9469921b,RUN_20260920_215056,v4-market-dirichlet-20260913,2026-09-20T21:50:56+08:00,2026-09-20T21:50:56+08:00,2026-09-20T22:30:00+08:00,0.651,False,True
V4_SHADOW,3023493,2026-09-20,葡超,吉马良斯 vs 摩里伦斯,摩里伦斯,receiving,1.0,1.05,C,1-1,-1,W,1.05,D:\codex\v3_legacy\outputs\football_odds_trader\raw\titan007\20260921\20260921_081936_titan007_odds_snapshot.csv,SETTLED,d8e57eb9e920322d7117,RUN_20260920_215056,v4-market-dirichlet-20260913,2026-09-20T21:50:56+08:00,2026-09-20T21:50:56+08:00,2026-09-20T22:30:00+08:00,0.651,False,True
V4_SHADOW,2998488,2026-09-20,保甲,普罗夫迪夫火车头 vs 索非亚中央陆军,普罗夫迪夫火车头,receiving,1.0,0.87,C,1-1,-1,W,0.87,D:\codex\v3_legacy\outputs\football_odds_trader\raw\titan007\20260921\20260921_081936_titan007_odds_snapshot.csv,SETTLED,cd097b3d2e1e5c798029,RUN_20260920_215056,v4-market-dirichlet-20260913,2026-09-20T21:50:56+08:00,2026-09-20T21:50:56+08:00,2026-09-20T22:45:00+08:00,0.901,False,True
V4_SHADOW,3036439,2026-09-20,希腊超,维洛斯NFC vs AEK雅典,AEK雅典,giving,-1.75,1.0,C,1-2,-1,L,-1.0,D:\codex\v3_legacy\outputs\football_odds_trader\raw\titan007\20260921\20260921_081936_titan007_odds_snapshot.csv,SETTLED,43102510204a1720c641,RUN_20260920_215056,v4-market-dirichlet-20260913,2026-09-20T21:50:56+08:00,2026-09-20T21:50:56+08:00,2026-09-20T23:00:00+08:00,1.151,False,True
V4_SHADOW,2912901,2026-09-20,挪超,桑德菲杰 vs 斯达,斯达,receiving,0.25,1.03,C,3-0,-1,L,-1.0,D:\codex\v3_legacy\outputs\football_odds_trader\raw\titan007\20260921\20260921_081936_titan007_odds_snapshot.csv,SETTLED,4d1808ad126e01561d12,RUN_20260920_215056,v4-market-dirichlet-20260913,2026-09-20T21:50:56+08:00,2026-09-20T21:50:56+08:00,2026-09-20T23:00:00+08:00,1.151,False,True
V4_SHADOW,2912905,2026-09-20,挪超,维京 vs 利勒斯特罗姆,维京,giving,-1.5,0.84,C,3-0,-1,W,0.84,D:\codex\v3_legacy\outputs\football_odds_trader\raw\titan007\20260921\20260921_081936_titan007_odds_snapshot.csv,SETTLED,422f0368f1bfffb4a513,RUN_20260920_215056,v4-market-dirichlet-20260913,2026-09-20T21:50:56+08:00,2026-09-20T21:50:56+08:00,2026-09-20T23:00:00+08:00,1.151,False,True
V4_SHADOW,3055053,2026-09-20,西协乙1,格尼卡 vs UD利亚内拉,格尼卡,giving,-0.5,1.08,C,4-0,-1,W,1.08,D:\codex\v3_legacy\outputs\football_odds_trader\raw\titan007\20260921\20260921_081936_titan007_odds_snapshot.csv,SETTLED,f485882f3e8efc2a5eaf,RUN_20260920_215056,v4-market-dirichlet-20260913,2026-09-20T21:50:56+08:00,2026-09-20T21:50:56+08:00,2026-09-20T23:00:00+08:00,1.151,False,True
V4_SHADOW,2913153,2026-09-20,挪甲,斯塔贝克 vs 松达尔,斯塔贝克,giving,-1.5,0.84,C,2-1,-1,L,-1.0,D:\codex\v3_legacy\outputs\football_odds_trader\raw\titan007\20260921\20260921_081936_titan007_odds_snapshot.csv,SETTLED,8ca56aba6084b89651ac,RUN_20260920_215056,v4-market-dirichlet-20260913,2026-09-20T21:50:56+08:00,2026-09-20T21:50:56+08:00,2026-09-20T23:00:00+08:00,1.151,False,True
V4_SHADOW,3012522,2026-09-20,乌克超,顿涅茨克矿工 vs LNZ切尔卡斯,顿涅茨克矿工,giving,-1.25,1.08,C,3-0,-1,W,1.08,D:\codex\v3_legacy\outputs\football_odds_trader\raw\titan007\20260921\20260921_081936_titan007_odds_snapshot.csv,SETTLED,c20682e5bc94657f0bd0,RUN_20260920_215056,v4-market-dirichlet-20260913,2026-09-20T21:50:56+08:00,2026-09-20T21:50:56+08:00,2026-09-20T23:00:00+08:00,1.151,False,True
V4_SHADOW,2940751,2026-09-20,拉脱超,奥达里加 vs 里加足球学院,奥达里加,receiving,0.75,1.08,C,1-1,-1,W,1.08,D:\codex\v3_legacy\outputs\football_odds_trader\raw\titan007\20260921\20260921_081936_titan007_odds_snapshot.csv,SETTLED,dadbb0f5e527f827e0a7,RUN_20260920_215056,v4-market-dirichlet-20260913,2026-09-20T21:50:56+08:00,2026-09-20T21:50:56+08:00,2026-09-20T23:00:00+08:00,1.151,False,True
V4_SHADOW,2995349,2026-09-20,法甲,尼斯 vs 里尔,尼斯,receiving,0.25,1.0,C,2-1,-1,W,1.0,D:\codex\v3_legacy\outputs\football_odds_trader\raw\titan007\20260921\20260921_081936_titan007_odds_snapshot.csv,SETTLED,088fc958d9b5e9a2c431,RUN_20260920_215056,v4-market-dirichlet-20260913,2026-09-20T21:50:56+08:00,2026-09-20T21:50:56+08:00,2026-09-20T23:15:00+08:00,1.401,False,True
V4_SHADOW,3005791,2026-09-20,斯亚甲,慕拉 vs 采列,慕拉,receiving,0.75,0.99,C,0-0,-1,W,0.99,D:\codex\v3_legacy\outputs\football_odds_trader\raw\titan007\20260921\20260921_081936_titan007_odds_snapshot.csv,SETTLED,6d4af91b3ee93fe6b167,RUN_20260920_215056,v4-market-dirichlet-20260913,2026-09-20T21:50:56+08:00,2026-09-20T21:50:56+08:00,2026-09-20T23:30:00+08:00,1.651,False,True
V4_SHADOW,2948489,2026-09-20,白俄超,维特布斯克 vs FC鱼雷,维特布斯克,giving,-0.25,1.03,C,6-0,-1,W,1.03,D:\codex\v3_legacy\outputs\football_odds_trader\raw\titan007\20260921\20260921_081936_titan007_odds_snapshot.csv,SETTLED,d128c36e409ec4ca4e16,RUN_20260920_215056,v4-market-dirichlet-20260913,2026-09-20T21:50:56+08:00,2026-09-20T21:50:56+08:00,2026-09-21T00:00:00+08:00,2.151,False,True
V4_SHADOW,3013711,2026-09-20,西甲,比利亚雷亚尔 vs 莱万特,比利亚雷亚尔,giving,-1.25,1.07,C,3-1,-1,W,1.07,D:\codex\v3_legacy\outputs\football_odds_trader\raw\titan007\20260921\20260921_081936_titan007_odds_snapshot.csv,SETTLED,f04fe5e81414b56d73ef,RUN_20260920_215056,v4-market-dirichlet-20260913,2026-09-20T21:50:56+08:00,2026-09-20T21:50:56+08:00,2026-09-21T00:30:00+08:00,2.651,False,True
V4_SHADOW,3036435,2026-09-20,希腊超,卡拉玛达 vs 帕纳辛纳科斯,帕纳辛纳科斯,giving,-1.5,0.85,C,0-1,-1,L,-1.0,D:\codex\v3_legacy\outputs\football_odds_trader\raw\titan007\20260921\20260921_081936_titan007_odds_snapshot.csv,SETTLED,29868c2c163918d93980,RUN_20260920_215056,v4-market-dirichlet-20260913,2026-09-20T21:50:56+08:00,2026-09-20T21:50:56+08:00,2026-09-21T00:30:00+08:00,2.651,False,True
V4_SHADOW,3092187,2026-09-20,世女杯U20,朝鲜女足U20<font color=#880000>(中)</font> vs 加拿大女足U20,朝鲜女足U20<font color=#880000>(中)</font>,giving,-1.75,0.96,C,2-0,-1,HW,0.48,D:\codex\v3_legacy\outputs\football_odds_trader\raw\titan007\20260921\20260921_081936_titan007_odds_snapshot.csv,SETTLED,caf2b960108a8f8338db,RUN_20260920_215056,v4-market-dirichlet-20260913,2026-09-20T21:50:56+08:00,2026-09-20T21:50:56+08:00,2026-09-21T00:30:00+08:00,2.651,False,True
V4_SHADOW,3023491,2026-09-20,葡超,圣克拉拉 vs 布拉加,圣克拉拉,receiving,0.25,1.0,C,0-0,-1,HW,0.5,D:\codex\v3_legacy\outputs\football_odds_trader\raw\titan007\20260921\20260921_081936_titan007_odds_snapshot.csv,SETTLED,70e8642b9668582c910f,RUN_20260920_215056,v4-market-dirichlet-20260913,2026-09-20T21:50:56+08:00,2026-09-20T21:50:56+08:00,2026-09-21T01:00:00+08:00,3.151,False,True
V4_SHADOW,3018818,2026-09-20,德甲,帕德博恩 vs 霍芬海姆,帕德博恩,receiving,0.75,1.0,C,3-1,-1,W,1.0,D:\codex\v3_legacy\outputs\football_odds_trader\raw\titan007\20260921\20260921_081936_titan007_odds_snapshot.csv,SETTLED,310b63bfcd9b8e2c38c3,RUN_20260920_215056,v4-market-dirichlet-20260913,2026-09-20T21:50:56+08:00,2026-09-20T21:50:56+08:00,2026-09-21T01:30:00+08:00,3.651,False,True
V4_SHADOW,3040751,2026-09-20,意乙,摩德纳 vs 恩波利,恩波利,receiving,0.75,1.08,C,2-1,-1,HL,-0.5,D:\codex\v3_legacy\outputs\football_odds_trader\raw\titan007\20260921\20260921_081936_titan007_odds_snapshot.csv,SETTLED,8554549a0bb35d413318,RUN_20260920_215056,v4-market-dirichlet-20260913,2026-09-20T21:50:56+08:00,2026-09-20T21:50:56+08:00,2026-09-21T01:30:00+08:00,3.651,False,True
V4_SHADOW,3035915,2026-09-20,波兰乙,台基 vs 桑德克亚,桑德克亚,receiving,0.25,1.11,C,0-0,-1,HW,0.555,D:\codex\v3_legacy\outputs\football_odds_trader\raw\titan007\20260921\20260921_081936_titan007_odds_snapshot.csv,SETTLED,3977bdb368b2dc4f6816,RUN_20260920_215056,v4-market-dirichlet-20260913,2026-09-20T21:50:56+08:00,2026-09-20T21:50:56+08:00,2026-09-21T01:30:00+08:00,3.651,False,True
V4_SHADOW,2962650,2026-09-20,阿甲,圣洛伦索 vs 博卡青年,博卡青年,giving,-0.5,1.04,C,0-2,-1,W,1.04,D:\codex\v3_legacy\outputs\football_odds_trader\raw\titan007\20260921\20260921_081936_titan007_odds_snapshot.csv,SETTLED,1ef4bb56ac9dccc58add,RUN_20260920_215056,v4-market-dirichlet-20260913,2026-09-20T21:50:56+08:00,2026-09-20T21:50:56+08:00,2026-09-21T01:45:00+08:00,3.901,False,True
V4_SHADOW,3027030,2026-09-20,波斯甲,萨拉热窝 vs 史洛加多波,萨拉热窝,giving,-1.25,1.01,C,2-0,-1,W,1.01,D:\codex\v3_legacy\outputs\football_odds_trader\raw\titan007\20260921\20260921_081936_titan007_odds_snapshot.csv,SETTLED,b217dc9f97642b7c5d3c,RUN_20260920_215056,v4-market-dirichlet-20260913,2026-09-20T21:50:56+08:00,2026-09-20T21:50:56+08:00,2026-09-21T02:00:00+08:00,4.151,False,True
V4_SHADOW,2916682,2026-09-20,阿乙,卡洛斯卡萨雷斯农业 vs 甘拿斯亚迪罗,甘拿斯亚迪罗,receiving,0.25,1.0,C,1-0,-1,L,-1.0,D:\codex\v3_legacy\outputs\football_odds_trader\raw\titan007\20260921\20260921_081936_titan007_odds_snapshot.csv,SETTLED,25101f317f3cf123a781,RUN_20260920_215056,v4-market-dirichlet-20260913,2026-09-20T21:50:56+08:00,2026-09-20T21:50:56+08:00,2026-09-21T02:00:00+08:00,4.151,False,True
V4_SHADOW,3003155,2026-09-20,波兰超,波兹南莱赫 vs 拉多麦科,波兹南莱赫,giving,-1.5,0.99,B,5-1,-1,W,0.99,D:\codex\v3_legacy\outputs\football_odds_trader\raw\titan007\20260921\20260921_081936_titan007_odds_snapshot.csv,SETTLED,4c1912cff79082204364,RUN_20260920_215056,v4-market-dirichlet-20260913,2026-09-20T21:50:56+08:00,2026-09-20T21:50:56+08:00,2026-09-21T02:15:00+08:00,4.401,False,True
V4_SHADOW,3005788,2026-09-20,斯亚甲,布里涅格罗苏普列 vs 雷都米结,雷都米结,receiving,0.25,1.0,C,2-1,-1,L,-1.0,D:\codex\v3_legacy\outputs\football_odds_trader\raw\titan007\20260921\20260921_081936_titan007_odds_snapshot.csv,SETTLED,bbbf5d2676e3a005db18,RUN_20260920_215056,v4-market-dirichlet-20260913,2026-09-20T21:50:56+08:00,2026-09-20T21:50:56+08:00,2026-09-21T02:15:00+08:00,4.401,False,True
V4_SHADOW,3014903,2026-09-20,西协甲,萨拉戈萨 vs 卡塔赫纳,卡塔赫纳,receiving,0.75,1.01,C,1-0,-1,HL,-0.5,D:\codex\v3_legacy\outputs\football_odds_trader\raw\titan007\20260921\20260921_081936_titan007_odds_snapshot.csv,SETTLED,63fa77f1f3dccc24a96f,RUN_20260920_215056,v4-market-dirichlet-20260913,2026-09-20T21:50:56+08:00,2026-09-20T21:50:56+08:00,2026-09-21T02:30:00+08:00,4.651,False,True
V4_SHADOW,3050934,2026-09-20,意丙,格罗瑟托 vs 佩鲁贾,佩鲁贾,giving,-0.25,1.03,C,2-0,-1,L,-1.0,D:\codex\v3_legacy\outputs\football_odds_trader\raw\titan007\20260921\20260921_081936_titan007_odds_snapshot.csv,SETTLED,20bffbbfafb519b44b07,RUN_20260920_215056,v4-market-dirichlet-20260913,2026-09-20T21:50:56+08:00,2026-09-20T21:50:56+08:00,2026-09-21T02:30:00+08:00,4.651,False,True
V4_SHADOW,3091905,2026-09-20,厄瓜甲降,特克尼克 vs 德芬,特克尼克,giving,-0.5,1.04,C,1-1,-1,L,-1.0,D:\codex\v3_legacy\outputs\football_odds_trader\raw\titan007\20260921\20260921_081936_titan007_odds_snapshot.csv,SETTLED,4965533b6a9728abc688,RUN_20260920_215056,v4-market-dirichlet-20260913,2026-09-20T21:50:56+08:00,2026-09-20T21:50:56+08:00,2026-09-21T02:30:00+08:00,4.651,False,True
V4_SHADOW,2993795,2026-09-20,意甲,AC米兰 vs 莱切,AC米兰,giving,-1.75,0.96,C,3-0,-1,W,0.96,D:\codex\v3_legacy\outputs\football_odds_trader\raw\titan007\20260921\20260921_081936_titan007_odds_snapshot.csv,SETTLED,7325a0bbed365f05099b,RUN_20260920_215056,v4-market-dirichlet-20260913,2026-09-20T21:50:56+08:00,2026-09-20T21:50:56+08:00,2026-09-21T02:45:00+08:00,4.901,False,True
V4_SHADOW,2910899,2026-09-20,巴西甲,科林蒂安 vs 弗鲁米嫩塞,弗鲁米嫩塞,receiving,0.25,1.08,C,1-3,-1,W,1.08,D:\codex\v3_legacy\outputs\football_odds_trader\raw\titan007\20260921\20260921_081936_titan007_odds_snapshot.csv,SETTLED,3197ffb7e5d626ca8f7d,RUN_20260920_215056,v4-market-dirichlet-20260913,2026-09-20T21:50:56+08:00,2026-09-20T21:50:56+08:00,2026-09-21T03:00:00+08:00,5.151,False,True
V4_SHADOW,2910906,2026-09-20,巴西甲,维多利亚 vs 克鲁塞罗,克鲁塞罗,giving,-0.25,1.02,C,1-3,-1,W,1.02,D:\codex\v3_legacy\outputs\football_odds_trader\raw\titan007\20260921\20260921_081936_titan007_odds_snapshot.csv,SETTLED,772f0ecbb10f9770df14,RUN_20260920_215056,v4-market-dirichlet-20260913,2026-09-20T21:50:56+08:00,2026-09-20T21:50:56+08:00,2026-09-21T03:00:00+08:00,5.151,False,True
V4_SHADOW,2916689,2026-09-20,阿乙,玛德恩 vs 科多巴竞赛会,科多巴竞赛会,receiving,0.75,1.0,C,2-0,-1,L,-1.0,D:\codex\v3_legacy\outputs\football_odds_trader\raw\titan007\20260921\20260921_081936_titan007_odds_snapshot.csv,SETTLED,42f16f01dd18f1fc98b5,RUN_20260920_215056,v4-market-dirichlet-20260913,2026-09-20T21:50:56+08:00,2026-09-20T21:50:56+08:00,2026-09-21T03:00:00+08:00,5.151,False,True
V4_SHADOW,3023488,2026-09-20,葡超,波尔图 vs 本菲卡,本菲卡,giving,-0.25,1.09,C,3-1,-1,L,-1.0,D:\codex\v3_legacy\outputs\football_odds_trader\raw\titan007\20260921\20260921_081936_titan007_odds_snapshot.csv,SETTLED,ad828543bfa516e5ad08,RUN_20260920_215056,v4-market-dirichlet-20260913,2026-09-20T21:50:56+08:00,2026-09-20T21:50:56+08:00,2026-09-21T03:30:00+08:00,5.651,False,True
V4_SHADOW,2916688,2026-09-20,阿乙,科隆竞技 vs 洛斯安第斯,科隆竞技,giving,-0.75,1.06,C,3-0,-1,W,1.06,D:\codex\v3_legacy\outputs\football_odds_trader\raw\titan007\20260921\20260921_081936_titan007_odds_snapshot.csv,SETTLED,c0e5662c1fc7c179500a,RUN_20260920_215056,v4-market-dirichlet-20260913,2026-09-20T21:50:56+08:00,2026-09-20T21:50:56+08:00,2026-09-21T03:30:00+08:00,5.651,False,True
V4_SHADOW,2962649,2026-09-20,阿甲,罗萨里奥中央 vs 阿根廷青年人,罗萨里奥中央,giving,-0.5,1.03,C,1-0,-1,W,1.03,D:\codex\v3_legacy\outputs\football_odds_trader\raw\titan007\20260921\20260921_081936_titan007_odds_snapshot.csv,SETTLED,0e155b9b62dc5fa755c3,RUN_20260920_215056,v4-market-dirichlet-20260913,2026-09-20T21:50:56+08:00,2026-09-20T21:50:56+08:00,2026-09-21T04:00:00+08:00,6.151,False,True
V4_SHADOW,3041917,2026-09-20,萨尔超春,萨卡特科卢卡 vs 亚古雷,萨卡特科卢卡,receiving,0.25,1.02,C,0-1,-1,L,-1.0,D:\codex\v3_legacy\outputs\football_odds_trader\raw\titan007\20260921\20260921_081936_titan007_odds_snapshot.csv,SETTLED,6d675de28933797e686a,RUN_20260920_215056,v4-market-dirichlet-20260913,2026-09-20T21:50:56+08:00,2026-09-20T21:50:56+08:00,2026-09-21T05:00:00+08:00,7.151,False,True
V4_SHADOW,3061650,2026-09-20,玻利杯,最强者 vs 玻利瓦尔,最强者,receiving,0.25,1.05,C,1-1,-1,HW,0.525,D:\codex\v3_legacy\outputs\football_odds_trader\raw\titan007\20260921\20260921_081936_titan007_odds_snapshot.csv,SETTLED,202e7d7712d057b172d4,RUN_20260920_215056,v4-market-dirichlet-20260913,2026-09-20T21:50:56+08:00,2026-09-20T21:50:56+08:00,2026-09-21T05:15:00+08:00,7.401,False,True
V4_SHADOW,2910900,2026-09-20,巴西甲,弗拉门戈 vs 布拉干蒂诺RB,弗拉门戈,giving,-1.5,0.99,B,2-1,-1,L,-1.0,D:\codex\v3_legacy\outputs\football_odds_trader\raw\titan007\20260921\20260921_081936_titan007_odds_snapshot.csv,SETTLED,0f48f7dab9b9417899ed,RUN_20260920_215056,v4-market-dirichlet-20260913,2026-09-20T21:50:56+08:00,2026-09-20T21:50:56+08:00,2026-09-21T05:30:00+08:00,7.651,False,True
V4_SHADOW,3074185,2026-09-20,巴拉甲秋,卢捷诺体育会 vs 雷科莱塔,雷科莱塔,receiving,0.25,1.06,C,1-0,-1,L,-1.0,D:\codex\v3_legacy\outputs\football_odds_trader\raw\titan007\20260921\20260921_081936_titan007_odds_snapshot.csv,SETTLED,110d59397c08628eeadf,RUN_20260920_215056,v4-market-dirichlet-20260913,2026-09-20T21:50:56+08:00,2026-09-20T21:50:56+08:00,2026-09-21T05:30:00+08:00,7.651,False,True
V4_SHADOW,2962640,2026-09-20,阿甲,贝尔格拉诺 vs 里奥夸尔托学生队,里奥夸尔托学生队,receiving,1.0,1.14,B,2-1,-1,P,0.0,D:\codex\v3_legacy\outputs\football_odds_trader\raw\titan007\20260921\20260921_081936_titan007_odds_snapshot.csv,SETTLED,496fcdbc822bf648cef6,RUN_20260920_215056,v4-market-dirichlet-20260913,2026-09-20T21:50:56+08:00,2026-09-20T21:50:56+08:00,2026-09-21T06:15:00+08:00,8.401,False,True
V4_SHADOW,2908802,2026-09-20,美职业,迈阿密国际 vs 圣地亚哥,圣地亚哥,receiving,1.25,1.06,C,2-2,-1,W,1.06,https://m.zhiyunsports.com/Analy/Analysis/2908802.htm,SETTLED,8c225fc7943bc1f443ff,RUN_20260920_215056,v4-market-dirichlet-20260913,2026-09-20T21:50:56+08:00,2026-09-20T21:50:56+08:00,2026-09-21T07:00:00+08:00,9.151,False,True
V4_SHADOW,2957055,2026-09-20,美女职,海湾FC女足 vs 路易维尔竞赛女足,路易维尔竞赛女足,receiving,0.5,1.0,C,2-0,-1,L,-1.0,https://www.racingloufc.com/news/2026/09/21/racing-drops-tough-road-decision-at-bay-fc/,SETTLED,3e2d0fa8f5116b722689,RUN_20260920_215056,v4-market-dirichlet-20260913,2026-09-20T21:50:56+08:00,2026-09-20T21:50:56+08:00,2026-09-21T07:05:00+08:00,9.234,False,True
V4_SHADOW,2997417,2026-09-20,墨西联秋,帕丘卡 vs 蒂华纳,帕丘卡,giving,-0.75,1.08,C,2-2,-1,L,-1.0,D:\codex\v3_legacy\outputs\football_odds_trader\raw\titan007\20260922\20260922_073940_titan007_odds_snapshot.csv,SETTLED,736bf611fec59f659519,RUN_20260920_215056,v4-market-dirichlet-20260913,2026-09-20T21:50:56+08:00,2026-09-20T21:50:56+08:00,2026-09-21T08:00:00+08:00,10.151,False,True
V4_SHADOW,2956828,2026-09-20,日职女甲,伊贺FC女足 vs FC爱媛女足,FC爱媛女足,receiving,1.0,0.97,C,2-3,-1,W,0.97,D:\codex\v3_legacy\outputs\football_odds_trader\raw\titan007\20260921\20260921_081936_titan007_odds_snapshot.csv,SETTLED,67c877e291359083037f,RUN_20260920_083909,v4-market-dirichlet-20260913,2026-09-20T08:39:10+08:00,2026-09-20T08:39:10+08:00,2026-09-20T12:00:00+08:00,3.347,False,True
V4_SHADOW,3000080,2026-09-20,日职乙,枥木市FC vs 仙台维加泰,仙台维加泰,giving,-0.5,1.04,C,1-3,-1,W,1.04,D:\codex\v3_legacy\outputs\football_odds_trader\raw\titan007\20260921\20260921_081936_titan007_odds_snapshot.csv,SETTLED,8a5a7c3f72b6b9c8b0ef,RUN_20260920_083909,v4-market-dirichlet-20260913,2026-09-20T08:39:10+08:00,2026-09-20T08:39:10+08:00,2026-09-20T16:00:00+08:00,7.347,False,True
V4_SHADOW,3001187,2026-09-20,日职丙,长野琶扼搂 vs FC岐阜,长野琶扼搂,receiving,0.5,1.0,C,1-0,-1,W,1.0,D:\codex\v3_legacy\outputs\football_odds_trader\raw\titan007\20260921\20260921_081936_titan007_odds_snapshot.csv,SETTLED,22f6d7bf59de62a642e3,RUN_20260920_083909,v4-market-dirichlet-20260913,2026-09-20T08:39:10+08:00,2026-09-20T08:39:10+08:00,2026-09-20T16:00:00+08:00,7.347,False,True
V4_SHADOW,3071096,2026-09-20,日足联,横滨体育 vs 布瑞欧碧卡浦安,横滨体育,receiving,0.25,1.0,C,5-2,-1,W,1.0,D:\codex\v3_legacy\outputs\football_odds_trader\raw\titan007\20260921\20260921_081936_titan007_odds_snapshot.csv,SETTLED,4e5a7d6fc2a10b2bf7c8,RUN_20260920_083909,v4-market-dirichlet-20260913,2026-09-20T08:39:10+08:00,2026-09-20T08:39:10+08:00,2026-09-20T16:00:00+08:00,7.347,False,True
V4_SHADOW,3062847,2026-09-20,印尼超,德瓦FC vs 斯乐门,斯乐门,receiving,1.0,1.01,C,2-1,-1,P,0.0,D:\codex\v3_legacy\outputs\football_odds_trader\raw\titan007\20260921\20260921_081936_titan007_odds_snapshot.csv,SETTLED,7d45b03c92fac9ddc2cd,RUN_20260920_083909,v4-market-dirichlet-20260913,2026-09-20T08:39:10+08:00,2026-09-20T08:39:10+08:00,2026-09-20T16:30:00+08:00,7.847,False,True
V4_SHADOW,3082973,2026-09-20,西协乙4,力纳雷斯体育会 vs 拉斯彭马斯竞技,拉斯彭马斯竞技,receiving,0.25,1.11,C,0-1,-1,W,1.11,D:\codex\v3_legacy\outputs\football_odds_trader\raw\titan007\20260921\20260921_081936_titan007_odds_snapshot.csv,SETTLED,f9105e5420db197bf0e8,RUN_20260920_083909,v4-market-dirichlet-20260913,2026-09-20T08:39:10+08:00,2026-09-20T08:39:10+08:00,2026-09-20T17:30:00+08:00,8.847,False,True
V4_SHADOW,2929734,2026-09-20,韩K联,浦项制铁 vs FC首尔,浦项制铁,receiving,0.5,1.03,C,2-1,-1,W,1.03,D:\codex\v3_legacy\outputs\football_odds_trader\raw\titan007\20260921\20260921_081936_titan007_odds_snapshot.csv,SETTLED,354655e0171fe8c01925,RUN_20260920_083909,v4-market-dirichlet-20260913,2026-09-20T08:39:10+08:00,2026-09-20T08:39:10+08:00,2026-09-20T18:00:00+08:00,9.347,False,True
V4_SHADOW,2996157,2026-09-20,荷甲,费耶诺德 vs 乌德勒支,费耶诺德,giving,-1.75,0.94,C,5-0,-1,W,0.94,D:\codex\v3_legacy\outputs\football_odds_trader\raw\titan007\20260921\20260921_081936_titan007_odds_snapshot.csv,SETTLED,42d95ed7c136627c8ac1,RUN_20260920_083909,v4-market-dirichlet-20260913,2026-09-20T08:39:10+08:00,2026-09-20T08:39:10+08:00,2026-09-20T18:15:00+08:00,9.597,False,True
V4_SHADOW,3019138,2026-09-20,德乙,科特布斯 vs 圣保利,科特布斯,receiving,0.25,1.02,C,1-1,-1,HW,0.51,D:\codex\v3_legacy\outputs\football_odds_trader\raw\titan007\20260921\20260921_081936_titan007_odds_snapshot.csv,SETTLED,71cf23ca4383a6cd79f1,RUN_20260920_083909,v4-market-dirichlet-20260913,2026-09-20T08:39:10+08:00,2026-09-20T08:39:10+08:00,2026-09-20T19:30:00+08:00,10.847,False,True
V4_SHADOW,3019140,2026-09-20,德乙,汉诺威96 vs 波鸿,汉诺威96,giving,-0.75,1.05,C,2-1,-1,HW,0.525,D:\codex\v3_legacy\outputs\football_odds_trader\raw\titan007\20260921\20260921_081936_titan007_odds_snapshot.csv,SETTLED,9df9f2c232a501b75357,RUN_20260920_083909,v4-market-dirichlet-20260913,2026-09-20T08:39:10+08:00,2026-09-20T08:39:10+08:00,2026-09-20T19:30:00+08:00,10.847,False,True
V4_SHADOW,2912278,2026-09-20,瑞典超,哈尔姆斯塔德 vs 索尔纳,哈尔姆斯塔德,receiving,0.25,1.04,C,2-1,-1,W,1.04,D:\codex\v3_legacy\outputs\football_odds_trader\raw\titan007\20260921\20260921_081936_titan007_odds_snapshot.csv,SETTLED,5d6bd4f309eeaf8b3542,RUN_20260920_083909,v4-market-dirichlet-20260913,2026-09-20T08:39:10+08:00,2026-09-20T08:39:10+08:00,2026-09-20T20:00:00+08:00,11.347,False,True
