version,list_date,match_id,kickoff_at,morning_decision_id,morning_run_id,morning_baseline_type,latest_prematch_decision_id,latest_run_id,direction_changed,candidate_team_changed,line_changed,water_changed,action_or_grade_changed,ev_changed,p_ev_positive_changed,transition
V3,2026-09-16,3072984,2026-09-17T06:00:00+08:00,85c12c4770669fb99cdb,RUN_20260916_072846,MORNING_BASELINE,85c12c4770669fb99cdb,RUN_20260916_072846,False,False,False,False,False,False,False,保持
V3,2026-09-16,3072642,2026-09-17T06:00:00+08:00,f87900a11cc25cb1f297,RUN_20260916_072846,MORNING_BASELINE,f87900a11cc25cb1f297,RUN_20260916_072846,False,False,False,False,False,False,False,保持
V3,2026-09-16,2942617,2026-09-17T06:00:00+08:00,07929e28b739315c0f38,RUN_20260916_072846,MORNING_BASELINE,07929e28b739315c0f38,RUN_20260916_072846,False,False,False,False,False,False,False,保持
V3,2026-09-16,3069962,2026-09-17T06:00:00+08:00,5e37120c9dc2edabfd12,RUN_20260916_072846,MORNING_BASELINE,5e37120c9dc2edabfd12,RUN_20260916_072846,False,False,False,False,False,False,False,保持
V3,2026-09-16,3085728,2026-09-17T06:00:00+08:00,813d4501b6be35e1e921,RUN_20260916_072846,MORNING_BASELINE,813d4501b6be35e1e921,RUN_20260916_072846,False,False,False,False,False,False,False,保持
V3,2026-09-16,2910828,2026-09-17T06:30:00+08:00,e8a8aa09d7c6249bcf66,RUN_20260916_072846,MORNING_BASELINE,e8a8aa09d7c6249bcf66,RUN_20260916_072846,False,False,False,False,False,False,False,保持
V3,2026-09-16,2955373,2026-09-17T07:00:00+08:00,bb5be5896f3af555607d,RUN_20260916_072846,MORNING_BASELINE,bb5be5896f3af555607d,RUN_20260916_072846,False,False,False,False,False,False,False,保持
V3,2026-09-16,2955377,2026-09-17T07:00:00+08:00,158411316cbe4b574683,RUN_20260916_072846,MORNING_BASELINE,158411316cbe4b574683,RUN_20260916_072846,False,False,False,False,False,False,False,保持
V3,2026-09-16,2955374,2026-09-17T07:30:00+08:00,6c87e3c0cf842b659250,RUN_20260916_072846,MORNING_BASELINE,6c87e3c0cf842b659250,RUN_20260916_072846,False,False,False,False,False,False,False,保持
V3,2026-09-16,3069173,2026-09-17T08:00:00+08:00,af28b6561cb726cec6cc,RUN_20260916_072846,MORNING_BASELINE,af28b6561cb726cec6cc,RUN_20260916_072846,False,False,False,False,False,False,False,保持
V3,2026-09-16,3085190,2026-09-17T08:30:00+08:00,29be6052cee1f1fb694f,RUN_20260916_072846,MORNING_BASELINE,29be6052cee1f1fb694f,RUN_20260916_072846,False,False,False,False,False,False,False,保持
V3,2026-09-16,3059140,2026-09-17T08:30:00+08:00,40d8efe7bee6ee9d3afd,RUN_20260916_072846,MORNING_BASELINE,40d8efe7bee6ee9d3afd,RUN_20260916_072846,False,False,False,False,False,False,False,保持
V3,2026-09-16,2942514,2026-09-17T08:30:00+08:00,687e22d18e45bf9cbbf1,RUN_20260916_072846,MORNING_BASELINE,687e22d18e45bf9cbbf1,RUN_20260916_072846,False,False,False,False,False,False,False,保持
V3,2026-09-16,3069961,2026-09-17T08:30:00+08:00,91b29a6136c7530ca4bb,RUN_20260916_072846,MORNING_BASELINE,91b29a6136c7530ca4bb,RUN_20260916_072846,False,False,False,False,False,False,False,保持
V3,2026-09-16,2955372,2026-09-17T09:00:00+08:00,c6feffb6a52ba4eb3996,RUN_20260916_072846,MORNING_BASELINE,c6feffb6a52ba4eb3996,RUN_20260916_072846,False,False,False,False,False,False,False,保持
V3,2026-09-16,3011884,2026-09-17T09:20:00+08:00,d3513ba4da74eb67977d,RUN_20260916_072846,MORNING_BASELINE,d3513ba4da74eb67977d,RUN_20260916_072846,False,False,False,False,False,False,False,保持
V3,2026-09-16,3058272,2026-09-17T09:30:00+08:00,6b4422de7109fa5a80b0,RUN_20260916_072846,MORNING_BASELINE,6b4422de7109fa5a80b0,RUN_20260916_072846,False,False,False,False,False,False,False,保持
V4,2026-09-16,3090251,2026-09-17T05:00:00+08:00,34776046e694b56e22f3,RUN_20260916_072846,MORNING_BASELINE,34776046e694b56e22f3,RUN_20260916_072846,False,False,False,False,False,False,False,保持
V4,2026-09-16,3069962,2026-09-17T06:00:00+08:00,d0c0a2f68b9ac2946e81,RUN_20260916_072846,MORNING_BASELINE,d0c0a2f68b9ac2946e81,RUN_20260916_072846,False,False,False,False,False,False,False,保持
V4,2026-09-16,3072984,2026-09-17T06:00:00+08:00,a55cec623f7f58fb6c00,RUN_20260916_072846,MORNING_BASELINE,a55cec623f7f58fb6c00,RUN_20260916_072846,False,False,False,False,False,False,False,保持
V4,2026-09-16,3090249,2026-09-17T06:00:00+08:00,976f0da43ba62a2e7831,RUN_20260916_072846,MORNING_BASELINE,976f0da43ba62a2e7831,RUN_20260916_072846,False,False,False,False,False,False,False,保持
V4,2026-09-16,3090250,2026-09-17T06:00:00+08:00,df8b2af43056b4e57c25,RUN_20260916_072846,MORNING_BASELINE,df8b2af43056b4e57c25,RUN_20260916_072846,False,False,False,False,False,False,False,保持
V4,2026-09-16,3059139,2026-09-17T06:00:00+08:00,d646b48afeaaf156c830,RUN_20260916_072846,MORNING_BASELINE,d646b48afeaaf156c830,RUN_20260916_072846,False,False,False,False,False,False,False,保持
V4,2026-09-16,2942617,2026-09-17T06:00:00+08:00,d21d79c5b590e5fab638,RUN_20260916_072846,MORNING_BASELINE,d21d79c5b590e5fab638,RUN_20260916_072846,False,False,False,False,False,False,False,保持
V4,2026-09-16,3085728,2026-09-17T06:00:00+08:00,0973971c8b7d6a6d8a5c,RUN_20260916_072846,MORNING_BASELINE,0973971c8b7d6a6d8a5c,RUN_20260916_072846,False,False,False,False,False,False,False,保持
V4,2026-09-16,2910828,2026-09-17T06:30:00+08:00,6c78cd3e2d8f95c5abb8,RUN_20260916_072846,MORNING_BASELINE,6c78cd3e2d8f95c5abb8,RUN_20260916_072846,False,False,False,False,False,False,False,保持
V4,2026-09-16,2989400,2026-09-17T07:00:00+08:00,f51be8ba7be6d19ae6fe,RUN_20260916_072846,MORNING_BASELINE,f51be8ba7be6d19ae6fe,RUN_20260916_072846,False,False,False,False,False,False,False,保持
V4,2026-09-16,3089099,2026-09-17T07:00:00+08:00,4b1d000adc6bd25331e6,RUN_20260916_072846,MORNING_BASELINE,4b1d000adc6bd25331e6,RUN_20260916_072846,False,False,False,False,False,False,False,保持
V4,2026-09-16,2955373,2026-09-17T07:00:00+08:00,5b25d1b0383d1335ba1a,RUN_20260916_072846,MORNING_BASELINE,5b25d1b0383d1335ba1a,RUN_20260916_072846,False,False,False,False,False,False,False,保持
V4,2026-09-16,2955377,2026-09-17T07:00:00+08:00,61ddaef8bb71750d38a7,RUN_20260916_072846,MORNING_BASELINE,61ddaef8bb71750d38a7,RUN_20260916_072846,False,False,False,False,False,False,False,保持
V4,2026-09-16,3090247,2026-09-17T07:30:00+08:00,26e4b39f243169a8d9e4,RUN_20260916_072846,MORNING_BASELINE,26e4b39f243169a8d9e4,RUN_20260916_072846,False,False,False,False,False,False,False,保持
V4,2026-09-16,2955374,2026-09-17T07:30:00+08:00,53bd65adbd3bd8712d2a,RUN_20260916_072846,MORNING_BASELINE,53bd65adbd3bd8712d2a,RUN_20260916_072846,False,False,False,False,False,False,False,保持
V4,2026-09-16,3069961,2026-09-17T08:30:00+08:00,2daeef5e901fbedaa3ee,RUN_20260916_072846,MORNING_BASELINE,2daeef5e901fbedaa3ee,RUN_20260916_072846,False,False,False,False,False,False,False,保持
V4,2026-09-16,3059140,2026-09-17T08:30:00+08:00,fff33c4eed6f92f106f9,RUN_20260916_072846,MORNING_BASELINE,fff33c4eed6f92f106f9,RUN_20260916_072846,False,False,False,False,False,False,False,保持
V4,2026-09-16,2942514,2026-09-17T08:30:00+08:00,13d42f3c00e0d0668744,RUN_20260916_072846,MORNING_BASELINE,13d42f3c00e0d0668744,RUN_20260916_072846,False,False,False,False,False,False,False,保持
V4,2026-09-16,3085190,2026-09-17T08:30:00+08:00,b9d9ec965626c1263d68,RUN_20260916_072846,MORNING_BASELINE,b9d9ec965626c1263d68,RUN_20260916_072846,False,False,False,False,False,False,False,保持
V4,2026-09-16,2955372,2026-09-17T09:00:00+08:00,9c33bf1626808eee2544,RUN_20260916_072846,MORNING_BASELINE,9c33bf1626808eee2544,RUN_20260916_072846,False,False,False,False,False,False,False,保持
V4,2026-09-16,3011884,2026-09-17T09:20:00+08:00,7130c3e4eec6174f24ee,RUN_20260916_072846,MORNING_BASELINE,7130c3e4eec6174f24ee,RUN_20260916_072846,False,False,False,False,False,False,False,保持
V4,2026-09-16,2989399,2026-09-17T09:30:00+08:00,06cd9f7b40a21d48fced,RUN_20260916_072846,MORNING_BASELINE,06cd9f7b40a21d48fced,RUN_20260916_072846,False,False,False,False,False,False,False,保持
