list_date,match_id,version,competition,match,fact_score,known_at_decision,new_after_decision,process_gap,error_hypothesis,preventability,evidence_confidence,research_hypothesis,review_status,decision_at,decision_hash,original_action_or_grade
2026-09-24,2781224,V3,欧青U21外,圣马力诺U21 vs 科索沃U21,,not reconstructed from future result,,,UNKNOWN,unknown,low,,PENDING_RESULT,,,
2026-09-24,2781224,V4,欧青U21外,圣马力诺U21 vs 科索沃U21,,not reconstructed from future result,,,UNKNOWN,unknown,low,,PENDING_RESULT,2026-09-24T07:53:30.654466+08:00,884e3655d35df86980d4,
2026-09-24,2781405,V3,欧青U21外,比利时U21 vs 白俄罗斯U21,,not reconstructed from future result,,,UNKNOWN,unknown,low,,PENDING_RESULT,,,
2026-09-24,2781405,V4,欧青U21外,比利时U21 vs 白俄罗斯U21,,not reconstructed from future result,,,UNKNOWN,unknown,low,,PENDING_RESULT,2026-09-24T07:53:30.654466+08:00,05e97d0a6315e2233725,N
2026-09-24,2926994,V3,瑞典丙VG,康加哈拉 vs 林多米,,not reconstructed from future result,,,UNKNOWN,unknown,low,,PENDING_RESULT,,,
2026-09-24,2926994,V4,瑞典丙VG,康加哈拉 vs 林多米,,not reconstructed from future result,,,UNKNOWN,unknown,low,,PENDING_RESULT,2026-09-24T07:53:30.654466+08:00,617801689b35b463cd2e,
2026-09-24,2955881,V3,瑞青超北,布洛马波卡纳U21 vs IFK诺科平U21,,not reconstructed from future result,,,UNKNOWN,unknown,low,,PENDING_RESULT,,,
2026-09-24,2955881,V4,瑞青超北,布洛马波卡纳U21 vs IFK诺科平U21,,not reconstructed from future result,,,UNKNOWN,unknown,low,,PENDING_RESULT,2026-09-24T07:53:30.654466+08:00,505a33ba0cb89d8f1e8e,
2026-09-24,2981425,V3,欧国联,荷兰 vs 德国,,not reconstructed from future result,,,UNKNOWN,unknown,low,,PENDING_RESULT,,,
2026-09-24,2981425,V4,欧国联,荷兰 vs 德国,,not reconstructed from future result,,,UNKNOWN,unknown,low,,PENDING_RESULT,2026-09-24T07:53:30.654466+08:00,313638130fe812add954,N
2026-09-24,2981426,V3,欧国联,塞尔维亚 vs 希腊,,not reconstructed from future result,,,UNKNOWN,unknown,low,,PENDING_RESULT,,,
2026-09-24,2981426,V4,欧国联,塞尔维亚 vs 希腊,,not reconstructed from future result,,,UNKNOWN,unknown,low,,PENDING_RESULT,2026-09-24T07:53:30.654466+08:00,94dc0f970b94b197359a,
2026-09-24,2981427,V3,欧国联,葡萄牙 vs 威尔士,,not reconstructed from future result,,,UNKNOWN,unknown,low,,PENDING_RESULT,,,
2026-09-24,2981427,V4,欧国联,葡萄牙 vs 威尔士,,not reconstructed from future result,,,UNKNOWN,unknown,low,,PENDING_RESULT,2026-09-24T07:53:30.654466+08:00,d0163520bd6ccca94d47,B
2026-09-24,2981428,V3,欧国联,挪威 vs 丹麦,,not reconstructed from future result,,,UNKNOWN,unknown,low,,PENDING_RESULT,,,
2026-09-24,2981428,V4,欧国联,挪威 vs 丹麦,,not reconstructed from future result,,,UNKNOWN,unknown,low,,PENDING_RESULT,2026-09-24T07:53:30.654466+08:00,366805fd3d05a3ccb63d,N
2026-09-24,2981475,V3,欧国联,奥地利 vs 以色列,,not reconstructed from future result,,,UNKNOWN,unknown,low,,PENDING_RESULT,,,
2026-09-24,2981475,V4,欧国联,奥地利 vs 以色列,,not reconstructed from future result,,,UNKNOWN,unknown,low,,PENDING_RESULT,2026-09-24T07:53:30.654466+08:00,7b440e5da67b55f92d7a,N
2026-09-24,2981476,V3,欧国联,科索沃 vs 爱尔兰,,not reconstructed from future result,,,UNKNOWN,unknown,low,,PENDING_RESULT,,,
2026-09-24,2981476,V4,欧国联,科索沃 vs 爱尔兰,,not reconstructed from future result,,,UNKNOWN,unknown,low,,PENDING_RESULT,2026-09-24T07:53:30.654466+08:00,8d214fcf44cad49753a4,C
2026-09-24,2981571,V3,欧国联,安道尔 vs 马耳他,,not reconstructed from future result,,,UNKNOWN,unknown,low,,PENDING_RESULT,,,
2026-09-24,2981571,V4,欧国联,安道尔 vs 马耳他,,not reconstructed from future result,,,UNKNOWN,unknown,low,,PENDING_RESULT,2026-09-24T07:53:30.654466+08:00,369e3052103d69438f00,N
2026-09-24,2981572,V3,欧国联,列支敦士登 vs 立陶宛,,not reconstructed from future result,,,UNKNOWN,unknown,low,,PENDING_RESULT,,,
2026-09-24,2981572,V4,欧国联,列支敦士登 vs 立陶宛,,not reconstructed from future result,,,UNKNOWN,unknown,low,,PENDING_RESULT,2026-09-24T07:53:30.654466+08:00,c6ec7d97eef0c2ecb9f0,N
2026-09-24,3001020,V3,非洲杯,科特迪瓦 vs 加纳,,not reconstructed from future result,,,UNKNOWN,unknown,low,,PENDING_RESULT,2026-09-24T07:53:30+08:00,94a372615f4ad951e7db,不投
2026-09-24,3001020,V4,非洲杯,科特迪瓦 vs 加纳,,not reconstructed from future result,,,UNKNOWN,unknown,low,,PENDING_RESULT,2026-09-24T07:53:30.654466+08:00,d6df7f80c27d5ecff6c5,N
2026-09-24,3001044,V3,非洲杯,塞拉利昂 vs 津巴布韦,,not reconstructed from future result,,,UNKNOWN,unknown,low,,PENDING_RESULT,2026-09-24T07:53:30+08:00,1f8e1360e566becbc689,不投
2026-09-24,3001044,V4,非洲杯,塞拉利昂 vs 津巴布韦,,not reconstructed from future result,,,UNKNOWN,unknown,low,,PENDING_RESULT,2026-09-24T07:53:30.654466+08:00,fc6372335fad8eb3fd3d,N
2026-09-24,3001045,V3,非洲杯,刚果民主共和国 vs 赤道几内亚,,not reconstructed from future result,,,UNKNOWN,unknown,low,,PENDING_RESULT,2026-09-24T07:53:30+08:00,88e62b6b521d9a937a7c,不投
2026-09-24,3001045,V4,非洲杯,刚果民主共和国 vs 赤道几内亚,,not reconstructed from future result,,,UNKNOWN,unknown,low,,PENDING_RESULT,2026-09-24T07:53:30.654466+08:00,5554381addba613c1537,
2026-09-24,3001056,V3,非洲杯,毛里塔尼亚 vs 中非共和国,,not reconstructed from future result,,,UNKNOWN,unknown,low,,PENDING_RESULT,2026-09-24T07:53:30+08:00,97907b2d28ad2d97b79d,不投
2026-09-24,3001056,V4,非洲杯,毛里塔尼亚 vs 中非共和国,,not reconstructed from future result,,,UNKNOWN,unknown,low,,PENDING_RESULT,2026-09-24T07:53:30.654466+08:00,3d28cfe512417c30d71f,N
2026-09-24,3001068,V3,非洲杯,纳米比亚 vs 刚果共和国,,not reconstructed from future result,,,UNKNOWN,unknown,low,,PENDING_RESULT,2026-09-24T07:53:30+08:00,1c3b12cb26fc2caaed71,不投
2026-09-24,3001068,V4,非洲杯,纳米比亚 vs 刚果共和国,,not reconstructed from future result,,,UNKNOWN,unknown,low,,PENDING_RESULT,2026-09-24T07:53:30.654466+08:00,ae9e44a7d793dead1d72,
2026-09-24,3001069,V3,非洲杯,喀麦隆 vs 科摩罗,,not reconstructed from future result,,,UNKNOWN,unknown,low,,PENDING_RESULT,2026-09-24T07:53:30+08:00,fd1b3ce74e5ba9fcc61c,不投
2026-09-24,3001069,V4,非洲杯,喀麦隆 vs 科摩罗,,not reconstructed from future result,,,UNKNOWN,unknown,low,,PENDING_RESULT,2026-09-24T07:53:30.654466+08:00,00e6a5190e2c16919568,N
2026-09-24,3001080,V3,非洲杯,利比亚 vs 博茨瓦纳,,not reconstructed from future result,,,UNKNOWN,unknown,low,,PENDING_RESULT,2026-09-24T07:53:30+08:00,a93643f0738993f73343,不投
2026-09-24,3001080,V4,非洲杯,利比亚 vs 博茨瓦纳,,not reconstructed from future result,,,UNKNOWN,unknown,low,,PENDING_RESULT,2026-09-24T07:53:30.654466+08:00,fa4cad22cb3032645a84,
2026-09-24,3001081,V3,非洲杯,突尼斯 vs 乌干达,,not reconstructed from future result,,,UNKNOWN,unknown,low,,PENDING_RESULT,2026-09-24T07:53:30+08:00,79d9cc6442723d505646,可投
2026-09-24,3001081,V4,非洲杯,突尼斯 vs 乌干达,,not reconstructed from future result,,,UNKNOWN,unknown,low,,PENDING_RESULT,2026-09-24T07:53:30.654466+08:00,6a52f429a4098ffe5791,
2026-09-24,3001835,V3,以甲,阿卡夏普尔 vs 阿富拉夏普尔,,not reconstructed from future result,,,UNKNOWN,unknown,low,,PENDING_RESULT,,,
2026-09-24,3001835,V4,以甲,阿卡夏普尔 vs 阿富拉夏普尔,,not reconstructed from future result,,,UNKNOWN,unknown,low,,PENDING_RESULT,2026-09-24T07:53:30.654466+08:00,399bd7e5285d9e6f44e9,N
2026-09-24,3001836,V3,以甲,法萨巴夏普尔 vs 特拉维夫叶胡达,,not reconstructed from future result,,,UNKNOWN,unknown,low,,PENDING_RESULT,,,
2026-09-24,3001836,V4,以甲,法萨巴夏普尔 vs 特拉维夫叶胡达,,not reconstructed from future result,,,UNKNOWN,unknown,low,,PENDING_RESULT,2026-09-24T07:53:30.654466+08:00,ec1f63360c0b08055713,
2026-09-24,3001837,V3,以甲,夏雷姆 vs 卡比利奥马卡比,,not reconstructed from future result,,,UNKNOWN,unknown,low,,PENDING_RESULT,,,
2026-09-24,3001837,V4,以甲,夏雷姆 vs 卡比利奥马卡比,,not reconstructed from future result,,,UNKNOWN,unknown,low,,PENDING_RESULT,2026-09-24T07:53:30.654466+08:00,f98c0f6b7dec8a7a9a2a,
2026-09-24,3001838,V3,以甲,里雄莱锡安夏普尔 vs 阿基纳扎力,,not reconstructed from future result,,,UNKNOWN,unknown,low,,PENDING_RESULT,,,
2026-09-24,3001838,V4,以甲,里雄莱锡安夏普尔 vs 阿基纳扎力,,not reconstructed from future result,,,UNKNOWN,unknown,low,,PENDING_RESULT,2026-09-24T07:53:30.654466+08:00,1743027f7ab88e62b785,
2026-09-24,3001839,V3,以甲,莫迪恩 vs 阿舒多,,not reconstructed from future result,,,UNKNOWN,unknown,low,,PENDING_RESULT,,,
2026-09-24,3001839,V4,以甲,莫迪恩 vs 阿舒多,,not reconstructed from future result,,,UNKNOWN,unknown,low,,PENDING_RESULT,2026-09-24T07:53:30.654466+08:00,5fcab4df7de29942899d,N
2026-09-24,3001840,V3,以甲,凯尔耶特 vs 卡法尔卡瑟姆,,not reconstructed from future result,,,UNKNOWN,unknown,low,,PENDING_RESULT,,,
2026-09-24,3001840,V4,以甲,凯尔耶特 vs 卡法尔卡瑟姆,,not reconstructed from future result,,,UNKNOWN,unknown,low,,PENDING_RESULT,2026-09-24T07:53:30.654466+08:00,b99484ad4533d6218df9,
2026-09-24,3001841,V3,以甲,麦卡比 vs 拉那那夏普尔,,not reconstructed from future result,,,UNKNOWN,unknown,low,,PENDING_RESULT,,,
2026-09-24,3001841,V4,以甲,麦卡比 vs 拉那那夏普尔,,not reconstructed from future result,,,UNKNOWN,unknown,low,,PENDING_RESULT,2026-09-24T07:53:30.654466+08:00,4f61da39611954d4acfc,
2026-09-24,3001842,V3,以甲,赫兹立亚马卡比 vs 奇亚亚蒙SC,,not reconstructed from future result,,,UNKNOWN,unknown,low,,PENDING_RESULT,,,
2026-09-24,3001842,V4,以甲,赫兹立亚马卡比 vs 奇亚亚蒙SC,,not reconstructed from future result,,,UNKNOWN,unknown,low,,PENDING_RESULT,2026-09-24T07:53:30.654466+08:00,90298e6719eb540c2957,
2026-09-24,3005658,V3,北马其乙,普拉奇科维察 vs 奥赫里德,,not reconstructed from future result,,,UNKNOWN,unknown,low,,PENDING_RESULT,,,
2026-09-24,3005658,V4,北马其乙,普拉奇科维察 vs 奥赫里德,,not reconstructed from future result,,,UNKNOWN,unknown,low,,PENDING_RESULT,2026-09-24T07:53:30.654466+08:00,cf5f38e82503ddf871d0,
2026-09-24,3005664,V3,北马其乙,特特斯 vs 拉布历基,,not reconstructed from future result,,,UNKNOWN,unknown,low,,PENDING_RESULT,,,
2026-09-24,3005664,V4,北马其乙,特特斯 vs 拉布历基,,not reconstructed from future result,,,UNKNOWN,unknown,low,,PENDING_RESULT,2026-09-24T07:53:30.654466+08:00,d5e1f3d081b5c081d3e8,
2026-09-24,3011292,V3,危地甲春,穆尼斯帕尔 vs 苏奇特佩基,,not reconstructed from future result,,,UNKNOWN,unknown,low,,PENDING_RESULT,,,
2026-09-24,3011292,V4,危地甲春,穆尼斯帕尔 vs 苏奇特佩基,,not reconstructed from future result,,,UNKNOWN,unknown,low,,PENDING_RESULT,2026-09-24T07:53:30.654466+08:00,a52254eab7f507f82496,
2026-09-24,3011868,V3,哥伦甲秋,国民竞技 vs 百万富翁,,not reconstructed from future result,,,UNKNOWN,unknown,low,,PENDING_RESULT,2026-09-24T07:53:30+08:00,4a10279047e01c2e7e65,不投
2026-09-24,3011868,V4,哥伦甲秋,国民竞技 vs 百万富翁,,not reconstructed from future result,,,UNKNOWN,unknown,low,,PENDING_RESULT,2026-09-24T07:53:30.654466+08:00,ca6deebcfbcefb961da5,C
2026-09-24,3020010,V3,法丙,卡昂 vs 鲁昂,,not reconstructed from future result,,,UNKNOWN,unknown,low,,PENDING_RESULT,2026-09-24T07:53:30+08:00,e75e7c346ba002b77483,不投
2026-09-24,3020010,V4,法丙,卡昂 vs 鲁昂,,not reconstructed from future result,,,UNKNOWN,unknown,low,,PENDING_RESULT,2026-09-24T07:53:30.654466+08:00,bf4918f4f5e1aa047c1f,
2026-09-24,3024462,V3,墨西甲春,瓦哈卡 vs 拉巴斯竞技,,not reconstructed from future result,,,UNKNOWN,unknown,low,,PENDING_RESULT,,,
2026-09-24,3024462,V4,墨西甲春,瓦哈卡 vs 拉巴斯竞技,,not reconstructed from future result,,,UNKNOWN,unknown,low,,PENDING_RESULT,2026-09-24T07:53:30.654466+08:00,405243f5a6af41bd62c3,C
2026-09-24,3024465,V3,墨西甲春,扎卡特卡斯 vs 皮拉塔斯,,not reconstructed from future result,,,UNKNOWN,unknown,low,,PENDING_RESULT,,,
2026-09-24,3024465,V4,墨西甲春,扎卡特卡斯 vs 皮拉塔斯,,not reconstructed from future result,,,UNKNOWN,unknown,low,,PENDING_RESULT,2026-09-24T07:53:30.654466+08:00,d444d7f17afe87835c62,N
2026-09-24,3064935,V3,阿曼杯,阿曼FC vs 苏尔,,not reconstructed from future result,,,UNKNOWN,unknown,low,,PENDING_RESULT,2026-09-24T07:53:30+08:00,97f9ca81a5524b013462,不投
2026-09-24,3064935,V4,阿曼杯,阿曼FC vs 苏尔,,not reconstructed from future result,,,UNKNOWN,unknown,low,,PENDING_RESULT,2026-09-24T07:53:30.654466+08:00,26bd0b9d4b5fcc3726de,N
2026-09-24,3064947,V3,阿曼杯,沙尔俱乐部 vs 锡卜,,not reconstructed from future result,,,UNKNOWN,unknown,low,,PENDING_RESULT,2026-09-24T07:53:30+08:00,a65bb7a84c9224812eb1,不投
2026-09-24,3064947,V4,阿曼杯,沙尔俱乐部 vs 锡卜,,not reconstructed from future result,,,UNKNOWN,unknown,low,,PENDING_RESULT,2026-09-24T07:53:30.654466+08:00,51fd3bf86c4fbab21791,N
2026-09-24,3068585,V3,爱沙杯,爱尔华 vs 卡勒威,,not reconstructed from future result,,,UNKNOWN,unknown,low,,PENDING_RESULT,2026-09-24T07:53:30+08:00,ba5a97592a3bb5c35a7f,不投
2026-09-24,3068585,V4,爱沙杯,爱尔华 vs 卡勒威,,not reconstructed from future result,,,UNKNOWN,unknown,low,,PENDING_RESULT,2026-09-24T07:53:30.654466+08:00,aa553a6972d34b6e7da6,N
2026-09-24,3068923,V3,厄瓜杯,瓜拉塞奥 vs 山谷独立,,not reconstructed from future result,,,UNKNOWN,unknown,low,,PENDING_RESULT,2026-09-24T07:53:30+08:00,678eba3c46132bfeab1b,不投
2026-09-24,3068923,V4,厄瓜杯,瓜拉塞奥 vs 山谷独立,,not reconstructed from future result,,,UNKNOWN,unknown,low,,PENDING_RESULT,2026-09-24T07:53:30.654466+08:00,39856d24ac36a6ddf10d,
2026-09-24,3069125,V3,丹后备西,瓦埃勒后备队 vs 欧登塞后备队,,not reconstructed from future result,,,UNKNOWN,unknown,low,,PENDING_RESULT,,,
2026-09-24,3069125,V4,丹后备西,瓦埃勒后备队 vs 欧登塞后备队,,not reconstructed from future result,,,UNKNOWN,unknown,low,,PENDING_RESULT,2026-09-24T07:53:30.654466+08:00,6a195dd9e170ee8c3138,
2026-09-24,3071528,V3,北马其杯,莫基拉 vs 阿尔西米,,not reconstructed from future result,,,UNKNOWN,unknown,low,,PENDING_RESULT,2026-09-24T07:53:30+08:00,f58dd73ced2c10bf2d8b,不投
2026-09-24,3071528,V4,北马其杯,莫基拉 vs 阿尔西米,,not reconstructed from future result,,,UNKNOWN,unknown,low,,PENDING_RESULT,2026-09-24T07:53:30.654466+08:00,e844def599925558f390,
2026-09-24,3071529,V3,北马其杯,克罗斯比托拉 vs 蒂克韦什,,not reconstructed from future result,,,UNKNOWN,unknown,low,,PENDING_RESULT,2026-09-24T07:53:30+08:00,5d4cde0765697941dbb3,不投
2026-09-24,3071529,V4,北马其杯,克罗斯比托拉 vs 蒂克韦什,,not reconstructed from future result,,,UNKNOWN,unknown,low,,PENDING_RESULT,2026-09-24T07:53:30.654466+08:00,bf45b14d5930f8b98b4f,
2026-09-24,3071634,V3,乌拉杯,丹奴比奥 vs 佩纳罗尔,,not reconstructed from future result,,,UNKNOWN,unknown,low,,PENDING_RESULT,2026-09-24T07:53:30+08:00,cddf7921aaa2ed289940,不投
2026-09-24,3071634,V4,乌拉杯,丹奴比奥 vs 佩纳罗尔,,not reconstructed from future result,,,UNKNOWN,unknown,low,,PENDING_RESULT,2026-09-24T07:53:30.654466+08:00,58516b9292d8a2449698,N
2026-09-24,3071635,V3,乌拉杯,图尔克 vs 阿特纳斯,,not reconstructed from future result,,,UNKNOWN,unknown,low,,PENDING_RESULT,2026-09-24T07:53:30+08:00,3c5cf42a2d467ed9eade,不投
2026-09-24,3071635,V4,乌拉杯,图尔克 vs 阿特纳斯,,not reconstructed from future result,,,UNKNOWN,unknown,low,,PENDING_RESULT,2026-09-24T07:53:30.654466+08:00,fe03a054c10a196565b2,N
2026-09-24,3071679,V3,厄瓜乙,竞技足球会 vs 库恩卡青年,,not reconstructed from future result,,,UNKNOWN,unknown,low,,PENDING_RESULT,,,
2026-09-24,3071679,V4,厄瓜乙,竞技足球会 vs 库恩卡青年,,not reconstructed from future result,,,UNKNOWN,unknown,low,,PENDING_RESULT,2026-09-24T07:53:30.654466+08:00,0ac5db2d3934bce3bfb6,
2026-09-24,3071680,V3,厄瓜乙,CD独立青年 vs 库尼布洛FC,,not reconstructed from future result,,,UNKNOWN,unknown,low,,PENDING_RESULT,,,
2026-09-24,3071680,V4,厄瓜乙,CD独立青年 vs 库尼布洛FC,,not reconstructed from future result,,,UNKNOWN,unknown,low,,PENDING_RESULT,2026-09-24T07:53:30.654466+08:00,87dcd69646cb7b042491,
2026-09-24,3071711,V3,厄瓜乙降,波图维耶霍 vs 七月二十二队,,not reconstructed from future result,,,UNKNOWN,unknown,low,,PENDING_RESULT,,,
2026-09-24,3071711,V4,厄瓜乙降,波图维耶霍 vs 七月二十二队,,not reconstructed from future result,,,UNKNOWN,unknown,low,,PENDING_RESULT,2026-09-24T07:53:30.654466+08:00,f60718667d29412249cc,
2026-09-24,3074630,V3,以乙北,米格代尔哈曼 vs 拿撒勒伊里特夏普尔,,not reconstructed from future result,,,UNKNOWN,unknown,low,,PENDING_RESULT,,,
2026-09-24,3074630,V4,以乙北,米格代尔哈曼 vs 拿撒勒伊里特夏普尔,,not reconstructed from future result,,,UNKNOWN,unknown,low,,PENDING_RESULT,2026-09-24T07:53:30.654466+08:00,51290d21ff2edab98b64,
2026-09-24,3074632,V3,以乙北,马卡比艾哈迈德 vs 哈帕拉奥伊罗,,not reconstructed from future result,,,UNKNOWN,unknown,low,,PENDING_RESULT,,,
2026-09-24,3074632,V4,以乙北,马卡比艾哈迈德 vs 哈帕拉奥伊罗,,not reconstructed from future result,,,UNKNOWN,unknown,low,,PENDING_RESULT,2026-09-24T07:53:30.654466+08:00,eb6a2020d7b524a2bf80,
2026-09-24,3074633,V3,以乙北,基里亚特阿塔比亚里克 vs 伊胡德格布内,,not reconstructed from future result,,,UNKNOWN,unknown,low,,PENDING_RESULT,,,
2026-09-24,3074633,V4,以乙北,基里亚特阿塔比亚里克 vs 伊胡德格布内,,not reconstructed from future result,,,UNKNOWN,unknown,low,,PENDING_RESULT,2026-09-24T07:53:30.654466+08:00,632ceed68e86a3c5efb9,
2026-09-24,3074937,V3,以乙南,哈迪拉 vs SC阿什杜德马卡比,,not reconstructed from future result,,,UNKNOWN,unknown,low,,PENDING_RESULT,,,
2026-09-24,3074937,V4,以乙南,哈迪拉 vs SC阿什杜德马卡比,,not reconstructed from future result,,,UNKNOWN,unknown,low,,PENDING_RESULT,2026-09-24T07:53:30.654466+08:00,70accee66d1bf1a2ced7,
2026-09-24,3074940,V3,以乙南,夏普尔霍 vs 萨巴1928,,not reconstructed from future result,,,UNKNOWN,unknown,low,,PENDING_RESULT,,,
2026-09-24,3074940,V4,以乙南,夏普尔霍 vs 萨巴1928,,not reconstructed from future result,,,UNKNOWN,unknown,low,,PENDING_RESULT,2026-09-24T07:53:30.654466+08:00,9a7abcb10280ff6c2ff1,
2026-09-24,3074941,V3,以乙南,MS耶路撒冷 vs 亚夫涅英,,not reconstructed from future result,,,UNKNOWN,unknown,low,,PENDING_RESULT,,,
2026-09-24,3074941,V4,以乙南,MS耶路撒冷 vs 亚夫涅英,,not reconstructed from future result,,,UNKNOWN,unknown,low,,PENDING_RESULT,2026-09-24T07:53:30.654466+08:00,ccfd99b307d41ed46440,
2026-09-24,3076971,V3,摩洛超,阿迈勒提兹尼特 vs 利替翰丹吉尔,,not reconstructed from future result,,,UNKNOWN,unknown,low,,PENDING_RESULT,,,
2026-09-24,3076971,V4,摩洛超,阿迈勒提兹尼特 vs 利替翰丹吉尔,,not reconstructed from future result,,,UNKNOWN,unknown,low,,PENDING_RESULT,2026-09-24T07:53:30.654466+08:00,b004a242866ccbfdc069,
2026-09-24,3076976,V3,摩洛超,拉巴特皇家武装 vs 拉加竞技,,not reconstructed from future result,,,UNKNOWN,unknown,low,,PENDING_RESULT,,,
2026-09-24,3076976,V4,摩洛超,拉巴特皇家武装 vs 拉加竞技,,not reconstructed from future result,,,UNKNOWN,unknown,low,,PENDING_RESULT,2026-09-24T07:53:30.654466+08:00,d6afb24f3fa9ad7f0a4b,
2026-09-24,3085658,V3,卢旺达联,罗阳体育 vs 阿尔马里克,,not reconstructed from future result,,,UNKNOWN,unknown,low,,PENDING_RESULT,,,
2026-09-24,3085658,V4,卢旺达联,罗阳体育 vs 阿尔马里克,,not reconstructed from future result,,,UNKNOWN,unknown,low,,PENDING_RESULT,2026-09-24T07:53:30.654466+08:00,f38402eb529ca126153a,
2026-09-24,3085659,V3,卢旺达联,布格塞拉 vs 艾希拉,,not reconstructed from future result,,,UNKNOWN,unknown,low,,PENDING_RESULT,,,
2026-09-24,3085659,V4,卢旺达联,布格塞拉 vs 艾希拉,,not reconstructed from future result,,,UNKNOWN,unknown,low,,PENDING_RESULT,2026-09-24T07:53:30.654466+08:00,0ba1662a6af6eb6cf0af,
2026-09-24,3086060,V3,约旦甲,艾尔利 vs 马恩,,not reconstructed from future result,,,UNKNOWN,unknown,low,,PENDING_RESULT,,,
2026-09-24,3086060,V4,约旦甲,艾尔利 vs 马恩,,not reconstructed from future result,,,UNKNOWN,unknown,low,,PENDING_RESULT,2026-09-24T07:53:30.654466+08:00,fa51249b0d08bd54a4a7,
2026-09-24,3086061,V3,约旦甲,萨赫勒霍兰 vs 哈伊阿米尔哈桑,,not reconstructed from future result,,,UNKNOWN,unknown,low,,PENDING_RESULT,,,
2026-09-24,3086061,V4,约旦甲,萨赫勒霍兰 vs 哈伊阿米尔哈桑,,not reconstructed from future result,,,UNKNOWN,unknown,low,,PENDING_RESULT,2026-09-24T07:53:30.654466+08:00,2156812bd200d6a36f93,
2026-09-24,3086926,V3,智利杯,希金斯 vs 圣塔克鲁兹,,not reconstructed from future result,,,UNKNOWN,unknown,low,,PENDING_RESULT,2026-09-24T07:53:30+08:00,700de07965ade966cfc7,不投
2026-09-24,3086926,V4,智利杯,希金斯 vs 圣塔克鲁兹,,not reconstructed from future result,,,UNKNOWN,unknown,low,,PENDING_RESULT,2026-09-24T07:53:30.654466+08:00,317eeceaa577193b1c5e,N
2026-09-24,3086927,V3,智利杯,维尼亚德马埃弗顿 vs 智利大学,,not reconstructed from future result,,,UNKNOWN,unknown,low,,PENDING_RESULT,2026-09-24T07:53:30+08:00,8b4402e5a12bd1a9070e,不投
2026-09-24,3086927,V4,智利杯,维尼亚德马埃弗顿 vs 智利大学,,not reconstructed from future result,,,UNKNOWN,unknown,low,,PENDING_RESULT,2026-09-24T07:53:30.654466+08:00,23c4488999d2acab9b93,N
2026-09-24,3088952,V3,东盟杯,老挝(中) vs 文莱,,not reconstructed from future result,,,UNKNOWN,unknown,low,,PENDING_RESULT,2026-09-24T07:53:30+08:00,ca56aa754f1abd3d6c17,不投
2026-09-24,3088952,V4,东盟杯,老挝(中) vs 文莱,,not reconstructed from future result,,,UNKNOWN,unknown,low,,PENDING_RESULT,2026-09-24T07:53:30.654466+08:00,397f08c9ea18a7d99f08,N
2026-09-24,3088953,V3,东盟杯,缅甸(中) vs 东帝汶,,not reconstructed from future result,,,UNKNOWN,unknown,low,,PENDING_RESULT,2026-09-24T07:53:30+08:00,d77ba234fbf0ab73937b,不投
2026-09-24,3088953,V4,东盟杯,缅甸(中) vs 东帝汶,,not reconstructed from future result,,,UNKNOWN,unknown,low,,PENDING_RESULT,2026-09-24T07:53:30.654466+08:00,14a70982f8f1f96eeca1,N
2026-09-24,3089666,V3,非青杯外,阿尔及利亚U20 vs 突尼斯U20,,not reconstructed from future result,,,UNKNOWN,unknown,low,,PENDING_RESULT,,,
2026-09-24,3089666,V4,非青杯外,阿尔及利亚U20 vs 突尼斯U20,,not reconstructed from future result,,,UNKNOWN,unknown,low,,PENDING_RESULT,2026-09-24T07:53:30.654466+08:00,87cbbfa7fddb47e3f973,
2026-09-24,3089667,V3,非青杯外,埃及U20 vs 利比亚U20,,not reconstructed from future result,,,UNKNOWN,unknown,low,,PENDING_RESULT,,,
2026-09-24,3089667,V4,非青杯外,埃及U20 vs 利比亚U20,,not reconstructed from future result,,,UNKNOWN,unknown,low,,PENDING_RESULT,2026-09-24T07:53:30.654466+08:00,f38e4426dca49850a030,
2026-09-24,3089769,V3,首相杯,所罗门群岛 vs 瓦努阿图,,not reconstructed from future result,,,UNKNOWN,unknown,low,,PENDING_RESULT,2026-09-24T07:53:30+08:00,bdd06ccdf2bf0ca9294d,不投
2026-09-24,3089769,V4,首相杯,所罗门群岛 vs 瓦努阿图,,not reconstructed from future result,,,UNKNOWN,unknown,low,,PENDING_RESULT,2026-09-24T07:53:30.654466+08:00,e93ccbd347fe352e7dbc,
2026-09-24,3089770,V3,首相杯,巴布亚新几内亚 vs 新喀里多尼亚,,not reconstructed from future result,,,UNKNOWN,unknown,low,,PENDING_RESULT,2026-09-24T07:53:30+08:00,78e5e00ac181e7f942b1,不投
2026-09-24,3089770,V4,首相杯,巴布亚新几内亚 vs 新喀里多尼亚,,not reconstructed from future result,,,UNKNOWN,unknown,low,,PENDING_RESULT,2026-09-24T07:53:30.654466+08:00,935f25be218d73e6b306,
2026-09-24,3091339,V3,巴拉杯,谭贝塔里竞技 vs 伊特洛体育会,,not reconstructed from future result,,,UNKNOWN,unknown,low,,PENDING_RESULT,2026-09-24T07:53:30+08:00,394698d3ee7ef2574d59,不投
2026-09-24,3091339,V4,巴拉杯,谭贝塔里竞技 vs 伊特洛体育会,,not reconstructed from future result,,,UNKNOWN,unknown,low,,PENDING_RESULT,2026-09-24T07:53:30.654466+08:00,b186cf6dd7638510c83b,
2026-09-24,3091340,V3,巴拉杯,雷科莱塔 vs 瓜伊利纳,,not reconstructed from future result,,,UNKNOWN,unknown,low,,PENDING_RESULT,2026-09-24T07:53:30+08:00,b040b389f38916696ebe,不投
2026-09-24,3091340,V4,巴拉杯,雷科莱塔 vs 瓜伊利纳,,not reconstructed from future result,,,UNKNOWN,unknown,low,,PENDING_RESULT,2026-09-24T07:53:30.654466+08:00,de7ec2ba7957d7afd0e7,
2026-09-24,3092199,V3,斯伐丙,FK波德科尼斯 vs 路梳比洛B队,,not reconstructed from future result,,,UNKNOWN,unknown,low,,PENDING_RESULT,,,
2026-09-24,3092199,V4,斯伐丙,FK波德科尼斯 vs 路梳比洛B队,,not reconstructed from future result,,,UNKNOWN,unknown,low,,PENDING_RESULT,2026-09-24T07:53:30.654466+08:00,94daa18e6bdddd62ad74,
2026-09-24,3092200,V3,埃及甲,开罗纳萨 vs 斯卡哈迪德,,not reconstructed from future result,,,UNKNOWN,unknown,low,,PENDING_RESULT,,,
2026-09-24,3092200,V4,埃及甲,开罗纳萨 vs 斯卡哈迪德,,not reconstructed from future result,,,UNKNOWN,unknown,low,,PENDING_RESULT,2026-09-24T07:53:30.654466+08:00,a26da57c74d15590cc58,
2026-09-24,3092201,V3,埃及甲,卡巴阿斯玛利 vs 佩哈亚克,,not reconstructed from future result,,,UNKNOWN,unknown,low,,PENDING_RESULT,,,
2026-09-24,3092201,V4,埃及甲,卡巴阿斯玛利 vs 佩哈亚克,,not reconstructed from future result,,,UNKNOWN,unknown,low,,PENDING_RESULT,2026-09-24T07:53:30.654466+08:00,72e6d49747061009e5fd,
2026-09-24,3092202,V3,埃及甲,玛列亚特 vs 曼苏拉,,not reconstructed from future result,,,UNKNOWN,unknown,low,,PENDING_RESULT,,,
2026-09-24,3092202,V4,埃及甲,玛列亚特 vs 曼苏拉,,not reconstructed from future result,,,UNKNOWN,unknown,low,,PENDING_RESULT,2026-09-24T07:53:30.654466+08:00,6e2734816de260a5ba23,
2026-09-24,3092203,V3,埃及甲,马萨尔FC vs 普斯SC,,not reconstructed from future result,,,UNKNOWN,unknown,low,,PENDING_RESULT,,,
2026-09-24,3092203,V4,埃及甲,马萨尔FC vs 普斯SC,,not reconstructed from future result,,,UNKNOWN,unknown,low,,PENDING_RESULT,2026-09-24T07:53:30.654466+08:00,28f2b3313f45b106c55a,
2026-09-24,3092204,V3,埃及甲,开罗FC vs El达克尔野,,not reconstructed from future result,,,UNKNOWN,unknown,low,,PENDING_RESULT,,,
2026-09-24,3092204,V4,埃及甲,开罗FC vs El达克尔野,,not reconstructed from future result,,,UNKNOWN,unknown,low,,PENDING_RESULT,2026-09-24T07:53:30.654466+08:00,140f7cda61c2297c0842,
2026-09-24,3092205,V3,哥斯乙,卡里阿利 vs 比特布尔思,,not reconstructed from future result,,,UNKNOWN,unknown,low,,PENDING_RESULT,2026-09-24T07:53:30+08:00,706e7b32a562fd16d795,不投
2026-09-24,3092205,V4,哥斯乙,卡里阿利 vs 比特布尔思,,not reconstructed from future result,,,UNKNOWN,unknown,low,,PENDING_RESULT,2026-09-24T07:53:30.654466+08:00,4b9fc26f9751ad082fda,
2026-09-24,3092206,V3,不丹廷联,乌金学院 vs 竹巴FC,,not reconstructed from future result,,,UNKNOWN,unknown,low,,PENDING_RESULT,,,
2026-09-24,3092206,V4,不丹廷联,乌金学院 vs 竹巴FC,,not reconstructed from future result,,,UNKNOWN,unknown,low,,PENDING_RESULT,2026-09-24T07:53:30.654466+08:00,8385cf7c672fd365a470,
2026-09-24,3092207,V3,阿后备,阿根廷JRS后备队 vs 普拉腾斯后备队,,not reconstructed from future result,,,UNKNOWN,unknown,low,,PENDING_RESULT,,,
2026-09-24,3092207,V4,阿后备,阿根廷JRS后备队 vs 普拉腾斯后备队,,not reconstructed from future result,,,UNKNOWN,unknown,low,,PENDING_RESULT,2026-09-24T07:53:30.654466+08:00,50d01d7afac3e587905f,
2026-09-24,3092208,V3,阿后备,利斯特雷后备队 vs 巴拉卡斯中央后备队,,not reconstructed from future result,,,UNKNOWN,unknown,low,,PENDING_RESULT,,,
2026-09-24,3092208,V4,阿后备,利斯特雷后备队 vs 巴拉卡斯中央后备队,,not reconstructed from future result,,,UNKNOWN,unknown,low,,PENDING_RESULT,2026-09-24T07:53:30.654466+08:00,1dbd1675962cc5641941,
2026-09-24,3092209,V3,阿后备,门多萨独立后备队 vs 甘拿斯亚门多萨后备队,,not reconstructed from future result,,,UNKNOWN,unknown,low,,PENDING_RESULT,,,
2026-09-24,3092209,V4,阿后备,门多萨独立后备队 vs 甘拿斯亚门多萨后备队,,not reconstructed from future result,,,UNKNOWN,unknown,low,,PENDING_RESULT,2026-09-24T07:53:30.654466+08:00,f1fbc037c4714ac5fd65,N
2026-09-24,3092210,V3,阿后备,科尔多瓦学院后备队 vs 里奥夸尔托后备队,,not reconstructed from future result,,,UNKNOWN,unknown,low,,PENDING_RESULT,,,
2026-09-24,3092210,V4,阿后备,科尔多瓦学院后备队 vs 里奥夸尔托后备队,,not reconstructed from future result,,,UNKNOWN,unknown,low,,PENDING_RESULT,2026-09-24T07:53:30.654466+08:00,4ceb695c9b3f6aaa555f,
2026-09-24,3092211,V3,阿后备,纽维尔后备队 vs 罗沙里奥中央后备队,,not reconstructed from future result,,,UNKNOWN,unknown,low,,PENDING_RESULT,,,
2026-09-24,3092211,V4,阿后备,纽维尔后备队 vs 罗沙里奥中央后备队,,not reconstructed from future result,,,UNKNOWN,unknown,low,,PENDING_RESULT,2026-09-24T07:53:30.654466+08:00,757995326837d5377749,
2026-09-24,3092212,V3,阿后备,竞技俱乐部后备队 vs CA独立队后备队,,not reconstructed from future result,,,UNKNOWN,unknown,low,,PENDING_RESULT,,,
2026-09-24,3092212,V4,阿后备,竞技俱乐部后备队 vs CA独立队后备队,,not reconstructed from future result,,,UNKNOWN,unknown,low,,PENDING_RESULT,2026-09-24T07:53:30.654466+08:00,80ee8786773450945c41,
2026-09-24,3092213,V3,国际友谊,日本 vs 乌拉圭,,not reconstructed from future result,,,UNKNOWN,unknown,low,,PENDING_RESULT,,,
2026-09-24,3092213,V4,国际友谊,日本 vs 乌拉圭,,not reconstructed from future result,,,UNKNOWN,unknown,low,,PENDING_RESULT,2026-09-24T07:53:30.654466+08:00,41f257853ea24c3ab4f5,N
2026-09-24,3092214,V3,国际友谊,韩国 vs 厄瓜多尔,,not reconstructed from future result,,,UNKNOWN,unknown,low,,PENDING_RESULT,,,
2026-09-24,3092214,V4,国际友谊,韩国 vs 厄瓜多尔,,not reconstructed from future result,,,UNKNOWN,unknown,low,,PENDING_RESULT,2026-09-24T07:53:30.654466+08:00,19aa17427f3e570d2c8e,C
2026-09-24,3092215,V3,巴圣青联,葡萄牙人青年队 vs 庞特普雷塔青年队,,not reconstructed from future result,,,UNKNOWN,unknown,low,,PENDING_RESULT,,,
2026-09-24,3092215,V4,巴圣青联,葡萄牙人青年队 vs 庞特普雷塔青年队,,not reconstructed from future result,,,UNKNOWN,unknown,low,,PENDING_RESULT,2026-09-24T07:53:30.654466+08:00,70b44884a57fb3fc275f,
2026-09-24,3092344,V3,国际友谊,中国 vs 马尔代夫,,not reconstructed from future result,,,UNKNOWN,unknown,low,,PENDING_RESULT,,,
2026-09-24,3092344,V4,国际友谊,中国 vs 马尔代夫,,not reconstructed from future result,,,UNKNOWN,unknown,low,,PENDING_RESULT,2026-09-24T07:53:30.654466+08:00,168d000ba3fc3e481d48,N
2026-09-24,3092410,V3,海湾运,阿联酋(中) vs 也门,,not reconstructed from future result,,,UNKNOWN,unknown,low,,PENDING_RESULT,,,
2026-09-24,3092410,V4,海湾运,阿联酋(中) vs 也门,,not reconstructed from future result,,,UNKNOWN,unknown,low,,PENDING_RESULT,2026-09-24T07:53:30.654466+08:00,f98dcc6836a0b9d4329f,C
2026-09-24,3092411,V3,海湾运,卡塔尔(中) vs 巴林,,not reconstructed from future result,,,UNKNOWN,unknown,low,,PENDING_RESULT,,,
2026-09-24,3092411,V4,海湾运,卡塔尔(中) vs 巴林,,not reconstructed from future result,,,UNKNOWN,unknown,low,,PENDING_RESULT,2026-09-24T07:53:30.654466+08:00,2afcf4c4106b9d4ec87e,N
2026-09-24,3092424,V3,中北美国联,多米尼加共和国 vs 尼加拉瓜,,not reconstructed from future result,,,UNKNOWN,unknown,low,,PENDING_RESULT,2026-09-24T07:53:30+08:00,2a1f5b1e6b569ce1c2aa,不投
2026-09-24,3092424,V4,中北美国联,多米尼加共和国 vs 尼加拉瓜,,not reconstructed from future result,,,UNKNOWN,unknown,low,,PENDING_RESULT,2026-09-24T07:53:30.654466+08:00,5159870e200721b59ca9,N
2026-09-24,3092425,V3,中北美国联,海地 vs 特立尼达和多巴哥,,not reconstructed from future result,,,UNKNOWN,unknown,low,,PENDING_RESULT,2026-09-24T07:53:30+08:00,4b1b641a778d25054a48,可投
2026-09-24,3092425,V4,中北美国联,海地 vs 特立尼达和多巴哥,,not reconstructed from future result,,,UNKNOWN,unknown,low,,PENDING_RESULT,2026-09-24T07:53:30.654466+08:00,d9cc255d6070243815c8,
2026-09-24,3092426,V3,中北美国联,哥斯达黎加 vs 库拉索,,not reconstructed from future result,,,UNKNOWN,unknown,low,,PENDING_RESULT,2026-09-24T07:53:30+08:00,944d08a06af38b8ef3ed,不投
2026-09-24,3092426,V4,中北美国联,哥斯达黎加 vs 库拉索,,not reconstructed from future result,,,UNKNOWN,unknown,low,,PENDING_RESULT,2026-09-24T07:53:30.654466+08:00,92dc34c3a12ab9590fe9,N
2026-09-24,3092448,V3,中北美国联,波多黎各 vs 圭亚那,,not reconstructed from future result,,,UNKNOWN,unknown,low,,PENDING_RESULT,2026-09-24T07:53:30+08:00,1f41f9c7cadc53ce2010,不投
2026-09-24,3092448,V4,中北美国联,波多黎各 vs 圭亚那,,not reconstructed from future result,,,UNKNOWN,unknown,low,,PENDING_RESULT,2026-09-24T07:53:30.654466+08:00,8097a6020a2c2a76a26a,N
2026-09-24,3092449,V3,中北美国联,开曼群岛 vs 多米尼克,,not reconstructed from future result,,,UNKNOWN,unknown,low,,PENDING_RESULT,2026-09-24T07:53:30+08:00,8e2c8ae6a5d492ae7f2d,不投
2026-09-24,3092449,V4,中北美国联,开曼群岛 vs 多米尼克,,not reconstructed from future result,,,UNKNOWN,unknown,low,,PENDING_RESULT,2026-09-24T07:53:30.654466+08:00,626421f24e1bb9771bc5,
2026-09-24,3092815,V3,国际友谊,澳大利亚U16 vs 越南U16,,not reconstructed from future result,,,UNKNOWN,unknown,low,,PENDING_RESULT,,,
2026-09-24,3092815,V4,国际友谊,澳大利亚U16 vs 越南U16,,not reconstructed from future result,,,UNKNOWN,unknown,low,,PENDING_RESULT,2026-09-24T07:53:30.654466+08:00,49978eb70efed639b0e9,
2026-09-24,3092816,V3,国际友谊,苏格兰U19 vs 芬兰U19,,not reconstructed from future result,,,UNKNOWN,unknown,low,,PENDING_RESULT,,,
2026-09-24,3092816,V4,国际友谊,苏格兰U19 vs 芬兰U19,,not reconstructed from future result,,,UNKNOWN,unknown,low,,PENDING_RESULT,2026-09-24T07:53:30.654466+08:00,9e129751b38c170a24cc,
2026-09-24,3092817,V3,国际友谊,埃及U18 vs 韩国U18,,not reconstructed from future result,,,UNKNOWN,unknown,low,,PENDING_RESULT,,,
2026-09-24,3092817,V4,国际友谊,埃及U18 vs 韩国U18,,not reconstructed from future result,,,UNKNOWN,unknown,low,,PENDING_RESULT,2026-09-24T07:53:30.654466+08:00,72235109403011c56d82,
2026-09-24,3092818,V3,国际友谊,荷兰U19 vs 比利时U19,,not reconstructed from future result,,,UNKNOWN,unknown,low,,PENDING_RESULT,,,
2026-09-24,3092818,V4,国际友谊,荷兰U19 vs 比利时U19,,not reconstructed from future result,,,UNKNOWN,unknown,low,,PENDING_RESULT,2026-09-24T07:53:30.654466+08:00,cf87a820b2026aa68513,
2026-09-24,3092819,V3,国际友谊,中国U16 vs 吉尔吉斯坦U16,,not reconstructed from future result,,,UNKNOWN,unknown,low,,PENDING_RESULT,,,
2026-09-24,3092819,V4,国际友谊,中国U16 vs 吉尔吉斯坦U16,,not reconstructed from future result,,,UNKNOWN,unknown,low,,PENDING_RESULT,2026-09-24T07:53:30.654466+08:00,2a92977590ae7fd8d9ef,
2026-09-24,3092820,V3,国际友谊,巴西U18 vs 加拿大U18,,not reconstructed from future result,,,UNKNOWN,unknown,low,,PENDING_RESULT,,,
2026-09-24,3092820,V4,国际友谊,巴西U18 vs 加拿大U18,,not reconstructed from future result,,,UNKNOWN,unknown,low,,PENDING_RESULT,2026-09-24T07:53:30.654466+08:00,ba8ef02908fe607c1afd,
2026-09-24,3092821,V3,国际友谊,巴拿马U17 vs 澳大利亚U17,,not reconstructed from future result,,,UNKNOWN,unknown,low,,PENDING_RESULT,,,
2026-09-24,3092821,V4,国际友谊,巴拿马U17 vs 澳大利亚U17,,not reconstructed from future result,,,UNKNOWN,unknown,low,,PENDING_RESULT,2026-09-24T07:53:30.654466+08:00,5a6aafc143d6a7d75e0c,
2026-09-24,3092822,V3,国际友谊,塞尔维亚U19 vs 保加利亚U19,,not reconstructed from future result,,,UNKNOWN,unknown,low,,PENDING_RESULT,,,
2026-09-24,3092822,V4,国际友谊,塞尔维亚U19 vs 保加利亚U19,,not reconstructed from future result,,,UNKNOWN,unknown,low,,PENDING_RESULT,2026-09-24T07:53:30.654466+08:00,0e45874f2a30878f8d73,
2026-09-24,3092823,V3,国际友谊,罗马尼亚U19 vs 匈牙利U19,,not reconstructed from future result,,,UNKNOWN,unknown,low,,PENDING_RESULT,,,
2026-09-24,3092823,V4,国际友谊,罗马尼亚U19 vs 匈牙利U19,,not reconstructed from future result,,,UNKNOWN,unknown,low,,PENDING_RESULT,2026-09-24T07:53:30.654466+08:00,2aa4e9d4a455ce36acee,
2026-09-24,3092824,V3,国际友谊,瑞典U19 vs 乌克兰U19,,not reconstructed from future result,,,UNKNOWN,unknown,low,,PENDING_RESULT,,,
2026-09-24,3092824,V4,国际友谊,瑞典U19 vs 乌克兰U19,,not reconstructed from future result,,,UNKNOWN,unknown,low,,PENDING_RESULT,2026-09-24T07:53:30.654466+08:00,9a416b3c90beeeed56f8,
2026-09-24,3092825,V3,国际友谊,英格兰U18 vs 哥伦比亚U18,,not reconstructed from future result,,,UNKNOWN,unknown,low,,PENDING_RESULT,,,
2026-09-24,3092825,V4,国际友谊,英格兰U18 vs 哥伦比亚U18,,not reconstructed from future result,,,UNKNOWN,unknown,low,,PENDING_RESULT,2026-09-24T07:53:30.654466+08:00,723d947e5467a55673b7,
2026-09-24,3092826,V3,阿联U21,沙瑞加U21 vs 马迪纳特FC U21,,not reconstructed from future result,,,UNKNOWN,unknown,low,,PENDING_RESULT,,,
2026-09-24,3092826,V4,阿联U21,沙瑞加U21 vs 马迪纳特FC U21,,not reconstructed from future result,,,UNKNOWN,unknown,low,,PENDING_RESULT,2026-09-24T07:53:30.654466+08:00,0abbfe831ebedaa147d6,
2026-09-24,3092827,V3,阿联U21,沙哈马U21 vs 迪拜环城U21,,not reconstructed from future result,,,UNKNOWN,unknown,low,,PENDING_RESULT,,,
2026-09-24,3092827,V4,阿联U21,沙哈马U21 vs 迪拜环城U21,,not reconstructed from future result,,,UNKNOWN,unknown,low,,PENDING_RESULT,2026-09-24T07:53:30.654466+08:00,cf813f0db44314803775,
2026-09-24,3092828,V3,阿联U21,阿拉比乌姆U21 vs 般尼亚斯U21,,not reconstructed from future result,,,UNKNOWN,unknown,low,,PENDING_RESULT,,,
2026-09-24,3092828,V4,阿联U21,阿拉比乌姆U21 vs 般尼亚斯U21,,not reconstructed from future result,,,UNKNOWN,unknown,low,,PENDING_RESULT,2026-09-24T07:53:30.654466+08:00,f827590324ed5e1be864,
2026-09-24,3092829,V3,阿联U21,泰德U21 vs 沙巴柏杜拜U21,,not reconstructed from future result,,,UNKNOWN,unknown,low,,PENDING_RESULT,,,
2026-09-24,3092829,V4,阿联U21,泰德U21 vs 沙巴柏杜拜U21,,not reconstructed from future result,,,UNKNOWN,unknown,low,,PENDING_RESULT,2026-09-24T07:53:30.654466+08:00,9132745c990eab796de3,
2026-09-24,3092830,V3,阿联U21,瓦斯尔迪拜U21 vs 阿尔富吉拉U21,,not reconstructed from future result,,,UNKNOWN,unknown,low,,PENDING_RESULT,,,
2026-09-24,3092830,V4,阿联U21,瓦斯尔迪拜U21 vs 阿尔富吉拉U21,,not reconstructed from future result,,,UNKNOWN,unknown,low,,PENDING_RESULT,2026-09-24T07:53:30.654466+08:00,b7cef1e57a9cadd86f20,
2026-09-24,3092831,V3,阿联U21,詹辛拉U21 vs 乌尔乌巴U21,,not reconstructed from future result,,,UNKNOWN,unknown,low,,PENDING_RESULT,,,
2026-09-24,3092831,V4,阿联U21,詹辛拉U21 vs 乌尔乌巴U21,,not reconstructed from future result,,,UNKNOWN,unknown,low,,PENDING_RESULT,2026-09-24T07:53:30.654466+08:00,3359f675037de5ebbe43,
2026-09-24,3092832,V3,乌兹职联,古里斯坦 vs 火车头BFK,,not reconstructed from future result,,,UNKNOWN,unknown,low,,PENDING_RESULT,,,
2026-09-24,3092832,V4,乌兹职联,古里斯坦 vs 火车头BFK,,not reconstructed from future result,,,UNKNOWN,unknown,low,,PENDING_RESULT,2026-09-24T07:53:30.654466+08:00,7dcc6319b2e416ebe31e,
2026-09-24,3092833,V3,乌兹职联,萨马尔罕沙洲 vs 艾哈迈多夫,,not reconstructed from future result,,,UNKNOWN,unknown,low,,PENDING_RESULT,,,
2026-09-24,3092833,V4,乌兹职联,萨马尔罕沙洲 vs 艾哈迈多夫,,not reconstructed from future result,,,UNKNOWN,unknown,low,,PENDING_RESULT,2026-09-24T07:53:30.654466+08:00,8dc83eaf417c26ce0b78,
2026-09-24,3092962,V3,国际友谊,科特迪瓦U18 vs 西班牙U18,,not reconstructed from future result,,,UNKNOWN,unknown,low,,PENDING_RESULT,,,
2026-09-24,3092962,V4,国际友谊,科特迪瓦U18 vs 西班牙U18,,not reconstructed from future result,,,UNKNOWN,unknown,low,,PENDING_RESULT,2026-09-24T07:53:30.654466+08:00,cd05efad4fcc250de017,
2026-09-24,3092963,V3,国际友谊,新西兰(中) vs 巴勒斯坦,,not reconstructed from future result,,,UNKNOWN,unknown,low,,PENDING_RESULT,,,
2026-09-24,3092963,V4,国际友谊,新西兰(中) vs 巴勒斯坦,,not reconstructed from future result,,,UNKNOWN,unknown,low,,PENDING_RESULT,2026-09-24T07:53:30.654466+08:00,f7f7968281de2f015a0c,N
2026-09-24,3092967,V3,高级银牌,和富大埔 vs 杰志,,not reconstructed from future result,,,UNKNOWN,unknown,low,,PENDING_RESULT,,,
2026-09-24,3092967,V4,高级银牌,和富大埔 vs 杰志,,not reconstructed from future result,,,UNKNOWN,unknown,low,,PENDING_RESULT,2026-09-24T07:53:30.654466+08:00,12de646e2145712826cc,
2026-09-24,3093165,V3,国际友谊,乌兹别克斯坦 vs 伊朗,,not reconstructed from future result,,,UNKNOWN,unknown,low,,PENDING_RESULT,,,
2026-09-24,3093165,V4,国际友谊,乌兹别克斯坦 vs 伊朗,,not reconstructed from future result,,,UNKNOWN,unknown,low,,PENDING_RESULT,2026-09-24T07:53:30.654466+08:00,ce7a1d6221595c4c2b38,
2026-09-24,3093448,V3,德戊,SV利比斯塔德 vs ASC09多特蒙德,,not reconstructed from future result,,,UNKNOWN,unknown,low,,PENDING_RESULT,,,
2026-09-24,3093448,V4,德戊,SV利比斯塔德 vs ASC09多特蒙德,,not reconstructed from future result,,,UNKNOWN,unknown,low,,PENDING_RESULT,2026-09-24T07:53:30.654466+08:00,34622a85cbbdf5b8b920,
2026-09-24,3093728,V3,国际友谊,白俄罗斯U19 vs 俄罗斯U19,,not reconstructed from future result,,,UNKNOWN,unknown,low,,PENDING_RESULT,,,
2026-09-24,3093728,V4,国际友谊,白俄罗斯U19 vs 俄罗斯U19,,not reconstructed from future result,,,UNKNOWN,unknown,low,,PENDING_RESULT,2026-09-24T07:53:30.654466+08:00,4beb99710d122dddb535,
2026-09-24,3093773,V3,以女甲,特拉维夫大学女足 vs 布尔尼坦亚女足,,not reconstructed from future result,,,UNKNOWN,unknown,low,,PENDING_RESULT,,,
2026-09-24,3093773,V4,以女甲,特拉维夫大学女足 vs 布尔尼坦亚女足,,not reconstructed from future result,,,UNKNOWN,unknown,low,,PENDING_RESULT,2026-09-24T07:53:30.654466+08:00,f752ac94af944941bd08,
2026-09-24,3093774,V3,以女甲,马卡比哈德洛女足 vs 侯隆马卡比女足,,not reconstructed from future result,,,UNKNOWN,unknown,low,,PENDING_RESULT,,,
2026-09-24,3093774,V4,以女甲,马卡比哈德洛女足 vs 侯隆马卡比女足,,not reconstructed from future result,,,UNKNOWN,unknown,low,,PENDING_RESULT,2026-09-24T07:53:30.654466+08:00,a72739632c8f16e9f08d,
2026-09-24,3093775,V3,以女甲,哈浦尔耶路撒冷女足 vs 凯尔耶特女足,,not reconstructed from future result,,,UNKNOWN,unknown,low,,PENDING_RESULT,,,
2026-09-24,3093775,V4,以女甲,哈浦尔耶路撒冷女足 vs 凯尔耶特女足,,not reconstructed from future result,,,UNKNOWN,unknown,low,,PENDING_RESULT,2026-09-24T07:53:30.654466+08:00,66af1da252547fdda54d,
2026-09-24,3093776,V3,以女甲,特拉维夫夏普尔女足 vs 拉那那夏普尔女足,,not reconstructed from future result,,,UNKNOWN,unknown,low,,PENDING_RESULT,,,
2026-09-24,3093776,V4,以女甲,特拉维夫夏普尔女足 vs 拉那那夏普尔女足,,not reconstructed from future result,,,UNKNOWN,unknown,low,,PENDING_RESULT,2026-09-24T07:53:30.654466+08:00,486320d87421009283c9,
2026-09-24,3094693,V3,中冠,重庆瀚达 vs 深圳吉祥,,not reconstructed from future result,,,UNKNOWN,unknown,low,,PENDING_RESULT,,,
2026-09-24,3094693,V4,中冠,重庆瀚达 vs 深圳吉祥,,not reconstructed from future result,,,UNKNOWN,unknown,low,,PENDING_RESULT,2026-09-24T07:53:30.654466+08:00,93982ec3748577ebf374,
2026-09-24,3094694,V3,阿根地区,德沙帕拉多斯 vs 圣胡安里瓦达维亚,,not reconstructed from future result,,,UNKNOWN,unknown,low,,PENDING_RESULT,,,
2026-09-24,3094694,V4,阿根地区,德沙帕拉多斯 vs 圣胡安里瓦达维亚,,not reconstructed from future result,,,UNKNOWN,unknown,low,,PENDING_RESULT,2026-09-24T07:53:30.654466+08:00,d397abf5d6080aa7249a,
2026-09-24,3094695,V3,球会友谊,卡达西亚SC vs 法哈西尔,,not reconstructed from future result,,,UNKNOWN,unknown,low,,PENDING_RESULT,,,
2026-09-24,3094695,V4,球会友谊,卡达西亚SC vs 法哈西尔,,not reconstructed from future result,,,UNKNOWN,unknown,low,,PENDING_RESULT,2026-09-24T07:53:30.654466+08:00,30d466b94b2d00fb7ee8,
2026-09-24,3094697,V3,以丙,夏普尔布内玛合 vs 贝内马加尔,,not reconstructed from future result,,,UNKNOWN,unknown,low,,PENDING_RESULT,,,
2026-09-24,3094697,V4,以丙,夏普尔布内玛合 vs 贝内马加尔,,not reconstructed from future result,,,UNKNOWN,unknown,low,,PENDING_RESULT,2026-09-24T07:53:30.654466+08:00,2f12b7bfbf01e213c2cc,
2026-09-24,3094698,V3,以丙,伊胡德格布内加德 vs 普尔布内,,not reconstructed from future result,,,UNKNOWN,unknown,low,,PENDING_RESULT,,,
2026-09-24,3094698,V4,以丙,伊胡德格布内加德 vs 普尔布内,,not reconstructed from future result,,,UNKNOWN,unknown,low,,PENDING_RESULT,2026-09-24T07:53:30.654466+08:00,d999d132a29a1c91b628,
2026-09-24,3094699,V3,以丙,贾德迪 vs 伊胡德阿夫廷,,not reconstructed from future result,,,UNKNOWN,unknown,low,,PENDING_RESULT,,,
2026-09-24,3094699,V4,以丙,贾德迪 vs 伊胡德阿夫廷,,not reconstructed from future result,,,UNKNOWN,unknown,low,,PENDING_RESULT,2026-09-24T07:53:30.654466+08:00,78d68271fb4447324cdd,
2026-09-24,3094700,V3,以丙,石库哈米扎哈 vs 埃拉特,,not reconstructed from future result,,,UNKNOWN,unknown,low,,PENDING_RESULT,,,
2026-09-24,3094700,V4,以丙,石库哈米扎哈 vs 埃拉特,,not reconstructed from future result,,,UNKNOWN,unknown,low,,PENDING_RESULT,2026-09-24T07:53:30.654466+08:00,24b4877b95cd48555909,
2026-09-24,3094701,V3,以丙,雅科夫 vs FC卡巴比尔,,not reconstructed from future result,,,UNKNOWN,unknown,low,,PENDING_RESULT,,,
2026-09-24,3094701,V4,以丙,雅科夫 vs FC卡巴比尔,,not reconstructed from future result,,,UNKNOWN,unknown,low,,PENDING_RESULT,2026-09-24T07:53:30.654466+08:00,4c5eff32168565da19fe,
2026-09-24,3094702,V3,以丙,悠纳 vs 拉莫特梅纳瑟夏普尔,,not reconstructed from future result,,,UNKNOWN,unknown,low,,PENDING_RESULT,,,
2026-09-24,3094702,V4,以丙,悠纳 vs 拉莫特梅纳瑟夏普尔,,not reconstructed from future result,,,UNKNOWN,unknown,low,,PENDING_RESULT,2026-09-24T07:53:30.654466+08:00,5533fce4b5fabe29a177,
2026-09-24,3094703,V3,球会友谊,奥地利卢斯特瑙 vs 布雷根茨,,not reconstructed from future result,,,UNKNOWN,unknown,low,,PENDING_RESULT,,,
2026-09-24,3094703,V4,球会友谊,奥地利卢斯特瑙 vs 布雷根茨,,not reconstructed from future result,,,UNKNOWN,unknown,low,,PENDING_RESULT,2026-09-24T07:53:30.654466+08:00,3248c25b0fc3808e157e,
2026-09-24,3094706,V3,芬K联,吉提 vs ACF,,not reconstructed from future result,,,UNKNOWN,unknown,low,,PENDING_RESULT,,,
2026-09-24,3094706,V4,芬K联,吉提 vs ACF,,not reconstructed from future result,,,UNKNOWN,unknown,low,,PENDING_RESULT,2026-09-24T07:53:30.654466+08:00,a76f825568f28772b17a,
2026-09-24,3094707,V3,克亚丙,科佩利尼卡 vs 乌苏克,,not reconstructed from future result,,,UNKNOWN,unknown,low,,PENDING_RESULT,,,
2026-09-24,3094707,V4,克亚丙,科佩利尼卡 vs 乌苏克,,not reconstructed from future result,,,UNKNOWN,unknown,low,,PENDING_RESULT,2026-09-24T07:53:30.654466+08:00,307e4fbfcaf0317f5f61,
2026-09-24,3094710,V3,球会友谊,奥伯豪森 vs 沙尔克04,,not reconstructed from future result,,,UNKNOWN,unknown,low,,PENDING_RESULT,,,
2026-09-24,3094710,V4,球会友谊,奥伯豪森 vs 沙尔克04,,not reconstructed from future result,,,UNKNOWN,unknown,low,,PENDING_RESULT,2026-09-24T07:53:30.654466+08:00,e2e7bab47817ff0bc2c9,
2026-09-24,3094711,V3,球会友谊,希根 vs 门兴格拉德巴赫,,not reconstructed from future result,,,UNKNOWN,unknown,low,,PENDING_RESULT,,,
2026-09-24,3094711,V4,球会友谊,希根 vs 门兴格拉德巴赫,,not reconstructed from future result,,,UNKNOWN,unknown,low,,PENDING_RESULT,2026-09-24T07:53:30.654466+08:00,c5a05b9af0f697424be7,
2026-09-24,3094735,V3,以丙,FC普尔阿什杜德 vs 阿布戈什FC,,not reconstructed from future result,,,UNKNOWN,unknown,low,,PENDING_RESULT,,,
2026-09-24,3094735,V4,以丙,FC普尔阿什杜德 vs 阿布戈什FC,,not reconstructed from future result,,,UNKNOWN,unknown,low,,PENDING_RESULT,2026-09-24T07:53:30.654466+08:00,2bb428823a0c21899177,
2026-09-24,3094736,V3,以丙,SC拉姆拉 vs 拜特凯尔耶特,,not reconstructed from future result,,,UNKNOWN,unknown,low,,PENDING_RESULT,,,
2026-09-24,3094736,V4,以丙,SC拉姆拉 vs 拜特凯尔耶特,,not reconstructed from future result,,,UNKNOWN,unknown,low,,PENDING_RESULT,2026-09-24T07:53:30.654466+08:00,494fef89a6f46cc2d363,
2026-09-24,3094737,V3,以丙,夏普尔霍德 vs 夏普尔卡法舒亚,,not reconstructed from future result,,,UNKNOWN,unknown,low,,PENDING_RESULT,,,
2026-09-24,3094737,V4,以丙,夏普尔霍德 vs 夏普尔卡法舒亚,,not reconstructed from future result,,,UNKNOWN,unknown,low,,PENDING_RESULT,2026-09-24T07:53:30.654466+08:00,14cbe672daa50a3b24b2,
2026-09-24,3094744,V3,芬K联,PPJ劳塔萨里 vs PPS,,not reconstructed from future result,,,UNKNOWN,unknown,low,,PENDING_RESULT,,,
2026-09-24,3094744,V4,芬K联,PPJ劳塔萨里 vs PPS,,not reconstructed from future result,,,UNKNOWN,unknown,low,,PENDING_RESULT,2026-09-24T07:53:30.654466+08:00,9b5164a414e4534ac0f1,
2026-09-24,3094745,V3,芬K联,迪安学院 vs 胡吉,,not reconstructed from future result,,,UNKNOWN,unknown,low,,PENDING_RESULT,,,
2026-09-24,3094745,V4,芬K联,迪安学院 vs 胡吉,,not reconstructed from future result,,,UNKNOWN,unknown,low,,PENDING_RESULT,2026-09-24T07:53:30.654466+08:00,7ef4961aaa830256d2ff,
2026-09-24,3094746,V3,芬K联,克图 vs 拉贾萨隆,,not reconstructed from future result,,,UNKNOWN,unknown,low,,PENDING_RESULT,,,
2026-09-24,3094746,V4,芬K联,克图 vs 拉贾萨隆,,not reconstructed from future result,,,UNKNOWN,unknown,low,,PENDING_RESULT,2026-09-24T07:53:30.654466+08:00,04456d98170cd5f0f353,
2026-09-24,3094747,V3,芬K联,菲什联合 vs 洛伊斯基,,not reconstructed from future result,,,UNKNOWN,unknown,low,,PENDING_RESULT,,,
2026-09-24,3094747,V4,芬K联,菲什联合 vs 洛伊斯基,,not reconstructed from future result,,,UNKNOWN,unknown,low,,PENDING_RESULT,2026-09-24T07:53:30.654466+08:00,869284439e9e25b3e0d2,
2026-09-24,3094748,V3,芬K联,LAUTP II vs 克尔特苏,,not reconstructed from future result,,,UNKNOWN,unknown,low,,PENDING_RESULT,,,
2026-09-24,3094748,V4,芬K联,LAUTP II vs 克尔特苏,,not reconstructed from future result,,,UNKNOWN,unknown,low,,PENDING_RESULT,2026-09-24T07:53:30.654466+08:00,8f4fd26eb209650f74e5,
2026-09-24,3094749,V3,芬K联,MPS赫尔辛基 vs 普西特,,not reconstructed from future result,,,UNKNOWN,unknown,low,,PENDING_RESULT,,,
2026-09-24,3094749,V4,芬K联,MPS赫尔辛基 vs 普西特,,not reconstructed from future result,,,UNKNOWN,unknown,low,,PENDING_RESULT,2026-09-24T07:53:30.654466+08:00,f4056c8aa5b78187a1ca,
2026-09-24,3094758,V3,以丙,伊斯菲亚马卡比 vs 基瓦特奥尔加,,not reconstructed from future result,,,UNKNOWN,unknown,low,,PENDING_RESULT,,,
2026-09-24,3094758,V4,以丙,伊斯菲亚马卡比 vs 基瓦特奥尔加,,not reconstructed from future result,,,UNKNOWN,unknown,low,,PENDING_RESULT,2026-09-24T07:53:30.654466+08:00,d763a64de79daf248ed7,
2026-09-24,3094759,V3,以丙,比尔舒华马卡比 vs 马卡比阿什凯隆,,not reconstructed from future result,,,UNKNOWN,unknown,low,,PENDING_RESULT,,,
2026-09-24,3094759,V4,以丙,比尔舒华马卡比 vs 马卡比阿什凯隆,,not reconstructed from future result,,,UNKNOWN,unknown,low,,PENDING_RESULT,2026-09-24T07:53:30.654466+08:00,7ed20bbdba35529b2f92,
2026-09-24,3094760,V3,芬兰U21,托特U21 vs 裂口HyPS U21,,not reconstructed from future result,,,UNKNOWN,unknown,low,,PENDING_RESULT,,,
2026-09-24,3094760,V4,芬兰U21,托特U21 vs 裂口HyPS U21,,not reconstructed from future result,,,UNKNOWN,unknown,low,,PENDING_RESULT,2026-09-24T07:53:30.654466+08:00,a11a6d8639d5c1d9ce6e,
2026-09-24,3094765,V3,国际友谊,黑山女足U17 vs 北马其顿女足U17,,not reconstructed from future result,,,UNKNOWN,unknown,low,,PENDING_RESULT,,,
2026-09-24,3094765,V4,国际友谊,黑山女足U17 vs 北马其顿女足U17,,not reconstructed from future result,,,UNKNOWN,unknown,low,,PENDING_RESULT,2026-09-24T07:53:30.654466+08:00,50e6daf567f0d0217b8a,
2026-09-24,3094766,V3,非青杯外,布隆迪U20 vs 乌干达U20,,not reconstructed from future result,,,UNKNOWN,unknown,low,,PENDING_RESULT,,,
2026-09-24,3094766,V4,非青杯外,布隆迪U20 vs 乌干达U20,,not reconstructed from future result,,,UNKNOWN,unknown,low,,PENDING_RESULT,2026-09-24T07:53:30.654466+08:00,9597f1554df8dbae777c,
2026-09-24,3094767,V3,非青杯外,坦桑尼亚U20 vs 苏丹U20,,not reconstructed from future result,,,UNKNOWN,unknown,low,,PENDING_RESULT,,,
2026-09-24,3094767,V4,非青杯外,坦桑尼亚U20 vs 苏丹U20,,not reconstructed from future result,,,UNKNOWN,unknown,low,,PENDING_RESULT,2026-09-24T07:53:30.654466+08:00,48b7578e8381a0fbb8e1,
2026-09-24,3094778,V3,缅甸U20,仰光联U20 vs 伊洛瓦底U20,,not reconstructed from future result,,,UNKNOWN,unknown,low,,PENDING_RESULT,,,
2026-09-24,3094778,V4,缅甸U20,仰光联U20 vs 伊洛瓦底U20,,not reconstructed from future result,,,UNKNOWN,unknown,low,,PENDING_RESULT,2026-09-24T07:53:30.654466+08:00,7037bc4eaf8ec1f0fa3e,
2026-09-24,3094797,V3,卡塔尔U20,萨德U20 vs 艾梅西美U20,,not reconstructed from future result,,,UNKNOWN,unknown,low,,PENDING_RESULT,,,
2026-09-24,3094797,V4,卡塔尔U20,萨德U20 vs 艾梅西美U20,,not reconstructed from future result,,,UNKNOWN,unknown,low,,PENDING_RESULT,2026-09-24T07:53:30.654466+08:00,0360620f76a4dd7d671b,
2026-09-24,3094798,V3,印西隆联,西隆拉庄后备队 vs 莱特科尔SC,,not reconstructed from future result,,,UNKNOWN,unknown,low,,PENDING_RESULT,,,
2026-09-24,3094798,V4,印西隆联,西隆拉庄后备队 vs 莱特科尔SC,,not reconstructed from future result,,,UNKNOWN,unknown,low,,PENDING_RESULT,2026-09-24T07:53:30.654466+08:00,1cea863d2f2120a0584e,
2026-09-24,3094800,V3,印班超,哈尔足球俱乐部 vs 卡纳塔克邦,,not reconstructed from future result,,,UNKNOWN,unknown,low,,PENDING_RESULT,,,
2026-09-24,3094800,V4,印班超,哈尔足球俱乐部 vs 卡纳塔克邦,,not reconstructed from future result,,,UNKNOWN,unknown,low,,PENDING_RESULT,2026-09-24T07:53:30.654466+08:00,dc9966865c6bb7843f7d,
2026-09-24,3094801,V3,马统杯,森比兰U20 vs 槟城U20,,not reconstructed from future result,,,UNKNOWN,unknown,low,,PENDING_RESULT,,,
2026-09-24,3094801,V4,马统杯,森比兰U20 vs 槟城U20,,not reconstructed from future result,,,UNKNOWN,unknown,low,,PENDING_RESULT,2026-09-24T07:53:30.654466+08:00,1d28e90b946d34daa4ea,
2026-09-24,3094802,V3,马统杯,古晋U20 vs 触控电子U20,,not reconstructed from future result,,,UNKNOWN,unknown,low,,PENDING_RESULT,,,
2026-09-24,3094802,V4,马统杯,古晋U20 vs 触控电子U20,,not reconstructed from future result,,,UNKNOWN,unknown,low,,PENDING_RESULT,2026-09-24T07:53:30.654466+08:00,0ed3dd6038ffffd842da,
2026-09-24,3094803,V3,卡塔尔U20,艾加拉法U20 vs 阿尔科尔U20,,not reconstructed from future result,,,UNKNOWN,unknown,low,,PENDING_RESULT,,,
2026-09-24,3094803,V4,卡塔尔U20,艾加拉法U20 vs 阿尔科尔U20,,not reconstructed from future result,,,UNKNOWN,unknown,low,,PENDING_RESULT,2026-09-24T07:53:30.654466+08:00,bc3598d95ddea766c7f3,
2026-09-24,3094804,V3,约女联,纳沙玛穆斯塔克巴尔女足 vs 大主教女足,,not reconstructed from future result,,,UNKNOWN,unknown,low,,PENDING_RESULT,,,
2026-09-24,3094804,V4,约女联,纳沙玛穆斯塔克巴尔女足 vs 大主教女足,,not reconstructed from future result,,,UNKNOWN,unknown,low,,PENDING_RESULT,2026-09-24T07:53:30.654466+08:00,6fa3d7a8a91463d2d8c8,
2026-09-24,3094805,V3,印孟超,奥夫肖茨FC vs 斯科斯特FC,,not reconstructed from future result,,,UNKNOWN,unknown,low,,PENDING_RESULT,,,
2026-09-24,3094805,V4,印孟超,奥夫肖茨FC vs 斯科斯特FC,,not reconstructed from future result,,,UNKNOWN,unknown,low,,PENDING_RESULT,2026-09-24T07:53:30.654466+08:00,d5e670f515d5fa82d2d6,
2026-09-24,3094806,V3,桑给超,乌哈米亚吉 vs 拉斯卡佐内,,not reconstructed from future result,,,UNKNOWN,unknown,low,,PENDING_RESULT,,,
2026-09-24,3094806,V4,桑给超,乌哈米亚吉 vs 拉斯卡佐内,,not reconstructed from future result,,,UNKNOWN,unknown,low,,PENDING_RESULT,2026-09-24T07:53:30.654466+08:00,f0637f87aac1b40baa37,
2026-09-24,3094808,V3,印西隆联,马沙瓦SC vs 农格特伊迈SC,,not reconstructed from future result,,,UNKNOWN,unknown,low,,PENDING_RESULT,,,
2026-09-24,3094808,V4,印西隆联,马沙瓦SC vs 农格特伊迈SC,,not reconstructed from future result,,,UNKNOWN,unknown,low,,PENDING_RESULT,2026-09-24T07:53:30.654466+08:00,f7c81c49662c06a64c65,
2026-09-24,3094813,V3,印班超,南部联队 vs ASC中心FC,,not reconstructed from future result,,,UNKNOWN,unknown,low,,PENDING_RESULT,,,
2026-09-24,3094813,V4,印班超,南部联队 vs ASC中心FC,,not reconstructed from future result,,,UNKNOWN,unknown,low,,PENDING_RESULT,2026-09-24T07:53:30.654466+08:00,b11e23c28bcbd49b22ee,
2026-09-24,3094817,V3,缅甸U20,实皆联U20 vs 治尼兰德U20,,not reconstructed from future result,,,UNKNOWN,unknown,low,,PENDING_RESULT,,,
2026-09-24,3094817,V4,缅甸U20,实皆联U20 vs 治尼兰德U20,,not reconstructed from future result,,,UNKNOWN,unknown,low,,PENDING_RESULT,2026-09-24T07:53:30.654466+08:00,ea28f26e71ffdbe13c80,
2026-09-24,3094820,V3,挪威U19,斯吉德U19 vs 基沙U19,,not reconstructed from future result,,,UNKNOWN,unknown,low,,PENDING_RESULT,,,
2026-09-24,3094820,V4,挪威U19,斯吉德U19 vs 基沙U19,,not reconstructed from future result,,,UNKNOWN,unknown,low,,PENDING_RESULT,2026-09-24T07:53:30.654466+08:00,0d414f8191a9041518fe,
2026-09-24,3094822,V3,阿后备,玛伦后备队 vs 圣太摩后备队,,not reconstructed from future result,,,UNKNOWN,unknown,low,,PENDING_RESULT,,,
2026-09-24,3094822,V4,阿后备,玛伦后备队 vs 圣太摩后备队,,not reconstructed from future result,,,UNKNOWN,unknown,low,,PENDING_RESULT,2026-09-24T07:53:30.654466+08:00,3b335a0110087b749d85,
2026-09-24,3094825,V3,阿后备,阿特兰大竞技后备队 vs 男孩竞技后备队,,not reconstructed from future result,,,UNKNOWN,unknown,low,,PENDING_RESULT,,,
2026-09-24,3094825,V4,阿后备,阿特兰大竞技后备队 vs 男孩竞技后备队,,not reconstructed from future result,,,UNKNOWN,unknown,low,,PENDING_RESULT,2026-09-24T07:53:30.654466+08:00,1181e6bc9be621d1aba6,
2026-09-24,3094826,V3,巴马全联,阿卡德锦标 vs 巴拿马阿连扎后备队,,not reconstructed from future result,,,UNKNOWN,unknown,low,,PENDING_RESULT,,,
2026-09-24,3094826,V4,巴马全联,阿卡德锦标 vs 巴拿马阿连扎后备队,,not reconstructed from future result,,,UNKNOWN,unknown,low,,PENDING_RESULT,2026-09-24T07:53:30.654466+08:00,256bcbbb1a12494330e9,
2026-09-24,3094827,V3,巴马全联,埃雷拉后备 vs SD国民竞技,,not reconstructed from future result,,,UNKNOWN,unknown,low,,PENDING_RESULT,,,
2026-09-24,3094827,V4,巴马全联,埃雷拉后备 vs SD国民竞技,,not reconstructed from future result,,,UNKNOWN,unknown,low,,PENDING_RESULT,2026-09-24T07:53:30.654466+08:00,3a5e3b51d2f48a6fdf35,
2026-09-24,3094828,V3,洪都后备,罗查星后备队 vs 帕兰德森后备队,,not reconstructed from future result,,,UNKNOWN,unknown,low,,PENDING_RESULT,,,
2026-09-24,3094828,V4,洪都后备,罗查星后备队 vs 帕兰德森后备队,,not reconstructed from future result,,,UNKNOWN,unknown,low,,PENDING_RESULT,2026-09-24T07:53:30.654466+08:00,6c58831ec3e3b46ed823,
2026-09-24,3094829,V3,巴马全联,维拉加斯后备队 vs 阿吉拉斯后备队,,not reconstructed from future result,,,UNKNOWN,unknown,low,,PENDING_RESULT,,,
2026-09-24,3094829,V4,巴马全联,维拉加斯后备队 vs 阿吉拉斯后备队,,not reconstructed from future result,,,UNKNOWN,unknown,low,,PENDING_RESULT,2026-09-24T07:53:30.654466+08:00,5c8ea6245b40828ba9fe,
2026-09-24,3094830,V3,挪威U19,格鲁吕U19 vs 瓦勒伦加U19,,not reconstructed from future result,,,UNKNOWN,unknown,low,,PENDING_RESULT,,,
2026-09-24,3094830,V4,挪威U19,格鲁吕U19 vs 瓦勒伦加U19,,not reconstructed from future result,,,UNKNOWN,unknown,low,,PENDING_RESULT,2026-09-24T07:53:30.654466+08:00,09ba1eba7cf0d76c4a05,
