date,model,side,bucket,n,unique_probability_vectors,W_mean,HW_mean,P_mean,HL_mean,L_mean,W_variance,HW_variance,P_variance,HL_variance,L_variance,max_variance,ev_mean,ev_variance,P_EV_positive_mean,P_EV_positive_variance
2026-09-13,V4_GIVING_LEGACY,giving,0.25,62,1,0.42361111111111105,0.0,0.0,0.3020833333333332,0.27430555555555564,1.1093356479670479e-31,0.0,0.0,3.0814879110195774e-33,1.232595164407831e-32,1.1093356479670479e-31,-0.04402889784946238,0.0015996729222569883,0.2421935483870968,0.04616764770031218
2026-09-13,V4_GIVING_LEGACY,giving,0.50,40,1,0.49714285714285716,0.0,0.0,0.0,0.5028571428571429,0.0,0.0,0.0,0.0,0.0,0.0,-0.05344000000000001,0.0014221069714285724,0.25065,0.026016949499999997
2026-09-13,V4_GIVING_LEGACY,giving,0.75,23,1,0.29999999999999993,0.25833333333333347,0.0,0.0,0.4416666666666666,1.232595164407831e-32,1.232595164407831e-32,0.0,0.0,2.7733391199176196e-32,2.7733391199176196e-32,-0.057469202898550696,0.0012330232816110068,0.25101739130434786,0.01843612491493384
2026-09-13,V4_GIVING_LEGACY,giving,1.00,13,1,0.35526315789473684,0.0,0.22368421052631582,0.0,0.4210526315789473,0.0,0.0,7.703719777548943e-34,0.0,3.0814879110195774e-33,3.0814879110195774e-33,-0.1040485829959514,0.001563384705535249,0.15696923076923078,0.009578152899408287
2026-09-13,V4_GIVING_LEGACY,giving,1.25,5,1,0.4339622641509434,0.0,0.0,0.2830188679245283,0.2830188679245283,0.0,0.0,0.0,0.0,0.0,0.0,-0.005320754716981091,0.00026063937344250637,0.4822399999999999,0.0028109504000000006
2026-09-13,V4_GIVING_LEGACY,giving,1.50,7,1,0.59375,0.0,0.0,0.0,0.40625,0.0,0.0,0.0,0.0,0.0,0.0,0.14254464285714288,0.003241920440051021,0.7908571428571429,0.0073551738775510175
2026-09-13,V4_GIVING_LEGACY,giving,1.75,5,1,0.3142857142857143,0.2857142857142857,0.0,0.0,0.4,0.0,0.0,0.0,0.0,0.0,0.0,0.04251428571428567,0.0002791967346938777,0.6142399999999999,0.0019356223999999994
2026-09-13,V4_GIVING_LEGACY,giving,2.00,1,1,0.5625,0.0,0.125,0.0,0.3125,0.0,0.0,0.0,0.0,0.0,0.0,0.244375,0.0,0.8648,0.0
2026-09-13,V4_GIVING_LEGACY,giving,2.25,3,1,0.5,0.0,0.0,0.2222222222222222,0.2777777777777778,0.0,0.0,0.0,0.0,0.0,0.0,0.08111111111111109,0.0012166666666666671,0.6464666666666666,0.004433208888888886
2026-09-13,V4_GIVING_LEGACY,giving,2.50,1,1,0.18181818181818182,0.0,0.0,0.0,0.8181818181818182,0.0,0.0,0.0,0.0,0.0,0.0,-0.6363636363636365,0.0,0.0116,0.0
2026-09-14,V4_DIRECTION_FIXED_R1,giving,0.25,5,1,0.42361111111111105,0.0,0.0,0.3020833333333333,0.2743055555555556,3.0814879110195774e-33,0.0,0.0,0.0,0.0,3.0814879110195774e-33,-0.06104166666666668,0.0008685204475308633,0.13892,0.023384041600000006
2026-09-14,V4_DIRECTION_FIXED_R1,giving,0.50,7,1,0.4971428571428572,0.0,0.0,0.0,0.5028571428571428,3.0814879110195774e-33,0.0,0.0,0.0,1.232595164407831e-32,1.232595164407831e-32,-0.046195918367346954,0.003957442665556018,0.3324857142857143,0.025983975510204083
2026-09-14,V4_DIRECTION_FIXED_R1,giving,0.75,5,1,0.3,0.25833333333333336,0.0,0.0,0.4416666666666666,0.0,0.0,0.0,0.0,3.0814879110195774e-33,3.0814879110195774e-33,-0.0391083333333333,0.0010491122222222207,0.3232,0.02023096
2026-09-14,V4_DIRECTION_FIXED_R1,giving,1.00,4,1,0.35526315789473684,0.0,0.2236842105263158,0.0,0.42105263157894735,0.0,0.0,0.0,0.0,0.0,0.0,-0.09332236842105261,0.001150894866689751,0.1792,0.011356999999999999
2026-09-14,V4_DIRECTION_FIXED_R1,giving,1.25,4,1,0.4339622641509434,0.0,0.0,0.2830188679245283,0.2830188679245283,0.0,0.0,0.0,0.0,0.0,0.0,-0.0035849056603773424,0.0013088465646137427,0.47975,0.014196747500000004
2026-09-14,V4_DIRECTION_FIXED_R1,giving,1.50,1,1,0.59375,0.0,0.0,0.0,0.40625,0.0,0.0,0.0,0.0,0.0,0.0,0.0034374999999999822,0.0,0.5314,0.0
2026-09-14,V4_DIRECTION_FIXED_R1,giving,1.75,1,1,0.3142857142857143,0.2857142857142857,0.0,0.0,0.4,0.0,0.0,0.0,0.0,0.0,0.0,-0.016000000000000014,0.0,0.4624,0.0
2026-09-14,V4_DIRECTION_FIXED_R1,giving,2.00,4,1,0.5625,0.0,0.125,0.0,0.3125,0.0,0.0,0.0,0.0,0.0,0.0,0.18109375,0.0016196044921875004,0.80905,0.0016275275000000005
2026-09-14,V4_DIRECTION_FIXED_R1,giving,2.50,1,1,0.18181818181818182,0.0,0.0,0.0,0.8181818181818182,0.0,0.0,0.0,0.0,0.0,0.0,-0.6527272727272728,0.0,0.01,0.0
2026-09-14,V4_DIRECTION_FIXED_R1,receiving,0.25,16,1,0.2743055555555556,0.3020833333333333,0.0,0.0,0.4236111111111111,1.232595164407831e-32,0.0,0.0,0.0,2.7733391199176196e-32,2.7733391199176196e-32,-0.04133029513888889,0.0016438301698661142,0.2448,0.05160086
2026-09-14,V4_DIRECTION_FIXED_R1,receiving,0.50,7,1,0.5028571428571428,0.0,0.0,0.0,0.4971428571428572,1.232595164407831e-32,0.0,0.0,0.0,3.0814879110195774e-33,1.232595164407831e-32,-0.042416326530612225,0.0049912515118700545,0.34868571428571427,0.05705408979591836
2026-09-14,V4_DIRECTION_FIXED_R1,receiving,0.75,3,1,0.44166666666666665,0.0,0.0,0.25833333333333336,0.3,0.0,0.0,0.0,0.0,0.0,0.0,-0.01694444444444444,0.002566246913580247,0.41806666666666664,0.05116246222222223
2026-09-14,V4_DIRECTION_FIXED_R1,receiving,1.00,5,1,0.42105263157894735,0.0,0.2236842105263158,0.0,0.35526315789473684,0.0,0.0,0.0,0.0,0.0,0.0,0.022842105263157896,0.003243612188365652,0.56712,0.0407811296
2026-09-14,V4_DIRECTION_FIXED_R1,receiving,1.25,4,1,0.2830188679245283,0.2830188679245283,0.0,0.0,0.4339622641509434,0.0,0.0,0.0,0.0,0.0,0.0,-0.04127358490566041,0.0009056270024919903,0.36845,0.0102908675
2026-09-14,V4_DIRECTION_FIXED_R1,receiving,1.50,2,1,0.40625,0.0,0.0,0.0,0.59375,0.0,0.0,0.0,0.0,0.0,0.0,-0.24437499999999998,0.0005941406250000004,0.0752,0.0008065599999999999
2026-09-14,V4_DIRECTION_FIXED_R1,receiving,1.75,1,1,0.4,0.0,0.0,0.2857142857142857,0.3142857142857143,0.0,0.0,0.0,0.0,0.0,0.0,-0.1131428571428571,0.0,0.2054,0.0
2026-09-14,V4_DIRECTION_FIXED_R1,receiving,2.25,2,1,0.2777777777777778,0.2222222222222222,0.0,0.0,0.5,0.0,0.0,0.0,0.0,0.0,0.0,-0.20833333333333334,0.00037808641975308697,0.1345,0.0009424900000000004
2026-09-15,V4_DIRECTION_FIXED_R1,giving,0.25,10,1,0.42361111111111105,0.0,0.0,0.30208333333333337,0.2743055555555555,3.0814879110195774e-33,0.0,0.0,3.0814879110195774e-33,3.0814879110195774e-33,3.0814879110195774e-33,-0.013173611111111145,0.0012024701485339499,0.3998399999999999,0.0521231664
2026-09-15,V4_DIRECTION_FIXED_R1,giving,0.50,6,1,0.49714285714285716,0.0,0.0,0.0,0.5028571428571428,0.0,0.0,0.0,0.0,1.232595164407831e-32,1.232595164407831e-32,-0.08691428571428572,0.0008952359183673469,0.1287,0.009477916666666667
2026-09-15,V4_DIRECTION_FIXED_R1,giving,0.75,4,1,0.3,0.25833333333333336,0.0,0.0,0.44166666666666665,0.0,0.0,0.0,0.0,0.0,0.0,-0.06399999999999997,0.0007827821180555551,0.21450000000000002,0.011059310000000001
2026-09-15,V4_DIRECTION_FIXED_R1,giving,1.00,9,1,0.35526315789473684,0.0,0.2236842105263158,0.0,0.42105263157894735,3.0814879110195774e-33,0.0,0.0,0.0,0.0,3.0814879110195774e-33,-0.08473684210526317,0.0005048476454293627,0.19804444444444444,0.0044606380246913595
2026-09-15,V4_DIRECTION_FIXED_R1,giving,1.25,4,1,0.4339622641509434,0.0,0.0,0.2830188679245283,0.2830188679245283,0.0,0.0,0.0,0.0,0.0,0.0,-0.013349056603773536,0.000530836151655394,0.457,0.0059184599999999995
2026-09-15,V4_DIRECTION_FIXED_R1,giving,1.50,3,1,0.59375,0.0,0.0,0.0,0.40625,0.0,0.0,0.0,0.0,0.0,0.0,0.14791666666666667,0.0040972873263888845,0.7933333333333333,0.009738035555555559
2026-09-15,V4_DIRECTION_FIXED_R1,giving,1.75,2,1,0.3142857142857143,0.2857142857142857,0.0,0.0,0.4,0.0,0.0,0.0,0.0,0.0,0.0,0.025142857142857078,0.000752326530612244,0.5738,0.005299839999999997
2026-09-15,V4_DIRECTION_FIXED_R1,giving,2.00,1,1,0.5625,0.0,0.125,0.0,0.3125,0.0,0.0,0.0,0.0,0.0,0.0,0.16562499999999997,0.0,0.791,0.0
2026-09-15,V4_DIRECTION_FIXED_R1,giving,2.25,1,1,0.5,0.0,0.0,0.2222222222222222,0.2777777777777778,0.0,0.0,0.0,0.0,0.0,0.0,0.0411111111111111,0.0,0.5884,0.0
2026-09-15,V4_DIRECTION_FIXED_R1,giving,2.50,1,1,0.18181818181818182,0.0,0.0,0.0,0.8181818181818182,0.0,0.0,0.0,0.0,0.0,0.0,-0.6636363636363637,0.0,0.0046,0.0
2026-09-15,V4_DIRECTION_FIXED_R1,giving,3.25,1,1,0.45260347129506007,0.0,0.0,0.13885180240320427,0.40854472630173566,0.0,0.0,0.0,0.0,0.0,0.0,-0.03441922563417893,0.0,0.1548,0.0
2026-09-15,V4_DIRECTION_FIXED_R1,receiving,0.25,15,1,0.27430555555555547,0.3020833333333333,0.0,0.0,0.42361111111111094,1.232595164407831e-32,0.0,0.0,0.0,2.7733391199176196e-32,2.7733391199176196e-32,-0.06376736111111109,0.001586791288901749,0.15394666666666665,0.025358535822222226
2026-09-15,V4_DIRECTION_FIXED_R1,receiving,0.50,28,1,0.502857142857143,0.0,0.0,0.0,0.49714285714285705,4.930380657631324e-32,0.0,0.0,0.0,4.930380657631324e-32,4.930380657631324e-32,-0.041338775510204054,0.0033418214410662235,0.33173571428571424,0.05569550301020409
2026-09-15,V4_DIRECTION_FIXED_R1,receiving,0.75,10,1,0.4416666666666666,0.0,0.0,0.25833333333333336,0.29999999999999993,1.232595164407831e-32,0.0,0.0,0.0,3.0814879110195774e-33,1.232595164407831e-32,-0.04138333333333332,0.0020903641666666683,0.31504000000000004,0.0391624784
2026-09-15,V4_DIRECTION_FIXED_R1,receiving,1.00,5,1,0.42105263157894735,0.0,0.2236842105263158,0.0,0.35526315789473684,0.0,0.0,0.0,0.0,0.0,0.0,0.041368421052631554,0.0026479335180055364,0.6420399999999999,0.023610150400000002
2026-09-15,V4_DIRECTION_FIXED_R1,receiving,1.25,4,1,0.2830188679245283,0.2830188679245283,0.0,0.0,0.4339622641509434,0.0,0.0,0.0,0.0,0.0,0.0,-0.04551886792452832,0.00288809407262371,0.36305,0.0262010675
2026-09-15,V4_DIRECTION_FIXED_R1,receiving,1.50,6,1,0.40625,0.0,0.0,0.0,0.59375,0.0,0.0,0.0,0.0,0.0,0.0,-0.2152604166666667,0.0015041476779513896,0.1095,0.0026855433333333335
2026-09-15,V4_DIRECTION_FIXED_R1,receiving,1.75,2,1,0.4,0.0,0.0,0.2857142857142857,0.3142857142857143,0.0,0.0,0.0,0.0,0.0,0.0,-0.0751428571428571,0.0003239999999999996,0.2993,0.00221841
2026-09-15,V4_DIRECTION_FIXED_R1,receiving,2.00,2,1,0.3125,0.0,0.125,0.0,0.5625,0.0,0.0,0.0,0.0,0.0,0.0,-0.2625,0.00390625,0.1226,0.0050979599999999995
2026-09-15,V4_DIRECTION_FIXED_R1,receiving,2.25,1,1,0.2777777777777778,0.2222222222222222,0.0,0.0,0.5,0.0,0.0,0.0,0.0,0.0,0.0,-0.18888888888888888,0.0,0.1628,0.0
2026-09-15,V4_DIRECTION_FIXED_R1,receiving,2.50,1,1,0.8181818181818182,0.0,0.0,0.0,0.18181818181818182,0.0,0.0,0.0,0.0,0.0,0.0,0.6118181818181818,0.0,0.9882,0.0
2026-09-16,V4_DIRECTION_FIXED_R1,giving,0.25,11,1,0.42361111111111105,0.0,0.0,0.30208333333333337,0.2743055555555555,3.0814879110195774e-33,0.0,0.0,3.0814879110195774e-33,3.0814879110195774e-33,3.0814879110195774e-33,-0.02946338383838385,0.0017467102368380774,0.3252727272727273,0.06085686743801653
2026-09-16,V4_DIRECTION_FIXED_R1,giving,0.50,11,1,0.49714285714285716,0.0,0.0,0.0,0.5028571428571428,1.232595164407831e-32,0.0,0.0,0.0,1.232595164407831e-32,1.232595164407831e-32,-0.07531428571428572,0.0023861307606679043,0.18952727272727274,0.01712476561983471
2026-09-16,V4_DIRECTION_FIXED_R1,giving,0.75,14,1,0.29999999999999993,0.25833333333333336,0.0,0.0,0.44166666666666654,3.0814879110195774e-33,0.0,0.0,0.0,2.7733391199176196e-32,2.7733391199176196e-32,-0.06982440476190475,0.0027038403220663266,0.22797142857142857,0.034664044897959184
2026-09-16,V4_DIRECTION_FIXED_R1,giving,1.00,8,1,0.35526315789473684,0.0,0.2236842105263158,0.0,0.42105263157894735,3.0814879110195774e-33,0.0,7.703719777548943e-34,0.0,0.0,3.0814879110195774e-33,-0.1292927631578947,0.0010426287114785322,0.0925,0.00411358
2026-09-16,V4_DIRECTION_FIXED_R1,giving,1.25,13,1,0.43396226415094336,0.0,0.0,0.28301886792452835,0.28301886792452835,3.0814879110195774e-33,0.0,0.0,3.0814879110195774e-33,3.0814879110195774e-33,3.0814879110195774e-33,-0.023613933236574715,0.0020557321036988045,0.4192461538461539,0.022366831715976327
2026-09-16,V4_DIRECTION_FIXED_R1,giving,1.50,5,1,0.59375,0.0,0.0,0.0,0.40625,0.0,0.0,0.0,0.0,0.0,0.0,0.10318750000000002,0.007423062500000003,0.71076,0.0271245344
2026-09-16,V4_DIRECTION_FIXED_R1,giving,1.75,2,1,0.3142857142857143,0.2857142857142857,0.0,0.0,0.4,0.0,0.0,0.0,0.0,0.0,0.0,-0.006857142857142895,2.0897959183673362e-05,0.4908,0.00026895999999999995
2026-09-16,V4_DIRECTION_FIXED_R1,giving,2.00,1,1,0.5625,0.0,0.125,0.0,0.3125,0.0,0.0,0.0,0.0,0.0,0.0,0.15999999999999998,0.0,0.787,0.0
2026-09-16,V4_DIRECTION_FIXED_R1,giving,2.25,1,1,0.5,0.0,0.0,0.2222222222222222,0.2777777777777778,0.0,0.0,0.0,0.0,0.0,0.0,0.061111111111111116,0.0,0.6276,0.0
2026-09-16,V4_DIRECTION_FIXED_R1,giving,2.50,1,1,0.18181818181818182,0.0,0.0,0.0,0.8181818181818182,0.0,0.0,0.0,0.0,0.0,0.0,-0.6781818181818182,0.0,0.0022,0.0
2026-09-16,V4_DIRECTION_FIXED_R1,giving,3.25,3,1,0.45260347129506,0.0,0.0,0.13885180240320427,0.40854472630173566,3.0814879110195774e-33,0.0,0.0,0.0,0.0,3.0814879110195774e-33,-0.07967957276368494,0.002144095643323275,0.08386666666666666,0.012089848888888888
2026-09-16,V4_DIRECTION_FIXED_R1,receiving,0.25,34,1,0.2743055555555556,0.30208333333333337,0.0,0.0,0.4236111111111111,2.7733391199176196e-32,3.0814879110195774e-33,0.0,0.0,7.703719777548943e-32,7.703719777548943e-32,-0.057687397875816976,0.0018459031142807147,0.18728823529411764,0.04259635574394464
2026-09-16,V4_DIRECTION_FIXED_R1,receiving,0.50,19,1,0.502857142857143,0.0,0.0,0.0,0.4971428571428571,0.0,0.0,0.0,0.0,0.0,0.0,-0.06600902255639099,0.0019453117123636161,0.21153684210526313,0.02931115390581717
2026-09-16,V4_DIRECTION_FIXED_R1,receiving,0.75,14,1,0.44166666666666654,0.0,0.0,0.25833333333333336,0.29999999999999993,2.7733391199176196e-32,0.0,0.0,0.0,3.0814879110195774e-33,2.7733391199176196e-32,-0.045863095238095265,0.0031773428642290252,0.31829999999999997,0.04180311285714285
2026-09-16,V4_DIRECTION_FIXED_R1,receiving,1.00,6,1,0.42105263157894735,0.0,0.2236842105263158,0.0,0.3552631578947368,0.0,0.0,0.0,0.0,3.0814879110195774e-33,3.0814879110195774e-33,-0.012807017543859675,0.0014044936903662663,0.4444333333333333,0.026010978888888887
2026-09-16,V4_DIRECTION_FIXED_R1,receiving,1.25,8,1,0.2830188679245283,0.2830188679245283,0.0,0.0,0.4339622641509434,0.0,0.0,0.0,0.0,3.0814879110195774e-33,3.0814879110195774e-33,-0.11238207547169812,0.0024994854708081165,0.171225,0.016802104374999998
2026-09-16,V4_DIRECTION_FIXED_R1,receiving,1.50,2,1,0.40625,0.0,0.0,0.0,0.59375,0.0,0.0,0.0,0.0,0.0,0.0,-0.2159375,0.0010562500000000018,0.1088,0.002025
2026-09-16,V4_DIRECTION_FIXED_R1,receiving,1.75,2,1,0.4,0.0,0.0,0.2857142857142857,0.3142857142857143,0.0,0.0,0.0,0.0,0.0,0.0,-0.0871428571428571,0.0009,0.274,0.0058369599999999995
2026-09-16,V4_DIRECTION_FIXED_R1,receiving,2.00,2,1,0.3125,0.0,0.125,0.0,0.5625,0.0,0.0,0.0,0.0,0.0,0.0,-0.2984375,0.002346191406250002,0.0854,0.00254016
2026-09-16,V4_DIRECTION_FIXED_R1,receiving,2.25,1,1,0.2777777777777778,0.2222222222222222,0.0,0.0,0.5,0.0,0.0,0.0,0.0,0.0,0.0,-0.12277777777777782,0.0,0.281,0.0
2026-09-16,V4_DIRECTION_FIXED_R1,receiving,2.50,1,1,0.8181818181818182,0.0,0.0,0.0,0.18181818181818182,0.0,0.0,0.0,0.0,0.0,0.0,0.44,0.0,0.9688,0.0
2026-09-16,V4_DIRECTION_FIXED_R1,receiving,3.25,1,1,0.40854472630173566,0.13885180240320427,0.0,0.0,0.45260347129506007,0.0,0.0,0.0,0.0,0.0,0.0,0.02058744993324435,0.0,0.7312,0.0
2026-09-16,V4_DIRECTION_FIXED_R1,receiving,4.50,1,1,0.4744186046511628,0.0,0.0,0.0,0.5255813953488372,0.0,0.0,0.0,0.0,0.0,0.0,-0.060651162790697655,0.0,0.0584,0.0
2026-09-17,V4_DIRECTION_FIXED_R1,giving,0.25,6,1,0.4236111111111111,0.0,0.0,0.3020833333333333,0.2743055555555556,0.0,0.0,0.0,0.0,0.0,0.0,-0.040567129629629654,0.001097115188828874,0.24939999999999998,0.03639070666666666
2026-09-17,V4_DIRECTION_FIXED_R1,giving,0.50,7,1,0.4971428571428572,0.0,0.0,0.0,0.5028571428571428,3.0814879110195774e-33,0.0,0.0,0.0,1.232595164407831e-32,1.232595164407831e-32,-0.11082448979591837,0.004585912403165347,0.1268,0.013979794285714288
2026-09-17,V4_DIRECTION_FIXED_R1,giving,0.75,7,1,0.3,0.25833333333333336,0.0,0.0,0.44166666666666654,0.0,0.0,0.0,0.0,1.232595164407831e-32,1.232595164407831e-32,-0.08423214285714284,0.0014193446712018134,0.16005714285714287,0.017875059591836738
2026-09-17,V4_DIRECTION_FIXED_R1,giving,1.00,3,1,0.3552631578947369,0.0,0.2236842105263158,0.0,0.42105263157894735,3.0814879110195774e-33,0.0,0.0,0.0,0.0,3.0814879110195774e-33,-0.13092105263157894,0.001062984764542936,0.0914,0.003925226666666668
2026-09-17,V4_DIRECTION_FIXED_R1,giving,1.25,2,1,0.4339622641509434,0.0,0.0,0.2830188679245283,0.2830188679245283,0.0,0.0,0.0,0.0,0.0,0.0,-0.06650943396226414,0.00038135457458170126,0.27849999999999997,0.0038812899999999995
2026-09-17,V4_DIRECTION_FIXED_R1,giving,1.50,3,1,0.59375,0.0,0.0,0.0,0.40625,0.0,0.0,0.0,0.0,0.0,0.0,0.13802083333333334,0.0005718967013888891,0.7968666666666667,0.0013853422222222212
2026-09-17,V4_DIRECTION_FIXED_R1,giving,2.25,1,1,0.5,0.0,0.0,0.2222222222222222,0.2777777777777778,0.0,0.0,0.0,0.0,0.0,0.0,0.13111111111111112,0.0,0.7366,0.0
2026-09-17,V4_DIRECTION_FIXED_R1,giving,2.75,2,1,0.4,0.4,0.0,0.0,0.2,0.0,0.0,0.0,0.0,0.0,0.0,0.37300000000000005,0.0015210000000000026,0.8823000000000001,0.00021025000000000037
2026-09-17,V4_DIRECTION_FIXED_R1,giving,3.00,1,1,0.42857142857142855,0.0,0.2857142857142857,0.0,0.2857142857142857,0.0,0.0,0.0,0.0,0.0,0.0,0.11285714285714288,0.0,0.662,0.0
2026-09-17,V4_DIRECTION_FIXED_R1,giving,5.00,1,1,0.5105421686746988,0.0,0.0286144578313253,0.0,0.4608433734939759,0.0,0.0,0.0,0.0,0.0,0.0,-0.0626204819277108,0.0,0.032,0.0
2026-09-17,V4_DIRECTION_FIXED_R1,receiving,0.25,20,1,0.2743055555555555,0.30208333333333326,0.0,0.0,0.42361111111111105,1.232595164407831e-32,3.0814879110195774e-33,0.0,0.0,4.930380657631324e-32,4.930380657631324e-32,-0.039735243055555536,0.002257658687638648,0.28501000000000004,0.06839746989999998
2026-09-17,V4_DIRECTION_FIXED_R1,receiving,0.50,8,1,0.5028571428571429,0.0,0.0,0.0,0.49714285714285716,1.232595164407831e-32,0.0,0.0,0.0,3.0814879110195774e-33,1.232595164407831e-32,-0.04645714285714286,0.0017886269387755096,0.28345,0.03293110750000001
2026-09-17,V4_DIRECTION_FIXED_R1,receiving,0.75,7,1,0.44166666666666654,0.0,0.0,0.25833333333333336,0.3,1.232595164407831e-32,0.0,0.0,0.0,0.0,1.232595164407831e-32,-0.03671428571428571,0.002265194160997733,0.32762857142857144,0.0425093306122449
2026-09-17,V4_DIRECTION_FIXED_R1,receiving,1.00,4,1,0.42105263157894735,0.0,0.2236842105263158,0.0,0.35526315789473684,0.0,0.0,0.0,0.0,0.0,0.0,0.027894736842105264,0.0073839335180055365,0.5951,0.09551401000000001
2026-09-17,V4_DIRECTION_FIXED_R1,receiving,1.25,2,1,0.2830188679245283,0.2830188679245283,0.0,0.0,0.4339622641509434,0.0,0.0,0.0,0.0,0.0,0.0,-0.032783018867924535,0.0001126401744393019,0.38880000000000003,0.00181476
2026-09-17,V4_DIRECTION_FIXED_R1,receiving,1.50,3,1,0.40625,0.0,0.0,0.0,0.59375,0.0,0.0,0.0,0.0,0.0,0.0,-0.27281250000000007,0.0006931640624999999,0.043733333333333325,0.00026672888888888886
2026-09-17,V4_DIRECTION_FIXED_R1,receiving,1.75,3,1,0.4000000000000001,0.0,0.0,0.2857142857142857,0.3142857142857143,3.0814879110195774e-33,0.0,0.0,0.0,0.0,3.0814879110195774e-33,-0.07180952380952377,9.955555555555525e-05,0.30666666666666664,0.00043680888888888905
2026-09-17,V4_DIRECTION_FIXED_R1,receiving,2.00,1,1,0.3125,0.0,0.125,0.0,0.5625,0.0,0.0,0.0,0.0,0.0,0.0,-0.259375,0.0,0.12,0.0
2026-09-17,V4_DIRECTION_FIXED_R1,receiving,3.25,1,1,0.40854472630173566,0.13885180240320427,0.0,0.0,0.45260347129506007,0.0,0.0,0.0,0.0,0.0,0.0,-0.13236315086782374,0.0,0.0,0.0
2026-09-17,V4_DIRECTION_FIXED_R1,receiving,6.00,1,1,0.4608433734939759,0.0,0.0286144578313253,0.0,0.5105421686746988,0.0,0.0,0.0,0.0,0.0,0.0,-0.02204819277108433,0.0,0.2962,0.0
2026-09-18,V4_DIRECTION_FIXED_R1,giving,0.25,10,1,0.42361111111111105,0.0,0.0,0.30208333333333337,0.2743055555555555,3.0814879110195774e-33,0.0,0.0,3.0814879110195774e-33,3.0814879110195774e-33,3.0814879110195774e-33,-0.008513888888888908,0.002132540702160494,0.46602,0.0757044036
2026-09-18,V4_DIRECTION_FIXED_R1,giving,0.50,8,1,0.49714285714285716,0.0,0.0,0.0,0.5028571428571429,3.0814879110195774e-33,0.0,0.0,0.0,1.232595164407831e-32,1.232595164407831e-32,-0.017521428571428584,0.0012786203571428572,0.417975,0.030022934374999997
2026-09-18,V4_DIRECTION_FIXED_R1,giving,0.75,10,1,0.29999999999999993,0.25833333333333336,0.0,0.0,0.4416666666666666,3.0814879110195774e-33,0.0,0.0,0.0,1.232595164407831e-32,1.232595164407831e-32,-0.03481666666666665,0.003174595902777777,0.37176,0.030627510400000002
2026-09-18,V4_DIRECTION_FIXED_R1,giving,1.00,5,1,0.35526315789473684,0.0,0.2236842105263158,0.0,0.42105263157894735,0.0,0.0,0.0,0.0,0.0,0.0,-0.0849736842105263,0.0010985484764542935,0.20936000000000005,0.0102235744
2026-09-18,V4_DIRECTION_FIXED_R1,giving,1.25,3,1,0.43396226415094336,0.0,0.0,0.2830188679245283,0.2830188679245283,3.0814879110195774e-33,0.0,0.0,0.0,0.0,3.0814879110195774e-33,0.0036477987421383953,0.0009081365452315967,0.5008,0.00977096
2026-09-18,V4_DIRECTION_FIXED_R1,giving,1.50,1,1,0.59375,0.0,0.0,0.0,0.40625,0.0,0.0,0.0,0.0,0.0,0.0,0.22312500000000002,0.0,0.8916,0.0
2026-09-18,V4_DIRECTION_FIXED_R1,giving,2.50,1,1,0.18181818181818182,0.0,0.0,0.0,0.8181818181818182,0.0,0.0,0.0,0.0,0.0,0.0,-0.6472727272727273,0.0,0.0084,0.0
2026-09-18,V4_DIRECTION_FIXED_R1,giving,3.75,1,1,0.49416909620991256,0.0597667638483965,0.0,0.0,0.446064139941691,0.0,0.0,0.0,0.0,0.0,0.0,0.08322886297376092,0.0,0.9884,0.0
2026-09-18,V4_DIRECTION_FIXED_R1,receiving,0.25,38,1,0.2743055555555555,0.3020833333333334,0.0,0.0,0.4236111111111111,2.7733391199176196e-32,1.232595164407831e-32,0.0,0.0,7.703719777548943e-32,7.703719777548943e-32,-0.0429253472222222,0.0026402455231367265,0.2682526315789474,0.07113482038781165
2026-09-18,V4_DIRECTION_FIXED_R1,receiving,0.50,30,1,0.502857142857143,0.0,0.0,0.0,0.49714285714285705,4.930380657631324e-32,0.0,0.0,0.0,4.930380657631324e-32,4.930380657631324e-32,-0.057142857142857134,0.0033424579047619052,0.26082000000000005,0.0525555316
2026-09-18,V4_DIRECTION_FIXED_R1,receiving,0.75,17,1,0.44166666666666665,0.0,0.0,0.25833333333333336,0.3,2.7733391199176196e-32,0.0,0.0,0.0,3.0814879110195774e-33,2.7733391199176196e-32,-0.010102941176470589,0.004991212850826607,0.4354235294117647,0.08273399474048443
2026-09-18,V4_DIRECTION_FIXED_R1,receiving,1.00,14,1,0.4210526315789473,0.0,0.22368421052631585,0.0,0.35526315789473684,3.0814879110195774e-33,0.0,3.0814879110195774e-33,0.0,0.0,3.0814879110195774e-33,0.049849624060150366,0.00117813330318277,0.6803714285714285,0.012401090612244899
2026-09-18,V4_DIRECTION_FIXED_R1,receiving,1.25,12,1,0.28301886792452835,0.28301886792452835,0.0,0.0,0.43396226415094336,3.0814879110195774e-33,3.0814879110195774e-33,0.0,0.0,3.0814879110195774e-33,3.0814879110195774e-33,-0.039858490566037734,0.0011439235493058033,0.36923333333333336,0.011536452222222222
2026-09-18,V4_DIRECTION_FIXED_R1,receiving,1.50,3,1,0.40625,0.0,0.0,0.0,0.59375,0.0,0.0,0.0,0.0,0.0,0.0,-0.19291666666666663,0.0003777560763888888,0.1366666666666667,0.0007915288888888887
2026-09-18,V4_DIRECTION_FIXED_R1,receiving,1.75,2,1,0.4,0.0,0.0,0.2857142857142857,0.3142857142857143,0.0,0.0,0.0,0.0,0.0,0.0,-0.1291428571428571,0.0003999999999999996,0.17320000000000002,0.0017808400000000001
2026-09-18,V4_DIRECTION_FIXED_R1,receiving,2.00,3,1,0.3125,0.0,0.125,0.0,0.5625,0.0,0.0,0.0,0.0,0.0,0.0,-0.28229166666666666,0.005301649305555554,0.10873333333333335,0.006139528888888889
2026-09-18,V4_DIRECTION_FIXED_R1,receiving,2.25,2,1,0.2777777777777778,0.2222222222222222,0.0,0.0,0.5,0.0,0.0,0.0,0.0,0.0,0.0,-0.10333333333333333,0.0001361111111111109,0.31889999999999996,0.0005522499999999997
2026-09-18,V4_DIRECTION_FIXED_R1,receiving,3.00,1,1,0.2857142857142857,0.0,0.2857142857142857,0.0,0.42857142857142855,0.0,0.0,0.0,0.0,0.0,0.0,-0.19142857142857142,0.0,0.25,0.0
