日期,赛事,比赛,模拟ID,赛制阶段,市场框架,模拟盘口/价格,模拟方向,虚拟仓位单位,基本面拉力,盘口倾向,Polymarket/交易所情绪,流动性,模拟目的,是否主单,赛果,模拟盈亏单位,过程评级,错误类型,模型更新
2026-09-08,韩K联,仁川联 vs 富川FC,20260908-TITAN-2929717-亚盘意图框架-待EV筛选,排名/阶段 9-10,亚盘意图框架-待EV筛选,已读取亚盘/欧赔/大小球即时快照；亚盘投注由标签历史+微观组合+水位阈值+同档否决+风控漏斗决定,待标签/微观/水位框架筛选,0,主客排名/阶段 9-10；综合评分 主55/客45；伤停 主[9 穆格沙(中锋)-未知的损伤、21 李太熙(守门员)-未知的损伤、88 鄭佑金(前腰)-踝关节扭伤、6 文智焕(后腰)...] / 客[未接入/待核]；首发未接入/待赛前1小时核；近况 全部/记录: 主3胜4平3负 / 客4胜4平2负；主队 客队/记录: 主3胜3平4负 / 客3胜4平3负；H2H 全部/记录: 主3胜2平1负 / 客1胜2平3负；主客相同/记录: 主2胜1平0负 / 客0胜1平2负,Titan007亚盘 开 1.01/0.75/0.87；即 1.06/0.75/0.82；欧赔 开 1.75/3.43/4.55；即 1.74/3.43/4.5；去水 主52.8%/平26.8%/客20.4%；返还率91.9%；大小球 开 0.92/2.25/0.95；即 0.91/2.25/0.96；亚盘意图候选：阻上/降温保护（中证据）；依据：主队上盘，让球基本稳定，上盘水位1.06，下盘水位0.82，欧赔变化不大；缺首发、PM/必发资金流；资金流未验证：沿用亚盘EV框架（无PM/必发匹配）；亚盘下注由EV漏斗决定；PM/必发/BTTS缺口只作证据折扣；亚盘按标签+微观+水位+同档+风控判断,资金流未验证：沿用亚盘EV框架（无PM/必发匹配）,Titan价格流；PM/必发/BTTS未匹配；资金流未验证不改变亚盘EV流程,严格按skill：展示盘口快照和球探详情；PM/必发/BTTS缺口只禁止对应市场主单，亚盘按标签+微观+水位+同档+风控漏斗判断,否,待赛,不计,NA,亚盘EV待筛选,本次更新已重新读取即时盘口；亚盘方向由HTML红框EV漏斗给出；无投注数据时沿用原亚盘EV框架，有Chuqi/必发匹配时按资金流验证矩阵审计
2026-09-08,韩K联,蔚山HD vs FC首尔,20260908-TITAN-2929718-亚盘意图框架-待EV筛选,排名/阶段 3-1,亚盘意图框架-待EV筛选,已读取亚盘/欧赔/大小球即时快照；亚盘投注由标签历史+微观组合+水位阈值+同档否决+风控漏斗决定,待标签/微观/水位框架筛选,0,主客排名/阶段 3-1；综合评分 主45/客55；伤停 主[55 欧德科特(中卫)-未知的损伤、11 法里亚斯(中锋)-跟腱手术、99 Y·卡里略(中锋)-红牌禁赛、96 崔硕贤(...] / 客[4 李相珉(中卫)-未知的损伤、40 朴成勋(中卫)-被征召到国家队、41 黄度尹(后腰)-被征召到国家队]；首发未接入/待赛前1小时核；近况 全部/记录: 主4胜1平5负 / 客6胜2平2负；主队 客队/记录: 主5胜0平5负 / 客6胜2平2负；H2H 全部/记录: 主1胜2平3负 / 客3胜2平1负；主客相同/记录: 主2胜3平1负 / 客1胜3平2负,Titan007亚盘 开 0.96/-0.25/0.92；即 1.04/-0.25/0.84；欧赔 开 3.28/3.41/2.07；即 3.1/3.26/2.18；去水 主29.6%/平28.2%/客42.2%；返还率91.9%；大小球 开 0.87/2.75/1.0；即 0.8/2.75/1.07；亚盘意图候选：诱上/阻下（中证据）；依据：客队上盘，让球基本稳定，上盘水位0.84，下盘水位1.04，欧赔削弱上盘；缺首发、PM/必发资金流；资金流未验证：沿用亚盘EV框架（无PM/必发匹配）；亚盘下注由EV漏斗决定；PM/必发/BTTS缺口只作证据折扣；亚盘按标签+微观+水位+同档+风控判断,资金流未验证：沿用亚盘EV框架（无PM/必发匹配）,Titan价格流；PM/必发/BTTS未匹配；资金流未验证不改变亚盘EV流程,严格按skill：展示盘口快照和球探详情；PM/必发/BTTS缺口只禁止对应市场主单，亚盘按标签+微观+水位+同档+风控漏斗判断,否,待赛,不计,NA,亚盘EV待筛选,本次更新已重新读取即时盘口；亚盘方向由HTML红框EV漏斗给出；无投注数据时沿用原亚盘EV框架，有Chuqi/必发匹配时按资金流验证矩阵审计
2026-09-08,沙特联,达曼协作 vs 费萨里哈曼,20260908-TITAN-3046978-亚盘意图框架-待EV筛选,排名/阶段 8-17,亚盘意图框架-待EV筛选,已读取亚盘/欧赔/大小球即时快照；亚盘投注由标签历史+微观组合+水位阈值+同档否决+风控漏斗决定,待标签/微观/水位框架筛选,0,主客排名/阶段 8-17；综合评分 主55/客45；伤停 主[未接入/待核] / 客[0 伊萨(中场)-未知的损伤、14 A·莫格伦(前锋)-腿筋受伤]；首发未接入/待赛前1小时核；近况 全部/记录: 主4胜2平4负 / 客4胜2平4负；主队 客队/记录: 主4胜2平4负 / 客7胜1平2负；H2H 全部/记录: 主4胜2平0负 / 客0胜2平4负；主客相同/记录: 主2胜2平2负 / 客2胜2平2负,Titan007亚盘 开 0.92/0.5/0.9；即 0.92/0.5/0.9；欧赔 开 1.9/3.73/3.44；即 1.96/3.61/3.32；去水 主46.9%/平25.5%/客27.7%；返还率91.9%；大小球 开 1.0/3.0/0.8；即 0.9/3.0/0.9；亚盘意图候选：平衡盘/等待临场确认（中证据）；依据：主队上盘，让球基本稳定，上盘水位0.92，下盘水位0.90，欧赔变化不大；缺首发、PM/必发资金流；资金流未验证：沿用亚盘EV框架（无PM/必发匹配）；亚盘下注由EV漏斗决定；PM/必发/BTTS缺口只作证据折扣；亚盘按标签+微观+水位+同档+风控判断,资金流未验证：沿用亚盘EV框架（无PM/必发匹配）,Titan价格流；PM/必发/BTTS未匹配；资金流未验证不改变亚盘EV流程,严格按skill：展示盘口快照和球探详情；PM/必发/BTTS缺口只禁止对应市场主单，亚盘按标签+微观+水位+同档+风控漏斗判断,否,待赛,不计,NA,亚盘EV待筛选,本次更新已重新读取即时盘口；亚盘方向由HTML红框EV漏斗给出；无投注数据时沿用原亚盘EV框架，有Chuqi/必发匹配时按资金流验证矩阵审计
2026-09-08,沙特联,哈森姆 vs 布赖代合作,20260908-TITAN-3046979-亚盘意图框架-待EV筛选,排名/阶段 10-13,亚盘意图框架-待EV筛选,已读取亚盘/欧赔/大小球即时快照；亚盘投注由标签历史+微观组合+水位阈值+同档否决+风控漏斗决定,待标签/微观/水位框架筛选,0,主客排名/阶段 10-13；综合评分 主46/客54；伤停 主[0 苏拜(左后卫)-未知的损伤] / 客[47 Y.巴赫拉维(前锋)-间接红牌停赛]；首发未接入/待赛前1小时核；近况 全部/记录: 主3胜3平4负 / 客2胜4平4负；主队 客队/记录: 主6胜2平2负 / 客3胜3平4负；H2H 全部/记录: 主1胜2平3负 / 客3胜2平1负；主客相同/记录: 主1胜3平2负 / 客2胜3平1负,Titan007亚盘 开 0.83/-0.25/0.99；即 0.96/-0.25/0.86；欧赔 开 3.16/3.39/2.11；即 3.36/3.55/1.97；去水 主27.4%/平25.9%/客46.7%；返还率92.0%；大小球 开 0.82/2.5/0.98；即 0.82/2.5/0.98；亚盘意图候选：平衡盘/等待临场确认（中证据）；依据：客队上盘，让球基本稳定，上盘水位0.86，下盘水位0.96，欧赔支持上盘；缺首发、PM/必发资金流；资金流未验证：沿用亚盘EV框架（无PM/必发匹配）；亚盘下注由EV漏斗决定；PM/必发/BTTS缺口只作证据折扣；亚盘按标签+微观+水位+同档+风控判断,资金流未验证：沿用亚盘EV框架（无PM/必发匹配）,Titan价格流；PM/必发/BTTS未匹配；资金流未验证不改变亚盘EV流程,严格按skill：展示盘口快照和球探详情；PM/必发/BTTS缺口只禁止对应市场主单，亚盘按标签+微观+水位+同档+风控漏斗判断,否,待赛,不计,NA,亚盘EV待筛选,本次更新已重新读取即时盘口；亚盘方向由HTML红框EV漏斗给出；无投注数据时沿用原亚盘EV框架，有Chuqi/必发匹配时按资金流验证矩阵审计
2026-09-08,俄杯,伊凡诺沃 vs 图拉兵工厂,20260908-TITAN-3013074-亚盘意图框架-待EV筛选,排名/阶段 俄甲16-俄甲10,亚盘意图框架-待EV筛选,已读取亚盘/欧赔/大小球即时快照；亚盘投注由标签历史+微观组合+水位阈值+同档否决+风控漏斗决定,待标签/微观/水位框架筛选,0,主客排名/阶段 俄甲16-俄甲10；综合评分 主44/客56；伤停 主[20 罗斯普特科(中场)-断腿] / 客[31 布沙科夫(中卫)-未知的损伤]；首发未接入/待赛前1小时核；近况 全部/记录: 主1胜3平6负 / 客3胜3平4负；主队 客队/记录: 主2胜3平5负 / 客1胜4平5负；H2H 全部/记录: 主0胜1平1负 / 客1胜1平0负；主客相同/记录: 主0胜1平0负 / 客0胜1平0负,Titan007亚盘 开 0.71/-0.25/0.99；即 0.71/-0.25/0.99；欧赔 开 2.73/3.16/2.44；即 2.73/2.97/2.58；去水 主33.6%/平30.9%/客35.5%；返还率91.7%；大小球 开 0.92/2.5/0.78；即 0.92/2.5/0.78；亚盘意图候选：诱下/上盘降温（中证据）；依据：客队上盘，让球基本稳定，上盘水位0.99，下盘水位0.71，欧赔削弱上盘；缺首发、PM/必发资金流；资金流未验证：沿用亚盘EV框架（无PM/必发匹配）；亚盘下注由EV漏斗决定；PM/必发/BTTS缺口只作证据折扣；亚盘按标签+微观+水位+同档+风控判断,资金流未验证：沿用亚盘EV框架（无PM/必发匹配）,Titan价格流；PM/必发/BTTS未匹配；资金流未验证不改变亚盘EV流程,严格按skill：展示盘口快照和球探详情；PM/必发/BTTS缺口只禁止对应市场主单，亚盘按标签+微观+水位+同档+风控漏斗判断,否,待赛,不计,NA,亚盘EV待筛选,本次更新已重新读取即时盘口；亚盘方向由HTML红框EV漏斗给出；无投注数据时沿用原亚盘EV框架，有Chuqi/必发匹配时按资金流验证矩阵审计
2026-09-08,欧冠杯,AEK雅典 vs LASK林茨,20260908-TITAN-3073215-亚盘意图框架-待EV筛选,排名/阶段 希腊超2-奥甲1,亚盘意图框架-待EV筛选,已读取亚盘/欧赔/大小球即时快照；亚盘投注由标签历史+微观组合+水位阈值+同档否决+风控漏斗决定,待标签/微观/水位框架筛选,0,主客排名/阶段 希腊超2-奥甲1；综合评分 主54/客46；伤停 主[5 阿列克西奥(后卫)-因不明伤病无参赛资格、7 库泰萨(左边锋)-资格限制、0 派洛特(中锋)-资格限制、15 马丁·...] / 客[22 哈拉卡特(中锋)-十字韧带撕裂、5 斯马卡积(后腰)-资格限制、52 切克内(中卫)-资格限制、7 阿德尼兰(中锋...]；首发未接入/待赛前1小时核；近况 全部/记录: 主5胜5平0负 / 客9胜0平1负；主队 客队/记录: 主7胜2平1负 / 客7胜1平2负,Titan007亚盘 开 0.89/0.75/0.99；即 1.0/0.75/0.88；欧赔 开 1.77/3.91/4.29；即 1.72/3.91/4.41；去水 主54.6%/平24.0%/客21.3%；返还率94.0%；大小球 开 0.83/2.75/1.03；即 1.03/3.0/0.85；亚盘意图候选：平衡盘/等待临场确认（中证据）；依据：主队上盘，让球基本稳定，上盘水位1.00，下盘水位0.88，欧赔变化不大；缺首发、H2H、PM/必发资金流；资金流未验证：沿用亚盘EV框架（无PM/必发匹配）；亚盘下注由EV漏斗决定；PM/必发/BTTS缺口只作证据折扣；亚盘按标签+微观+水位+同档+风控判断,资金流未验证：沿用亚盘EV框架（无PM/必发匹配）,Titan价格流；PM/必发/BTTS未匹配；资金流未验证不改变亚盘EV流程,严格按skill：展示盘口快照和球探详情；PM/必发/BTTS缺口只禁止对应市场主单，亚盘按标签+微观+水位+同档+风控漏斗判断,否,待赛,不计,NA,亚盘EV待筛选,本次更新已重新读取即时盘口；亚盘方向由HTML红框EV漏斗给出；无投注数据时沿用原亚盘EV框架，有Chuqi/必发匹配时按资金流验证矩阵审计
2026-09-08,欧冠杯,布鲁日 vs 阿斯顿维拉,20260908-TITAN-3073135-亚盘意图框架-待EV筛选,排名/阶段 比甲3-英超17,亚盘意图框架-待EV筛选,已读取亚盘/欧赔/大小球即时快照；亚盘投注由标签历史+微观组合+水位阈值+同档否决+风控漏斗决定,待标签/微观/水位框架筛选,0,主客排名/阶段 比甲3-英超17；综合评分 主54/客46；伤停 主[4 奥多涅斯(中卫)-跖骨骨折] / 客[24 A·奥纳纳(后腰)-十字韧带撕裂、44 曼赞比(前腰)-膝盖挫伤、39 B·马德乔(中锋)-脚踝损伤、4 T.贝利...]；首发未接入/待赛前1小时核；近况 全部/记录: 主7胜2平1负 / 客4胜2平4负；主队 客队/记录: 主8胜2平0负 / 客3胜3平4负；H2H 全部/记录: 主1胜0平2负 / 客2胜0平1负；主客相同/记录: 主1胜0平1负 / 客1胜0平1负,Titan007亚盘 开 1.0/0.0/0.88；即 1.02/0.0/0.86；欧赔 开 2.67/3.58/2.51；即 2.69/3.62/2.41；去水 主35.0%/平26.0%/客39.0%；返还率94.1%；大小球 开 0.91/2.75/0.95；即 0.94/2.75/0.94；亚盘意图候选：阻下/下盘保护（中证据）；依据：客队上盘，让球基本稳定，上盘水位0.86，下盘水位1.02，欧赔支持上盘；缺首发、PM/必发资金流；资金流未验证：沿用亚盘EV框架（无PM/必发匹配）；亚盘下注由EV漏斗决定；PM/必发/BTTS缺口只作证据折扣；亚盘按标签+微观+水位+同档+风控判断,资金流未验证：沿用亚盘EV框架（无PM/必发匹配）,Titan价格流；PM/必发/BTTS未匹配；资金流未验证不改变亚盘EV流程,严格按skill：展示盘口快照和球探详情；PM/必发/BTTS缺口只禁止对应市场主单，亚盘按标签+微观+水位+同档+风控漏斗判断,否,待赛,不计,NA,亚盘EV待筛选,本次更新已重新读取即时盘口；亚盘方向由HTML红框EV漏斗给出；无投注数据时沿用原亚盘EV框架，有Chuqi/必发匹配时按资金流验证矩阵审计
2026-09-08,荷甲,奈梅亨 vs SBV精英,20260908-TITAN-2996117-亚盘意图框架-待EV筛选,排名/阶段 10-5,亚盘意图框架-待EV筛选,已读取亚盘/欧赔/大小球即时快照；亚盘投注由标签历史+微观组合+水位阈值+同档否决+风控漏斗决定,待标签/微观/水位框架筛选,0,主客排名/阶段 10-5；综合评分 主52/客48；伤停 主[7 莫尔(中场)-轻微震荡、3 桑德勒(中卫)-未知的损伤、13 A·卡普兰(中卫)-膝关节损伤、24 丰维尔(中卫)-...] / 客[10 诺亚·诺约克斯(中前卫)-轻微震荡、11 贾汉巴卡什(右边锋)-撞伤]；首发未接入/待赛前1小时核；近况 全部/记录: 主3胜2平5负 / 客6胜2平2负；主队 客队/记录: 主3胜4平3负 / 客5胜3平2负；H2H 全部/记录: 主4胜1平1负 / 客1胜1平4负；主客相同/记录: 主3胜1平2负 / 客2胜1平3负,Titan007亚盘 开 1.02/1.25/0.86；即 0.99/1.0/0.89；欧赔 开 1.56/4.39/5.11；即 1.43/4.78/5.99；去水 主65.0%/平19.5%/客15.5%；返还率93.0%；大小球 开 0.93/3.25/0.93；即 0.99/3.5/0.88；亚盘意图候选：降温保护/诱下（中证据）；依据：主队上盘，让球退盘，上盘水位0.99，下盘水位0.89，欧赔支持上盘；缺首发、PM/必发资金流；资金流未验证：沿用亚盘EV框架（无PM/必发匹配）；亚盘下注由EV漏斗决定；PM/必发/BTTS缺口只作证据折扣；亚盘按标签+微观+水位+同档+风控判断,资金流未验证：沿用亚盘EV框架（无PM/必发匹配）,Titan价格流；PM/必发/BTTS未匹配；资金流未验证不改变亚盘EV流程,严格按skill：展示盘口快照和球探详情；PM/必发/BTTS缺口只禁止对应市场主单，亚盘按标签+微观+水位+同档+风控漏斗判断,否,待赛,不计,NA,亚盘EV待筛选,本次更新已重新读取即时盘口；亚盘方向由HTML红框EV漏斗给出；无投注数据时沿用原亚盘EV框架，有Chuqi/必发匹配时按资金流验证矩阵审计
2026-09-08,沙特联,卡达西亚 vs 吉达国民,20260908-TITAN-3046981-亚盘意图框架-待EV筛选,排名/阶段 3-6,亚盘意图框架-待EV筛选,已读取亚盘/欧赔/大小球即时快照；亚盘投注由标签历史+微观组合+水位阈值+同档否决+风控漏斗决定,待标签/微观/水位框架筛选,0,主客排名/阶段 3-6；综合评分 主52/客48；伤停 主[23 艾哈迈德(中卫)-十字韧带撕裂] / 客[16 E.门迪(守门员)-韧带损伤]；首发未接入/待赛前1小时核；近况 全部/记录: 主9胜0平1负 / 客8胜0平2负；主队 客队/记录: 主6胜3平1负 / 客5胜2平3负；H2H 全部/记录: 主2胜1平3负 / 客3胜1平2负；主客相同/记录: 主3胜1平2负 / 客2胜1平3负,Titan007亚盘 开 0.96/0.5/0.86；即 0.96/0.5/0.86；欧赔 开 1.96/3.7/3.31；即 1.81/3.85/3.63；去水 主50.8%/平23.9%/客25.3%；返还率91.9%；大小球 开 0.8/3.0/1.0；即 0.84/3.0/0.96；亚盘意图候选：平衡盘/等待临场确认（中证据）；依据：主队上盘，让球基本稳定，上盘水位0.96，下盘水位0.86，欧赔支持上盘；缺首发、PM/必发资金流；资金流未验证：沿用亚盘EV框架（无PM/必发匹配）；亚盘下注由EV漏斗决定；PM/必发/BTTS缺口只作证据折扣；亚盘按标签+微观+水位+同档+风控判断,资金流未验证：沿用亚盘EV框架（无PM/必发匹配）,Titan价格流；PM/必发/BTTS未匹配；资金流未验证不改变亚盘EV流程,严格按skill：展示盘口快照和球探详情；PM/必发/BTTS缺口只禁止对应市场主单，亚盘按标签+微观+水位+同档+风控漏斗判断,否,待赛,不计,NA,亚盘EV待筛选,本次更新已重新读取即时盘口；亚盘方向由HTML红框EV漏斗给出；无投注数据时沿用原亚盘EV框架，有Chuqi/必发匹配时按资金流验证矩阵审计
2026-09-08,沙特联,吉达联合 vs 费哈,20260908-TITAN-3046980-亚盘意图框架-待EV筛选,排名/阶段 4-11,亚盘意图框架-待EV筛选,已读取亚盘/欧赔/大小球即时快照；亚盘投注由标签历史+微观组合+水位阈值+同档否决+风控漏斗决定,待标签/微观/水位框架筛选,0,主客排名/阶段 4-11；综合评分 主72/客28；伤停 主[17 杜姆比亚(中前卫)-十字韧带撕裂、80 H·哈姆迪(中前卫)-十字韧带损伤、78 R·费尔南德斯(右边锋)-十字韧...] / 客[23 萨戈利奥(右边锋)-未知的损伤]；首发未接入/待赛前1小时核；近况 全部/记录: 主6胜2平2负 / 客3胜2平5负；主队 客队/记录: 主6胜2平2负 / 客3胜2平5负；H2H 全部/记录: 主4胜2平0负 / 客0胜2平4负；主客相同/记录: 主6胜0平0负 / 客0胜0平6负,Titan007亚盘 开 1.0/1.25/0.82；即 0.93/1.25/0.89；欧赔 开 1.43/4.67/5.9；即 1.46/4.54/5.42；去水 主62.9%/平20.2%/客16.9%；返还率91.8%；大小球 开 0.98/3.25/0.82；即 0.98/3.25/0.82；亚盘意图候选：平衡盘/等待临场确认（中证据）；依据：主队上盘，让球基本稳定，上盘水位0.93，下盘水位0.89，欧赔变化不大；缺首发、PM/必发资金流；资金流未验证：沿用亚盘EV框架（无PM/必发匹配）；亚盘下注由EV漏斗决定；PM/必发/BTTS缺口只作证据折扣；亚盘按标签+微观+水位+同档+风控判断,资金流未验证：沿用亚盘EV框架（无PM/必发匹配）,Titan价格流；PM/必发/BTTS未匹配；资金流未验证不改变亚盘EV流程,严格按skill：展示盘口快照和球探详情；PM/必发/BTTS缺口只禁止对应市场主单，亚盘按标签+微观+水位+同档+风控漏斗判断,否,待赛,不计,NA,亚盘EV待筛选,本次更新已重新读取即时盘口；亚盘方向由HTML红框EV漏斗给出；无投注数据时沿用原亚盘EV框架，有Chuqi/必发匹配时按资金流验证矩阵审计
2026-09-08,希腊杯,奥林匹亚科斯 vs 维洛斯NFC,20260908-TITAN-3074088-亚盘意图框架-待EV筛选,排名/阶段 希腊超3-希腊超8,亚盘意图框架-待EV筛选,已读取亚盘/欧赔/大小球即时快照；亚盘投注由标签历史+微观组合+水位阈值+同档否决+风控漏斗决定,待标签/微观/水位框架筛选,0,主客排名/阶段 希腊超3-希腊超8；综合评分 主77/客23；伤停未发现结构化名单/待临场核；首发未接入/待赛前1小时核；近况 全部/记录: 主4胜5平1负 / 客1胜3平6负；主队 客队/记录: 主3胜4平3负 / 客1胜0平9负；H2H 全部/记录: 主5胜1平0负 / 客0胜1平5负；主客相同/记录: 主5胜1平0负 / 客0胜1平5负,Titan007亚盘 开 0.78/2.25/0.98；即 0.98/2.5/0.78；欧赔 开 1.1/7.84/16.9；即 1.13/6.95/15.2；去水 主80.8%/平13.1%/客6.0%；返还率91.4%；大小球 开 0.82/3.25/0.94；即 0.82/3.25/0.94；亚盘意图候选：真实示强/阻上（中证据）；依据：主队上盘，让球加深，上盘水位0.98，下盘水位0.78，欧赔变化不大；缺伤停、首发、PM/必发资金流；资金流未验证：沿用亚盘EV框架（无PM/必发匹配）；亚盘下注由EV漏斗决定；PM/必发/BTTS缺口只作证据折扣；亚盘按标签+微观+水位+同档+风控判断,资金流未验证：沿用亚盘EV框架（无PM/必发匹配）,Titan价格流；PM/必发/BTTS未匹配；资金流未验证不改变亚盘EV流程,严格按skill：展示盘口快照和球探详情；PM/必发/BTTS缺口只禁止对应市场主单，亚盘按标签+微观+水位+同档+风控漏斗判断,否,待赛,不计,NA,亚盘EV待筛选,本次更新已重新读取即时盘口；亚盘方向由HTML红框EV漏斗给出；无投注数据时沿用原亚盘EV框架，有Chuqi/必发匹配时按资金流验证矩阵审计
2026-09-08,苏挑杯,东基尔布莱德 vs 保尼玫瑰,20260908-TITAN-3036334-亚盘意图框架-待EV筛选,排名/阶段 苏甲6-,亚盘意图框架-待EV筛选,已读取亚盘/欧赔/大小球即时快照；亚盘投注由标签历史+微观组合+水位阈值+同档否决+风控漏斗决定,待标签/微观/水位框架筛选,0,主客排名/阶段 苏甲6-；综合评分 主50/客50；伤停未发现结构化名单/待临场核；首发未接入/待赛前1小时核；近况 全部/记录: 主5胜1平4负 / 客6胜1平3负；主队 客队/记录: 主9胜0平1负 / 客5胜3平2负；H2H 全部/记录: 主2胜1平3负 / 客3胜1平2负；主客相同/记录: 主2胜0平2负 / 客2胜0平2负,Titan007亚盘 开 0.75/1.25/0.95；即 0.75/1.25/0.95；欧赔 开 1.39/4.67/5.84；即 1.49/4.64/4.7；去水 主61.0%/平19.6%/客19.4%；返还率91.0%；大小球 开 0.8/3.5/0.9；即 0.85/3.5/0.85；亚盘意图候选：诱上/阻下（中证据）；依据：主队上盘，让球基本稳定，上盘水位0.75，下盘水位0.95，欧赔削弱上盘；缺伤停、首发、PM/必发资金流；资金流未验证：沿用亚盘EV框架（无PM/必发匹配）；亚盘下注由EV漏斗决定；PM/必发/BTTS缺口只作证据折扣；亚盘按标签+微观+水位+同档+风控判断,资金流未验证：沿用亚盘EV框架（无PM/必发匹配）,Titan价格流；PM/必发/BTTS未匹配；资金流未验证不改变亚盘EV流程,严格按skill：展示盘口快照和球探详情；PM/必发/BTTS缺口只禁止对应市场主单，亚盘按标签+微观+水位+同档+风控漏斗判断,否,待赛,不计,NA,亚盘EV待筛选,本次更新已重新读取即时盘口；亚盘方向由HTML红框EV漏斗给出；无投注数据时沿用原亚盘EV框架，有Chuqi/必发匹配时按资金流验证矩阵审计
2026-09-08,苏挑杯,克莱德班克 vs 艾洛亚,20260908-TITAN-3036330-亚盘意图框架-待EV筛选,排名/阶段 -苏甲3,亚盘意图框架-待EV筛选,已读取亚盘/欧赔/大小球即时快照；亚盘投注由标签历史+微观组合+水位阈值+同档否决+风控漏斗决定,待标签/微观/水位框架筛选,0,主客排名/阶段 -苏甲3；综合评分 主59/客41；伤停未发现结构化名单/待临场核；首发未接入/待赛前1小时核；近况 全部/记录: 主7胜1平2负 / 客4胜4平2负；主队 客队/记录: 主8胜0平2负 / 客4胜1平5负,Titan007亚盘 开 0.75/-1.0/0.95；即 0.67/-1.0/1.03；欧赔 开 3.94/4.37/1.61；即 4.89/4.68/1.48；去水 主18.7%/平19.5%/客61.8%；返还率91.4%；大小球 开 0.85/3.0/0.85；即 0.85/3.0/0.85；亚盘意图候选：阻上/降温保护（中证据）；依据：客队上盘，让球基本稳定，上盘水位1.03，下盘水位0.67，欧赔支持上盘；缺伤停、首发、H2H、PM/必发资金流；资金流未验证：沿用亚盘EV框架（无PM/必发匹配）；亚盘下注由EV漏斗决定；PM/必发/BTTS缺口只作证据折扣；亚盘按标签+微观+水位+同档+风控判断,资金流未验证：沿用亚盘EV框架（无PM/必发匹配）,Titan价格流；PM/必发/BTTS未匹配；资金流未验证不改变亚盘EV流程,严格按skill：展示盘口快照和球探详情；PM/必发/BTTS缺口只禁止对应市场主单，亚盘按标签+微观+水位+同档+风控漏斗判断,否,待赛,不计,NA,亚盘EV待筛选,本次更新已重新读取即时盘口；亚盘方向由HTML红框EV漏斗给出；无投注数据时沿用原亚盘EV框架，有Chuqi/必发匹配时按资金流验证矩阵审计
2026-09-08,苏挑杯,加迪 vs 东法夫郡,20260908-TITAN-3036329-亚盘意图框架-待EV筛选,排名/阶段 苏乙1-苏甲5,亚盘意图框架-待EV筛选,已读取亚盘/欧赔/大小球即时快照；亚盘投注由标签历史+微观组合+水位阈值+同档否决+风控漏斗决定,待标签/微观/水位框架筛选,0,主客排名/阶段 苏乙1-苏甲5；综合评分 主58/客42；伤停未发现结构化名单/待临场核；首发未接入/待赛前1小时核；近况 全部/记录: 主5胜1平4负 / 客2胜6平2负；主队 客队/记录: 主8胜1平1负 / 客0胜7平3负；H2H 全部/记录: 主3胜0平3负 / 客3胜0平3负；主客相同/记录: 主3胜0平3负 / 客3胜0平3负,Titan007亚盘 开 0.73/-0.25/0.97；即 0.73/-0.25/0.97；欧赔 开 2.66/3.41/2.28；即 2.58/3.59/2.27；去水 主35.0%/平25.2%/客39.8%；返还率90.4%；大小球 开 0.78/2.75/0.92；即 0.78/2.75/0.92；亚盘意图候选：诱下/上盘降温（中证据）；依据：客队上盘，让球基本稳定，上盘水位0.97，下盘水位0.73，欧赔变化不大；缺伤停、首发、PM/必发资金流；资金流未验证：沿用亚盘EV框架（无PM/必发匹配）；亚盘下注由EV漏斗决定；PM/必发/BTTS缺口只作证据折扣；亚盘按标签+微观+水位+同档+风控判断,资金流未验证：沿用亚盘EV框架（无PM/必发匹配）,Titan价格流；PM/必发/BTTS未匹配；资金流未验证不改变亚盘EV流程,严格按skill：展示盘口快照和球探详情；PM/必发/BTTS缺口只禁止对应市场主单，亚盘按标签+微观+水位+同档+风控漏斗判断,否,待赛,不计,NA,亚盘EV待筛选,本次更新已重新读取即时盘口；亚盘方向由HTML红框EV漏斗给出；无投注数据时沿用原亚盘EV框架，有Chuqi/必发匹配时按资金流验证矩阵审计
2026-09-08,苏挑杯,坎伯诺尔德 vs 凯尔蒂赫斯,20260908-TITAN-3036333-亚盘意图框架-待EV筛选,排名/阶段 -苏乙5,亚盘意图框架-待EV筛选,已读取亚盘/欧赔/大小球即时快照；亚盘投注由标签历史+微观组合+水位阈值+同档否决+风控漏斗决定,待标签/微观/水位框架筛选,0,主客排名/阶段 -苏乙5；综合评分 主58/客42；伤停未发现结构化名单/待临场核；首发未接入/待赛前1小时核；近况 全部/记录: 主2胜4平4负 / 客5胜0平5负；主队 客队/记录: 主5胜3平2负 / 客2胜1平7负,Titan007亚盘 开 0.92/-0.75/0.78；即 0.92/-0.75/0.78；欧赔 开 4.16/3.96/1.63；即 3.63/3.9/1.76；去水 主25.0%/平23.3%/客51.6%；返还率90.9%；大小球 开 0.92/3.25/0.78；即 0.92/3.25/0.78；亚盘意图候选：诱上/阻下（中证据）；依据：客队上盘，让球基本稳定，上盘水位0.78，下盘水位0.92，欧赔削弱上盘；缺伤停、首发、H2H、PM/必发资金流；资金流未验证：沿用亚盘EV框架（无PM/必发匹配）；亚盘下注由EV漏斗决定；PM/必发/BTTS缺口只作证据折扣；亚盘按标签+微观+水位+同档+风控判断,资金流未验证：沿用亚盘EV框架（无PM/必发匹配）,Titan价格流；PM/必发/BTTS未匹配；资金流未验证不改变亚盘EV流程,严格按skill：展示盘口快照和球探详情；PM/必发/BTTS缺口只禁止对应市场主单，亚盘按标签+微观+水位+同档+风控漏斗判断,否,待赛,不计,NA,亚盘EV待筛选,本次更新已重新读取即时盘口；亚盘方向由HTML红框EV漏斗给出；无投注数据时沿用原亚盘EV框架，有Chuqi/必发匹配时按资金流验证矩阵审计
2026-09-08,苏挑杯,埃尔金城 vs 弗雷泽堡,20260908-TITAN-3036336-亚盘意图框架-待EV筛选,排名/阶段 苏乙2-苏高联4,亚盘意图框架-待EV筛选,已读取亚盘/欧赔/大小球即时快照；亚盘投注由标签历史+微观组合+水位阈值+同档否决+风控漏斗决定,待标签/微观/水位框架筛选,0,主客排名/阶段 苏乙2-苏高联4；综合评分 主55/客45；伤停未发现结构化名单/待临场核；首发未接入/待赛前1小时核；近况 全部/记录: 主4胜2平4负 / 客5胜2平3负；主队 客队/记录: 主4胜1平5负 / 客7胜0平3负；H2H 全部/记录: 主1胜1平0负 / 客0胜1平1负；主客相同/记录: 主1胜0平0负 / 客0胜0平1负,Titan007亚盘 开 0.8/1.0/0.9；即 0.8/1.0/0.9；欧赔 开 1.53/4.39/4.47；即 1.65/4.61/3.62；去水 主55.1%/平19.7%/客25.1%；返还率91.0%；大小球 开 0.95/3.5/0.75；即 0.95/3.5/0.75；亚盘意图候选：诱上/阻下（中证据）；依据：主队上盘，让球基本稳定，上盘水位0.80，下盘水位0.90，欧赔削弱上盘；缺伤停、首发、PM/必发资金流；资金流未验证：沿用亚盘EV框架（无PM/必发匹配）；亚盘下注由EV漏斗决定；PM/必发/BTTS缺口只作证据折扣；亚盘按标签+微观+水位+同档+风控判断,资金流未验证：沿用亚盘EV框架（无PM/必发匹配）,Titan价格流；PM/必发/BTTS未匹配；资金流未验证不改变亚盘EV流程,严格按skill：展示盘口快照和球探详情；PM/必发/BTTS缺口只禁止对应市场主单，亚盘按标签+微观+水位+同档+风控漏斗判断,否,待赛,不计,NA,亚盘EV待筛选,本次更新已重新读取即时盘口；亚盘方向由HTML红框EV漏斗给出；无投注数据时沿用原亚盘EV框架，有Chuqi/必发匹配时按资金流验证矩阵审计
2026-09-08,苏挑杯,彼得黑德 vs 科莱池那库丁,20260908-TITAN-3036340-亚盘意图框架-待EV筛选,排名/阶段 苏甲7-苏高联6,亚盘意图框架-待EV筛选,已读取亚盘/欧赔/大小球即时快照；亚盘投注由标签历史+微观组合+水位阈值+同档否决+风控漏斗决定,待标签/微观/水位框架筛选,0,主客排名/阶段 苏甲7-苏高联6；综合评分 主53/客47；伤停未发现结构化名单/待临场核；首发未接入/待赛前1小时核；近况 全部/记录: 主4胜2平4负 / 客5胜3平2负；主队 客队/记录: 主2胜3平5负 / 客6胜2平2负；H2H 全部/记录: 主1胜0平0负 / 客0胜0平1负；主客相同/记录: 主1胜0平0负 / 客0胜0平1负,Titan007亚盘 开 0.78/1.25/0.92；即 0.78/1.25/0.92；欧赔 开 1.37/4.81/6.01；即 1.38/4.92/5.69；去水 主65.7%/平18.4%/客15.9%；返还率90.6%；大小球 开 0.92/3.5/0.78；即 0.92/3.5/0.78；亚盘意图候选：诱上/阻下（中证据）；依据：主队上盘，让球基本稳定，上盘水位0.78，下盘水位0.92，欧赔变化不大；缺伤停、首发、PM/必发资金流；资金流未验证：沿用亚盘EV框架（无PM/必发匹配）；亚盘下注由EV漏斗决定；PM/必发/BTTS缺口只作证据折扣；亚盘按标签+微观+水位+同档+风控判断,资金流未验证：沿用亚盘EV框架（无PM/必发匹配）,Titan价格流；PM/必发/BTTS未匹配；资金流未验证不改变亚盘EV流程,严格按skill：展示盘口快照和球探详情；PM/必发/BTTS缺口只禁止对应市场主单，亚盘按标签+微观+水位+同档+风控漏斗判断,否,待赛,不计,NA,亚盘EV待筛选,本次更新已重新读取即时盘口；亚盘方向由HTML红框EV漏斗给出；无投注数据时沿用原亚盘EV框架，有Chuqi/必发匹配时按资金流验证矩阵审计
2026-09-08,苏挑杯,斯巴顿斯 vs 哈密尔顿,20260908-TITAN-3036342-亚盘意图框架-待EV筛选,排名/阶段 苏乙4-苏甲1,亚盘意图框架-待EV筛选,已读取亚盘/欧赔/大小球即时快照；亚盘投注由标签历史+微观组合+水位阈值+同档否决+风控漏斗决定,待标签/微观/水位框架筛选,0,主客排名/阶段 苏乙4-苏甲1；综合评分 主41/客59；伤停未发现结构化名单/待临场核；首发未接入/待赛前1小时核；近况 全部/记录: 主4胜4平2负 / 客6胜1平3负；主队 客队/记录: 主1胜6平3负 / 客5胜2平3负,Titan007亚盘 开 0.9/-0.25/0.8；即 0.9/-0.25/0.8；欧赔 开 2.9/4.0/1.96；即 3.12/4.21/1.84；去水 主29.1%/平21.6%/客49.3%；返还率90.8%；大小球 开 0.88/3.0/0.82；即 0.88/3.0/0.82；亚盘意图候选：诱上/阻下（中证据）；依据：客队上盘，让球基本稳定，上盘水位0.80，下盘水位0.90，欧赔支持上盘；缺伤停、首发、H2H、PM/必发资金流；资金流未验证：沿用亚盘EV框架（无PM/必发匹配）；亚盘下注由EV漏斗决定；PM/必发/BTTS缺口只作证据折扣；亚盘按标签+微观+水位+同档+风控判断,资金流未验证：沿用亚盘EV框架（无PM/必发匹配）,Titan价格流；PM/必发/BTTS未匹配；资金流未验证不改变亚盘EV流程,严格按skill：展示盘口快照和球探详情；PM/必发/BTTS缺口只禁止对应市场主单，亚盘按标签+微观+水位+同档+风控漏斗判断,否,待赛,不计,NA,亚盘EV待筛选,本次更新已重新读取即时盘口；亚盘方向由HTML红框EV漏斗给出；无投注数据时沿用原亚盘EV框架，有Chuqi/必发匹配时按资金流验证矩阵审计
2026-09-08,苏挑杯,爱丁堡 vs 南部女王,20260908-TITAN-3036335-亚盘意图框架-待EV筛选,排名/阶段 苏乙6-苏甲9,亚盘意图框架-待EV筛选,已读取亚盘/欧赔/大小球即时快照；亚盘投注由标签历史+微观组合+水位阈值+同档否决+风控漏斗决定,待标签/微观/水位框架筛选,0,主客排名/阶段 苏乙6-苏甲9；综合评分 主41/客59；伤停未发现结构化名单/待临场核；首发未接入/待赛前1小时核；近况 全部/记录: 主5胜2平3负 / 客4胜0平6负；主队 客队/记录: 主5胜1平4负 / 客3胜4平3负；H2H 全部/记录: 主0胜1平5负 / 客5胜1平0负；主客相同/记录: 主0胜1平5负 / 客5胜1平0负,Titan007亚盘 开 0.85/-0.5/0.85；即 0.85/-0.5/0.85；欧赔 开 3.25/3.99/1.83；即 3.75/4.3/1.66；去水 主24.2%/平21.1%/客54.7%；返还率90.8%；大小球 开 0.85/3.0/0.85；即 0.85/3.0/0.85；亚盘意图候选：平衡盘/等待临场确认（中证据）；依据：客队上盘，让球基本稳定，上盘水位0.85，下盘水位0.85，欧赔支持上盘；缺伤停、首发、PM/必发资金流；资金流未验证：沿用亚盘EV框架（无PM/必发匹配）；亚盘下注由EV漏斗决定；PM/必发/BTTS缺口只作证据折扣；亚盘按标签+微观+水位+同档+风控判断,资金流未验证：沿用亚盘EV框架（无PM/必发匹配）,Titan价格流；PM/必发/BTTS未匹配；资金流未验证不改变亚盘EV流程,严格按skill：展示盘口快照和球探详情；PM/必发/BTTS缺口只禁止对应市场主单，亚盘按标签+微观+水位+同档+风控漏斗判断,否,待赛,不计,NA,亚盘EV待筛选,本次更新已重新读取即时盘口；亚盘方向由HTML红框EV漏斗给出；无投注数据时沿用原亚盘EV框架，有Chuqi/必发匹配时按资金流验证矩阵审计
2026-09-08,苏挑杯,科夫流浪者 vs 邓巴顿,20260908-TITAN-3036331-亚盘意图框架-待EV筛选,排名/阶段 苏甲8-苏乙9,亚盘意图框架-待EV筛选,已读取亚盘/欧赔/大小球即时快照；亚盘投注由标签历史+微观组合+水位阈值+同档否决+风控漏斗决定,待标签/微观/水位框架筛选,0,主客排名/阶段 苏甲8-苏乙9；综合评分 主66/客34；伤停未发现结构化名单/待临场核；首发未接入/待赛前1小时核；近况 全部/记录: 主2胜2平6负 / 客3胜1平6负；主队 客队/记录: 主4胜4平2负 / 客0胜3平7负；H2H 全部/记录: 主4胜1平1负 / 客1胜1平4负；主客相同/记录: 主4胜1平0负 / 客0胜1平4负,Titan007亚盘 开 0.85/1.0/0.85；即 0.85/1.0/0.85；欧赔 开 1.53/4.25/4.59；即 1.52/4.69/4.32；去水 主59.7%/平19.3%/客21.0%；返还率90.7%；大小球 开 0.95/3.25/0.75；即 0.95/3.25/0.75；亚盘意图候选：平衡盘/等待临场确认（中证据）；依据：主队上盘，让球基本稳定，上盘水位0.85，下盘水位0.85，欧赔变化不大；缺伤停、首发、PM/必发资金流；资金流未验证：沿用亚盘EV框架（无PM/必发匹配）；亚盘下注由EV漏斗决定；PM/必发/BTTS缺口只作证据折扣；亚盘按标签+微观+水位+同档+风控判断,资金流未验证：沿用亚盘EV框架（无PM/必发匹配）,Titan价格流；PM/必发/BTTS未匹配；资金流未验证不改变亚盘EV流程,严格按skill：展示盘口快照和球探详情；PM/必发/BTTS缺口只禁止对应市场主单，亚盘按标签+微观+水位+同档+风控漏斗判断,否,待赛,不计,NA,亚盘EV待筛选,本次更新已重新读取即时盘口；亚盘方向由HTML红框EV漏斗给出；无投注数据时沿用原亚盘EV框架，有Chuqi/必发匹配时按资金流验证矩阵审计
2026-09-08,苏挑杯,迪伊银行 vs 科化体育会,20260908-TITAN-3036327-亚盘意图框架-待EV筛选,排名/阶段 苏高联7-苏乙7,亚盘意图框架-待EV筛选,已读取亚盘/欧赔/大小球即时快照；亚盘投注由标签历史+微观组合+水位阈值+同档否决+风控漏斗决定,待标签/微观/水位框架筛选,0,主客排名/阶段 苏高联7-苏乙7；综合评分 主63/客37；伤停未发现结构化名单/待临场核；首发未接入/待赛前1小时核；近况 全部/记录: 主3胜3平4负 / 客3胜2平5负；主队 客队/记录: 主6胜2平2负 / 客1胜4平5负,Titan007亚盘 开 0.76/-0.25/0.94；即 0.76/-0.25/0.94；欧赔 开 2.66/3.52/2.24；即 2.58/3.63/2.25；去水 主35.0%/平24.9%/客40.1%；返还率90.3%；大小球 开 0.95/3.25/0.75；即 0.95/3.25/0.75；亚盘意图候选：诱下/上盘降温（中证据）；依据：客队上盘，让球基本稳定，上盘水位0.94，下盘水位0.76，欧赔变化不大；缺伤停、首发、H2H、PM/必发资金流；资金流未验证：沿用亚盘EV框架（无PM/必发匹配）；亚盘下注由EV漏斗决定；PM/必发/BTTS缺口只作证据折扣；亚盘按标签+微观+水位+同档+风控判断,资金流未验证：沿用亚盘EV框架（无PM/必发匹配）,Titan价格流；PM/必发/BTTS未匹配；资金流未验证不改变亚盘EV流程,严格按skill：展示盘口快照和球探详情；PM/必发/BTTS缺口只禁止对应市场主单，亚盘按标签+微观+水位+同档+风控漏斗判断,否,待赛,不计,NA,亚盘EV待筛选,本次更新已重新读取即时盘口；亚盘方向由HTML红框EV漏斗给出；无投注数据时沿用原亚盘EV框架，有Chuqi/必发匹配时按资金流验证矩阵审计
2026-09-08,英冠,南安普敦 vs 斯旺西,20260908-TITAN-3008219-亚盘意图框架-待EV筛选,排名/阶段 8-1,亚盘意图框架-待EV筛选,已读取亚盘/欧赔/大小球即时快照；亚盘投注由标签历史+微观组合+水位阈值+同档否决+风控漏斗决定,待标签/微观/水位框架筛选,0,主客排名/阶段 8-1；综合评分 主62/客38；伤停 主[3 曼宁(后卫)-未知的损伤、2 基辛拉斯姆森(后卫)-膝关节损伤、10 阿扎兹(中场)-未知的损伤、20 C·扬德尔(...] / 客[15 伯吉斯(后卫)-跟腱断裂、0 G.佛朗哥(中场)-受伤、31 斯特沃德(中锋)-受伤]；首发未接入/待赛前1小时核；近况 全部/记录: 主4胜4平2负 / 客5胜3平2负；主队 客队/记录: 主6胜3平1负 / 客5胜2平3负；H2H 全部/记录: 主4胜2平0负 / 客0胜2平4负；主客相同/记录: 主4胜2平0负 / 客0胜2平4负,Titan007亚盘 开 0.9/0.5/0.98；即 0.87/0.5/1.01；欧赔 开 1.87/3.66/3.87；即 1.84/3.64/3.93；去水 主50.7%/平25.6%/客23.7%；返还率93.2%；大小球 开 1.0/2.75/0.87；即 1.0/2.75/0.87；亚盘意图候选：平衡盘/等待临场确认（中证据）；依据：主队上盘，让球基本稳定，上盘水位0.87，下盘水位1.01，欧赔变化不大；缺首发、PM/必发资金流；资金流未验证：沿用亚盘EV框架（无PM/必发匹配）；亚盘下注由EV漏斗决定；PM/必发/BTTS缺口只作证据折扣；亚盘按标签+微观+水位+同档+风控判断,资金流未验证：沿用亚盘EV框架（无PM/必发匹配）,Titan价格流；PM/必发/BTTS未匹配；资金流未验证不改变亚盘EV流程,严格按skill：展示盘口快照和球探详情；PM/必发/BTTS缺口只禁止对应市场主单，亚盘按标签+微观+水位+同档+风控漏斗判断,否,待赛,不计,NA,亚盘EV待筛选,本次更新已重新读取即时盘口；亚盘方向由HTML红框EV漏斗给出；无投注数据时沿用原亚盘EV框架，有Chuqi/必发匹配时按资金流验证矩阵审计
2026-09-08,英冠,卡迪夫城 vs 斯托克城,20260908-TITAN-3008218-亚盘意图框架-待EV筛选,排名/阶段 22-14,亚盘意图框架-待EV筛选,已读取亚盘/欧赔/大小球即时快照；亚盘投注由标签历史+微观组合+水位阈值+同档否决+风控漏斗决定,待标签/微观/水位框架筛选,0,主客排名/阶段 22-14；综合评分 主57/客43；伤停 主[0 W.费什(后卫)-受伤、12 钱伯斯(后卫)-受伤、48 D.劳勒(后卫)-受伤] / 客[22 查马德.J(后卫)-膝关节损伤、20 加拉格尔(前锋)-受伤、6 英格尔森(中场)-受伤、23 吉布森(后卫)-受...]；首发未接入/待赛前1小时核；近况 全部/记录: 主3胜3平4负 / 客3胜1平6负；主队 客队/记录: 主4胜3平3负 / 客0胜1平9负；H2H 全部/记录: 主1胜4平1负 / 客1胜4平1负；主客相同/记录: 主3胜2平1负 / 客1胜2平3负,Titan007亚盘 开 0.89/0.25/0.99；即 0.88/0.25/1.0；欧赔 开 2.13/3.64/3.11；即 2.14/3.59/3.07；去水 主43.6%/平26.0%/客30.4%；返还率93.3%；大小球 开 1.01/3.0/0.86；即 1.01/3.0/0.86；亚盘意图候选：平衡盘/等待临场确认（中证据）；依据：主队上盘，让球基本稳定，上盘水位0.88，下盘水位1.00，欧赔变化不大；缺首发、PM/必发资金流；资金流未验证：沿用亚盘EV框架（无PM/必发匹配）；亚盘下注由EV漏斗决定；PM/必发/BTTS缺口只作证据折扣；亚盘按标签+微观+水位+同档+风控判断,资金流未验证：沿用亚盘EV框架（无PM/必发匹配）,Titan价格流；PM/必发/BTTS未匹配；资金流未验证不改变亚盘EV流程,严格按skill：展示盘口快照和球探详情；PM/必发/BTTS缺口只禁止对应市场主单，亚盘按标签+微观+水位+同档+风控漏斗判断,否,待赛,不计,NA,亚盘EV待筛选,本次更新已重新读取即时盘口；亚盘方向由HTML红框EV漏斗给出；无投注数据时沿用原亚盘EV框架，有Chuqi/必发匹配时按资金流验证矩阵审计
2026-09-08,英冠,布莱克本 vs 谢菲尔德联队,20260908-TITAN-3008212-亚盘意图框架-待EV筛选,排名/阶段 17-16,亚盘意图框架-待EV筛选,已读取亚盘/欧赔/大小球即时快照；亚盘投注由标签历史+微观组合+水位阈值+同档否决+风控漏斗决定,待标签/微观/水位框架筛选,0,主客排名/阶段 17-16；综合评分 主36/客64；伤停 主[16 沃顿(后卫)-跟腱问题、11 奥古斯都·卡尔博(前锋)-腿筋受伤、12 米勒(后卫)-跟腱断裂、29 约根森(前锋...] / 客[16 沙克尔顿(后卫)-脚伤、38 费米·塞里基(后卫)-膝关节损伤、19 陈达毅(前锋)-受伤、26 温(前锋)-受伤...]；首发未接入/待赛前1小时核；近况 全部/记录: 主3胜3平4负 / 客4胜3平3负；主队 客队/记录: 主2胜4平4负 / 客5胜3平2负；H2H 全部/记录: 主1胜1平4负 / 客4胜1平1负；主客相同/记录: 主2胜0平4负 / 客4胜0平2负,Titan007亚盘 开 0.91/-0.25/0.97；即 0.83/-0.25/1.05；欧赔 开 2.97/3.39/2.3；即 2.96/3.38/2.27；去水 主31.4%/平27.5%/客41.0%；返还率93.1%；大小球 开 0.93/2.5/0.94；即 0.93/2.5/0.94；亚盘意图候选：阻上/降温保护（中证据）；依据：客队上盘，让球基本稳定，上盘水位1.05，下盘水位0.83，欧赔变化不大；缺首发、PM/必发资金流；资金流未验证：沿用亚盘EV框架（无PM/必发匹配）；亚盘下注由EV漏斗决定；PM/必发/BTTS缺口只作证据折扣；亚盘按标签+微观+水位+同档+风控判断,资金流未验证：沿用亚盘EV框架（无PM/必发匹配）,Titan价格流；PM/必发/BTTS未匹配；资金流未验证不改变亚盘EV流程,严格按skill：展示盘口快照和球探详情；PM/必发/BTTS缺口只禁止对应市场主单，亚盘按标签+微观+水位+同档+风控漏斗判断,否,待赛,不计,NA,亚盘EV待筛选,本次更新已重新读取即时盘口；亚盘方向由HTML红框EV漏斗给出；无投注数据时沿用原亚盘EV框架，有Chuqi/必发匹配时按资金流验证矩阵审计
2026-09-08,英冠,沃特福德 vs 普雷斯顿,20260908-TITAN-3008216-亚盘意图框架-待EV筛选,排名/阶段 18-23,亚盘意图框架-待EV筛选,已读取亚盘/欧赔/大小球即时快照；亚盘投注由标签历史+微观组合+水位阈值+同档否决+风控漏斗决定,待标签/微观/水位框架筛选,0,主客排名/阶段 18-23；综合评分 主52/客48；伤停 主[26 巴赫曼(守门员)-未知的损伤、1 F·拉瓦利亚(守门员)-腰痛、23 奥马尔·特拉奥雷(后卫)-受伤、0 格里夫斯...] / 客[0 卡罗尔(前腰)-脚踝损伤、0 波茨(中场)-受伤、8 A.麦卡恩(中场)-受伤、16 休斯(后卫)-疑似伤病]；首发未接入/待赛前1小时核；近况 全部/记录: 主2胜2平6负 / 客2胜1平7负；主队 客队/记录: 主3胜3平4负 / 客2胜2平6负；H2H 全部/记录: 主1胜3平2负 / 客2胜3平1负；主客相同/记录: 主1胜4平1负 / 客1胜4平1负,Titan007亚盘 开 1.06/0.5/0.82；即 1.06/0.5/0.82；欧赔 开 2.05/3.43/3.48；即 2.09/3.38/3.33；去水 主44.5%/平27.5%/客27.9%；返还率93.1%；大小球 开 0.94/2.5/0.93；即 0.94/2.5/0.93；亚盘意图候选：阻上/降温保护（中证据）；依据：主队上盘，让球基本稳定，上盘水位1.06，下盘水位0.82，欧赔变化不大；缺首发、PM/必发资金流；资金流未验证：沿用亚盘EV框架（无PM/必发匹配）；亚盘下注由EV漏斗决定；PM/必发/BTTS缺口只作证据折扣；亚盘按标签+微观+水位+同档+风控判断,资金流未验证：沿用亚盘EV框架（无PM/必发匹配）,Titan价格流；PM/必发/BTTS未匹配；资金流未验证不改变亚盘EV流程,严格按skill：展示盘口快照和球探详情；PM/必发/BTTS缺口只禁止对应市场主单，亚盘按标签+微观+水位+同档+风控漏斗判断,否,待赛,不计,NA,亚盘EV待筛选,本次更新已重新读取即时盘口；亚盘方向由HTML红框EV漏斗给出；无投注数据时沿用原亚盘EV框架，有Chuqi/必发匹配时按资金流验证矩阵审计
2026-09-08,英冠,雷克瑟姆 vs 伯恩利,20260908-TITAN-3008223-亚盘意图框架-待EV筛选,排名/阶段 12-24,亚盘意图框架-待EV筛选,已读取亚盘/欧赔/大小球即时快照；亚盘投注由标签历史+微观组合+水位阈值+同档否决+风控漏斗决定,待标签/微观/水位框架筛选,0,主客排名/阶段 12-24；综合评分 主59/客41；伤停 主[0 S·瑞文(左后卫)-腿筋受伤、14 乔治·托马森(中场)-受伤、13 卡卡切(后卫)-身体不适、0 希夫(中场)-身...] / 客[0 库伦(中场)-十字韧带撕裂、0 伊诺克·阿盖伊(中场)-受伤、0 L.拜耶(中卫)-受伤、34 巴内尔(前锋)-受伤...]；首发未接入/待赛前1小时核；近况 全部/记录: 主3胜4平3负 / 客0胜6平4负；主队 客队/记录: 主4胜3平3负 / 客1胜2平7负,Titan007亚盘 开 0.98/0.5/0.9；即 0.82/0.25/1.06；欧赔 开 2.03/3.55/3.43；即 2.14/3.48/3.16；去水 主43.6%/平26.8%/客29.5%；返还率93.4%；大小球 开 0.99/2.75/0.88；即 1.07/2.75/0.8；亚盘意图候选：真实示弱/阻下（中证据）；依据：主队上盘，让球退盘，上盘水位0.82，下盘水位1.06，欧赔削弱上盘；缺首发、H2H、PM/必发资金流；资金流未验证：沿用亚盘EV框架（无PM/必发匹配）；亚盘下注由EV漏斗决定；PM/必发/BTTS缺口只作证据折扣；亚盘按标签+微观+水位+同档+风控判断,资金流未验证：沿用亚盘EV框架（无PM/必发匹配）,Titan价格流；PM/必发/BTTS未匹配；资金流未验证不改变亚盘EV流程,严格按skill：展示盘口快照和球探详情；PM/必发/BTTS缺口只禁止对应市场主单，亚盘按标签+微观+水位+同档+风控漏斗判断,否,待赛,不计,NA,亚盘EV待筛选,本次更新已重新读取即时盘口；亚盘方向由HTML红框EV漏斗给出；无投注数据时沿用原亚盘EV框架，有Chuqi/必发匹配时按资金流验证矩阵审计
2026-09-08,英联杯,伯恩茅斯 vs 林肯城,20260908-TITAN-3072963-亚盘意图框架-待EV筛选,排名/阶段 英超15-英冠19,亚盘意图框架-待EV筛选,已读取亚盘/欧赔/大小球即时快照；亚盘投注由标签历史+微观组合+水位阈值+同档否决+风控漏斗决定,待标签/微观/水位框架筛选,0,主客排名/阶段 英超15-英冠19；综合评分 主56/客44；伤停 主[22 克鲁皮(中锋)-脚伤、21 阿德利(左边锋)-受伤、2 朱利安·阿劳霍(右后卫)-受伤] / 客[23 约书亚霍诺汉(后卫)-未知的损伤、2 达里克瓦(中场)-十字韧带撕裂、22 哈默(后卫)-受伤]；首发未接入/待赛前1小时核；近况 全部/记录: 主4胜5平1负 / 客6胜2平2负；主队 客队/记录: 主3胜7平0负 / 客7胜2平1负；H2H 全部/记录: 主1胜1平2负 / 客2胜1平1负；主客相同/记录: 主1胜0平1负 / 客1胜0平1负,Titan007亚盘 开 0.85/1.5/0.97；即 0.85/1.5/0.97；欧赔 开 1.3/5.44/8.46；即 1.28/5.52/9.09；去水 主72.8%/平16.9%/客10.3%；返还率93.2%；大小球 开 0.9/3.25/0.9；即 0.9/3.25/0.9；亚盘意图候选：平衡盘/等待临场确认（中证据）；依据：主队上盘，让球基本稳定，上盘水位0.85，下盘水位0.97，欧赔变化不大；缺首发、PM/必发资金流；资金流未验证：沿用亚盘EV框架（无PM/必发匹配）；亚盘下注由EV漏斗决定；PM/必发/BTTS缺口只作证据折扣；亚盘按标签+微观+水位+同档+风控判断,资金流未验证：沿用亚盘EV框架（无PM/必发匹配）,Titan价格流；PM/必发/BTTS未匹配；资金流未验证不改变亚盘EV流程,严格按skill：展示盘口快照和球探详情；PM/必发/BTTS缺口只禁止对应市场主单，亚盘按标签+微观+水位+同档+风控漏斗判断,否,待赛,不计,NA,亚盘EV待筛选,本次更新已重新读取即时盘口；亚盘方向由HTML红框EV漏斗给出；无投注数据时沿用原亚盘EV框架，有Chuqi/必发匹配时按资金流验证矩阵审计
2026-09-08,英联杯,桑德兰 vs 赫尔城,20260908-TITAN-3072977-亚盘意图框架-待EV筛选,排名/阶段 英超12-英超3,亚盘意图框架-待EV筛选,已读取亚盘/欧赔/大小球即时快照；亚盘投注由标签历史+微观组合+水位阈值+同档否决+风控漏斗决定,待标签/微观/水位框架筛选,0,主客排名/阶段 英超12-英超3；综合评分 主52/客48；伤停 主[19 迪亚拉(中前卫)-腿筋受伤、14 罗曼·蒙德尔(左边锋)-伤病] / 客[0 格尔哈特(中锋)-脚踝损伤、24 贾比(中前卫)-腹股沟伤病、8 马塔佐(中前卫)-十字韧带撕裂、1 巴特兰(守门员...]；首发未接入/待赛前1小时核；近况 全部/记录: 主4胜3平3负 / 客5胜4平1负；主队 客队/记录: 主5胜1平4负 / 客3胜3平4负；H2H 全部/记录: 主2胜2平2负 / 客2胜2平2负；主客相同/记录: 主1胜3平2负 / 客2胜3平1负,Titan007亚盘 开 0.92/0.75/0.9；即 0.93/0.75/0.89；欧赔 开 1.69/3.7/4.81；即 1.74/3.6/4.46；去水 主53.4%/平25.8%/客20.8%；返还率92.9%；大小球 开 0.92/2.5/0.88；即 0.94/2.5/0.86；亚盘意图候选：平衡盘/等待临场确认（中证据）；依据：主队上盘，让球基本稳定，上盘水位0.93，下盘水位0.89，欧赔变化不大；缺首发、PM/必发资金流；资金流未验证：沿用亚盘EV框架（无PM/必发匹配）；亚盘下注由EV漏斗决定；PM/必发/BTTS缺口只作证据折扣；亚盘按标签+微观+水位+同档+风控判断,资金流未验证：沿用亚盘EV框架（无PM/必发匹配）,Titan价格流；PM/必发/BTTS未匹配；资金流未验证不改变亚盘EV流程,严格按skill：展示盘口快照和球探详情；PM/必发/BTTS缺口只禁止对应市场主单，亚盘按标签+微观+水位+同档+风控漏斗判断,否,待赛,不计,NA,亚盘EV待筛选,本次更新已重新读取即时盘口；亚盘方向由HTML红框EV漏斗给出；无投注数据时沿用原亚盘EV框架，有Chuqi/必发匹配时按资金流验证矩阵审计
2026-09-08,英联杯,水晶宫 vs 米德尔斯堡,20260908-TITAN-3072965-亚盘意图框架-待EV筛选,排名/阶段 英超13-英冠2,亚盘意图框架-待EV筛选,已读取亚盘/欧赔/大小球即时快照；亚盘投注由标签历史+微观组合+水位阈值+同档否决+风控漏斗决定,待标签/微观/水位框架筛选,0,主客排名/阶段 英超13-英冠2；综合评分 主58/客42；伤停 主[4 里亚德(中卫)-膝关节手术、7 I.萨尔(右边锋)-腹股沟伤病、14 马泰塔(中锋)-腿筋受伤、9 恩凯蒂亚(中锋)...] / 客[24 班古拉(后卫)-受伤、16 萨米恩托(前锋)-受伤、6 伯哈尔特(中场)-疑似伤病]；首发未接入/待赛前1小时核；近况 全部/记录: 主3胜2平5负 / 客5胜3平2负；主队 客队/记录: 主4胜4平2负 / 客2胜6平2负；H2H 全部/记录: 主3胜1平2负 / 客2胜1平3负；主客相同/记录: 主5胜0平1负 / 客1胜0平5负,Titan007亚盘 开 0.88/0.75/0.94；即 0.93/0.75/0.89；欧赔 开 1.73/3.84/4.29；即 1.72/3.76/4.3；去水 主53.8%/平24.6%/客21.5%；返还率92.6%；大小球 开 0.98/3.0/0.82；即 0.98/3.0/0.82；亚盘意图候选：平衡盘/等待临场确认（中证据）；依据：主队上盘，让球基本稳定，上盘水位0.93，下盘水位0.89，欧赔变化不大；缺首发、PM/必发资金流；资金流未验证：沿用亚盘EV框架（无PM/必发匹配）；亚盘下注由EV漏斗决定；PM/必发/BTTS缺口只作证据折扣；亚盘按标签+微观+水位+同档+风控判断,资金流未验证：沿用亚盘EV框架（无PM/必发匹配）,Titan价格流；PM/必发/BTTS未匹配；资金流未验证不改变亚盘EV流程,严格按skill：展示盘口快照和球探详情；PM/必发/BTTS缺口只禁止对应市场主单，亚盘按标签+微观+水位+同档+风控漏斗判断,否,待赛,不计,NA,亚盘EV待筛选,本次更新已重新读取即时盘口；亚盘方向由HTML红框EV漏斗给出；无投注数据时沿用原亚盘EV框架，有Chuqi/必发匹配时按资金流验证矩阵审计
2026-09-08,英联杯,莱顿东方 vs 布拉德福德,20260908-TITAN-3072970-亚盘意图框架-待EV筛选,排名/阶段 英甲9-英甲4,亚盘意图框架-待EV筛选,已读取亚盘/欧赔/大小球即时快照；亚盘投注由标签历史+微观组合+水位阈值+同档否决+风控漏斗决定,待标签/微观/水位框架筛选,0,主客排名/阶段 英甲9-英甲4；综合评分 主56/客44；伤停 主[19 博尼法斯(后卫)-膝关节损伤] / 客[0 Z·哈迪(守门员)-膝关节损伤、11 汉普莱斯(前锋)-受伤、17 T.赖特(前锋)-受伤]；首发未接入/待赛前1小时核；近况 全部/记录: 主3胜4平3负 / 客5胜1平4负；主队 客队/记录: 主3胜3平4负 / 客4胜1平5负；H2H 全部/记录: 主3胜2平1负 / 客1胜2平3负；主客相同/记录: 主4胜1平1负 / 客1胜1平4负,Titan007亚盘 开 0.9/-0.25/0.92；即 0.9/-0.25/0.92；欧赔 开 3.09/3.33/2.23；即 2.94/3.31/2.29；去水 主31.5%/平28.0%/客40.5%；返还率92.7%；大小球 开 0.96/2.5/0.84；即 0.96/2.5/0.84；亚盘意图候选：平衡盘/等待临场确认（中证据）；依据：客队上盘，让球基本稳定，上盘水位0.92，下盘水位0.90，欧赔变化不大；缺首发、PM/必发资金流；资金流未验证：沿用亚盘EV框架（无PM/必发匹配）；亚盘下注由EV漏斗决定；PM/必发/BTTS缺口只作证据折扣；亚盘按标签+微观+水位+同档+风控判断,资金流未验证：沿用亚盘EV框架（无PM/必发匹配）,Titan价格流；PM/必发/BTTS未匹配；资金流未验证不改变亚盘EV流程,严格按skill：展示盘口快照和球探详情；PM/必发/BTTS缺口只禁止对应市场主单，亚盘按标签+微观+水位+同档+风控漏斗判断,否,待赛,不计,NA,亚盘EV待筛选,本次更新已重新读取即时盘口；亚盘方向由HTML红框EV漏斗给出；无投注数据时沿用原亚盘EV框架，有Chuqi/必发匹配时按资金流验证矩阵审计
2026-09-08,英足总杯,伯尔德梅勒 vs 伯恩镇,20260908-TITAN-3087319-亚盘意图框架-待EV筛选,排名/阶段 -,亚盘意图框架-待EV筛选,已读取亚盘/欧赔/大小球即时快照；亚盘投注由标签历史+微观组合+水位阈值+同档否决+风控漏斗决定,待标签/微观/水位框架筛选,0,主客排名/阶段 -；综合评分 主57/客43；伤停未发现结构化名单/待临场核；首发未接入/待赛前1小时核；近况 全部/记录: 主7胜3平0负 / 客5胜2平3负；主队 客队/记录: 主5胜2平3负 / 客3胜2平4负；H2H 全部/记录: 主0胜1平0负 / 客0胜1平0负,Titan007亚盘 开 0.83/0.25/0.93；即 0.83/0.25/0.93；欧赔 开 2.1/3.62/3.0；即 2.1/3.62/3.0；去水 主43.9%/平25.4%/客30.7%；返还率92.1%；大小球 开 0.95/2.75/0.81；即 0.95/2.75/0.81；亚盘意图候选：诱上/阻下（中证据）；依据：主队上盘，让球基本稳定，上盘水位0.83，下盘水位0.93，欧赔变化不大；缺伤停、首发、PM/必发资金流；资金流未验证：沿用亚盘EV框架（无PM/必发匹配）；亚盘下注由EV漏斗决定；PM/必发/BTTS缺口只作证据折扣；亚盘按标签+微观+水位+同档+风控判断,资金流未验证：沿用亚盘EV框架（无PM/必发匹配）,Titan价格流；PM/必发/BTTS未匹配；资金流未验证不改变亚盘EV流程,严格按skill：展示盘口快照和球探详情；PM/必发/BTTS缺口只禁止对应市场主单，亚盘按标签+微观+水位+同档+风控漏斗判断,否,待赛,不计,NA,亚盘EV待筛选,本次更新已重新读取即时盘口；亚盘方向由HTML红框EV漏斗给出；无投注数据时沿用原亚盘EV框架，有Chuqi/必发匹配时按资金流验证矩阵审计
2026-09-08,英足总杯,哈瓦特 vs 茨伯翰,20260908-TITAN-3087338-亚盘意图框架-待EV筛选,排名/阶段 英南超21-英南超16,亚盘意图框架-待EV筛选,已读取亚盘/欧赔/大小球即时快照；亚盘投注由标签历史+微观组合+水位阈值+同档否决+风控漏斗决定,待标签/微观/水位框架筛选,0,主客排名/阶段 英南超21-英南超16；综合评分 主50/客50；伤停未发现结构化名单/待临场核；首发未接入/待赛前1小时核；近况 全部/记录: 主1胜3平6负 / 客2胜3平5负；主队 客队/记录: 主4胜2平4负 / 客2胜1平7负；H2H 全部/记录: 主1胜2平3负 / 客3胜2平1负；主客相同/记录: 主2胜1平3负 / 客3胜1平2负,Titan007亚盘 开 0.95/0.25/0.81；即 0.95/0.25/0.81；欧赔 开 2.25/3.68/2.72；即 2.25/3.7/2.72；去水 主41.1%/平25.0%/客34.0%；返还率92.4%；大小球 开 0.86/2.75/0.9；即 0.86/2.75/0.9；亚盘意图候选：诱下/上盘降温（中证据）；依据：主队上盘，让球基本稳定，上盘水位0.95，下盘水位0.81，欧赔变化不大；缺伤停、首发、PM/必发资金流；资金流未验证：沿用亚盘EV框架（无PM/必发匹配）；亚盘下注由EV漏斗决定；PM/必发/BTTS缺口只作证据折扣；亚盘按标签+微观+水位+同档+风控判断,资金流未验证：沿用亚盘EV框架（无PM/必发匹配）,Titan价格流；PM/必发/BTTS未匹配；资金流未验证不改变亚盘EV流程,严格按skill：展示盘口快照和球探详情；PM/必发/BTTS缺口只禁止对应市场主单，亚盘按标签+微观+水位+同档+风控漏斗判断,否,待赛,不计,NA,亚盘EV待筛选,本次更新已重新读取即时盘口；亚盘方向由HTML红框EV漏斗给出；无投注数据时沿用原亚盘EV框架，有Chuqi/必发匹配时按资金流验证矩阵审计
2026-09-08,英足总杯,基特宁 vs 威灵保罗夫,20260908-TITAN-3087320-亚盘意图框架-待EV筛选,排名/阶段 英南超中5-,亚盘意图框架-待EV筛选,已读取亚盘/欧赔/大小球即时快照；亚盘投注由标签历史+微观组合+水位阈值+同档否决+风控漏斗决定,待标签/微观/水位框架筛选,0,主客排名/阶段 英南超中5-；综合评分 主51/客49；伤停未发现结构化名单/待临场核；首发未接入/待赛前1小时核；近况 全部/记录: 主4胜5平1负 / 客6胜2平2负；主队 客队/记录: 主6胜4平0负 / 客6胜2平2负；H2H 全部/记录: 主0胜1平0负 / 客0胜1平0负,Titan007亚盘 开 1.0/1.0/0.76；即 1.0/1.0/0.76；欧赔 开 1.63/4.11/4.45；即 1.63/4.16/4.44；去水 主56.9%/平22.3%/客20.9%；返还率92.7%；大小球 开 0.99/3.0/0.77；即 0.99/3.0/0.77；亚盘意图候选：诱下/上盘降温（中证据）；依据：主队上盘，让球基本稳定，上盘水位1.00，下盘水位0.76，欧赔变化不大；缺伤停、首发、PM/必发资金流；资金流未验证：沿用亚盘EV框架（无PM/必发匹配）；亚盘下注由EV漏斗决定；PM/必发/BTTS缺口只作证据折扣；亚盘按标签+微观+水位+同档+风控判断,资金流未验证：沿用亚盘EV框架（无PM/必发匹配）,Titan价格流；PM/必发/BTTS未匹配；资金流未验证不改变亚盘EV流程,严格按skill：展示盘口快照和球探详情；PM/必发/BTTS缺口只禁止对应市场主单，亚盘按标签+微观+水位+同档+风控漏斗判断,否,待赛,不计,NA,亚盘EV待筛选,本次更新已重新读取即时盘口；亚盘方向由HTML红框EV漏斗给出；无投注数据时沿用原亚盘EV框架，有Chuqi/必发匹配时按资金流验证矩阵审计
2026-09-08,英足总杯,布伦特伍德 vs 康卡德流浪,20260908-TITAN-3087331-亚盘意图框架-待EV筛选,排名/阶段 英依超19-,亚盘意图框架-待EV筛选,已读取亚盘/欧赔/大小球即时快照；亚盘投注由标签历史+微观组合+水位阈值+同档否决+风控漏斗决定,待标签/微观/水位框架筛选,0,主客排名/阶段 英依超19-；综合评分 主49/客51；伤停未发现结构化名单/待临场核；首发未接入/待赛前1小时核；近况 全部/记录: 主3胜3平4负 / 客6胜3平1负；主队 客队/记录: 主5胜2平3负 / 客5胜0平5负；H2H 全部/记录: 主0胜1平0负 / 客0胜1平0负,Titan007亚盘 开 0.84/0.75/0.92；即 0.84/0.75/0.92；欧赔 开 1.68/4.06/4.11；即 1.68/4.11/4.13；去水 主55.1%/平22.5%/客22.4%；返还率92.5%；大小球 开 0.82/2.75/0.94；即 0.82/2.75/0.94；亚盘意图候选：诱上/阻下（中证据）；依据：主队上盘，让球基本稳定，上盘水位0.84，下盘水位0.92，欧赔变化不大；缺伤停、首发、PM/必发资金流；资金流未验证：沿用亚盘EV框架（无PM/必发匹配）；亚盘下注由EV漏斗决定；PM/必发/BTTS缺口只作证据折扣；亚盘按标签+微观+水位+同档+风控判断,资金流未验证：沿用亚盘EV框架（无PM/必发匹配）,Titan价格流；PM/必发/BTTS未匹配；资金流未验证不改变亚盘EV流程,严格按skill：展示盘口快照和球探详情；PM/必发/BTTS缺口只禁止对应市场主单，亚盘按标签+微观+水位+同档+风控漏斗判断,否,待赛,不计,NA,亚盘EV待筛选,本次更新已重新读取即时盘口；亚盘方向由HTML红框EV漏斗给出；无投注数据时沿用原亚盘EV框架，有Chuqi/必发匹配时按资金流验证矩阵审计
2026-09-08,英足总杯,希治 vs 比格尔斯威德,20260908-TITAN-3087330-亚盘意图框架-待EV筛选,排名/阶段 英南超中20-,亚盘意图框架-待EV筛选,已读取亚盘/欧赔/大小球即时快照；亚盘投注由标签历史+微观组合+水位阈值+同档否决+风控漏斗决定,待标签/微观/水位框架筛选,0,主客排名/阶段 英南超中20-；综合评分 主54/客46；伤停未发现结构化名单/待临场核；首发未接入/待赛前1小时核；近况 全部/记录: 主2胜5平3负 / 客4胜3平3负；主队 客队/记录: 主6胜3平1负 / 客4胜1平5负；H2H 全部/记录: 主3胜2平1负 / 客1胜2平3负；主客相同/记录: 主2胜1平3负 / 客3胜1平2负,Titan007亚盘 开 0.94/1.0/0.82；即 0.94/1.0/0.82；欧赔 开 1.59/4.16/4.71；即 1.59/4.19/4.67；去水 主58.1%/平22.1%/客19.8%；返还率92.4%；大小球 开 0.99/3.0/0.77；即 0.99/3.0/0.77；亚盘意图候选：诱下/上盘降温（中证据）；依据：主队上盘，让球基本稳定，上盘水位0.94，下盘水位0.82，欧赔变化不大；缺伤停、首发、PM/必发资金流；资金流未验证：沿用亚盘EV框架（无PM/必发匹配）；亚盘下注由EV漏斗决定；PM/必发/BTTS缺口只作证据折扣；亚盘按标签+微观+水位+同档+风控判断,资金流未验证：沿用亚盘EV框架（无PM/必发匹配）,Titan价格流；PM/必发/BTTS未匹配；资金流未验证不改变亚盘EV流程,严格按skill：展示盘口快照和球探详情；PM/必发/BTTS缺口只禁止对应市场主单，亚盘按标签+微观+水位+同档+风控漏斗判断,否,待赛,不计,NA,亚盘EV待筛选,本次更新已重新读取即时盘口；亚盘方向由HTML红框EV漏斗给出；无投注数据时沿用原亚盘EV框架，有Chuqi/必发匹配时按资金流验证矩阵审计
2026-09-08,英足总杯,讷翰马科 vs 斯坦韦流浪,20260908-TITAN-3087324-亚盘意图框架-待EV筛选,排名/阶段 英南超中10-英依超22,亚盘意图框架-待EV筛选,已读取亚盘/欧赔/大小球即时快照；亚盘投注由标签历史+微观组合+水位阈值+同档否决+风控漏斗决定,待标签/微观/水位框架筛选,0,主客排名/阶段 英南超中10-英依超22；综合评分 主56/客44；伤停未发现结构化名单/待临场核；首发未接入/待赛前1小时核；近况 全部/记录: 主3胜3平4负 / 客2胜3平5负；主队 客队/记录: 主6胜1平3负 / 客4胜2平4负；H2H 全部/记录: 主0胜1平0负 / 客0胜1平0负,Titan007亚盘 开 0.87/0.75/0.89；即 0.87/0.75/0.89；欧赔 开 1.68/4.06/4.13；即 1.68/4.1/4.12；去水 主55.0%/平22.5%/客22.4%；返还率92.4%；大小球 开 0.82/2.75/0.94；即 0.82/2.75/0.94；亚盘意图候选：平衡盘/等待临场确认（中证据）；依据：主队上盘，让球基本稳定，上盘水位0.87，下盘水位0.89，欧赔变化不大；缺伤停、首发、PM/必发资金流；资金流未验证：沿用亚盘EV框架（无PM/必发匹配）；亚盘下注由EV漏斗决定；PM/必发/BTTS缺口只作证据折扣；亚盘按标签+微观+水位+同档+风控判断,资金流未验证：沿用亚盘EV框架（无PM/必发匹配）,Titan价格流；PM/必发/BTTS未匹配；资金流未验证不改变亚盘EV流程,严格按skill：展示盘口快照和球探详情；PM/必发/BTTS缺口只禁止对应市场主单，亚盘按标签+微观+水位+同档+风控漏斗判断,否,待赛,不计,NA,亚盘EV待筛选,本次更新已重新读取即时盘口；亚盘方向由HTML红框EV漏斗给出；无投注数据时沿用原亚盘EV框架，有Chuqi/必发匹配时按资金流验证矩阵审计
2026-09-08,英足总杯,费克汉姆镇 vs 威尔,20260908-TITAN-3087328-亚盘意图框架-待EV筛选,排名/阶段 -,亚盘意图框架-待EV筛选,已读取亚盘/欧赔/大小球即时快照；亚盘投注由标签历史+微观组合+水位阈值+同档否决+风控漏斗决定,待标签/微观/水位框架筛选,0,主客排名/阶段 -；综合评分 主56/客44；伤停未发现结构化名单/待临场核；首发未接入/待赛前1小时核；近况 全部/记录: 主3胜3平3负 / 客4胜2平4负；主队 客队/记录: 主2胜1平0负 / 客3胜0平7负；H2H 全部/记录: 主0胜1平0负 / 客0胜1平0负,Titan007亚盘 开 0.77/-0.25/0.99；即 0.77/-0.25/0.99；欧赔 开 2.66/3.79/2.26；即 2.71/3.75/2.26；去水 主34.2%/平24.7%/客41.0%；返还率92.8%；大小球 开 0.82/3.0/0.94；即 0.82/3.0/0.94；亚盘意图候选：诱下/上盘降温（中证据）；依据：客队上盘，让球基本稳定，上盘水位0.99，下盘水位0.77，欧赔变化不大；缺伤停、首发、PM/必发资金流；资金流未验证：沿用亚盘EV框架（无PM/必发匹配）；亚盘下注由EV漏斗决定；PM/必发/BTTS缺口只作证据折扣；亚盘按标签+微观+水位+同档+风控判断,资金流未验证：沿用亚盘EV框架（无PM/必发匹配）,Titan价格流；PM/必发/BTTS未匹配；资金流未验证不改变亚盘EV流程,严格按skill：展示盘口快照和球探详情；PM/必发/BTTS缺口只禁止对应市场主单，亚盘按标签+微观+水位+同档+风控漏斗判断,否,待赛,不计,NA,亚盘EV待筛选,本次更新已重新读取即时盘口；亚盘方向由HTML红框EV漏斗给出；无投注数据时沿用原亚盘EV框架，有Chuqi/必发匹配时按资金流验证矩阵审计
2026-09-08,欧冠杯,多特蒙德 vs 比利亚雷亚尔,20260908-TITAN-3073148-亚盘意图框架-待EV筛选,排名/阶段 德甲3-西甲16,亚盘意图框架-待EV筛选,已读取亚盘/欧赔/大小球即时快照；亚盘投注由标签历史+微观组合+水位阈值+同档否决+风控漏斗决定,待标签/微观/水位框架筛选,0,主客排名/阶段 德甲3-西甲16；综合评分 主70/客30；伤停 主[23 詹(中场)-十字韧带撕裂、45 基安尼斯(中场)-十字韧带撕裂、28 索利兹(前腰)-肌肉损伤、5 本塞拜尼(后卫...] / 客[未接入/待核]；首发未接入/待赛前1小时核；近况 全部/记录: 主6胜0平4负 / 客3胜3平4负；主队 客队/记录: 主7胜0平3负 / 客1胜5平4负；H2H 全部/记录: 主1胜0平0负 / 客0胜0平1负；主客相同/记录: 主1胜0平0负 / 客0胜0平1负,Titan007亚盘 开 1.01/0.75/0.87；即 1.04/0.75/0.84；欧赔 开 1.78/4.1/4.02；即 1.79/3.93/3.98；去水 主52.5%/平23.9%/客23.6%；返还率94.0%；大小球 开 0.88/3.0/0.98；即 1.0/3.25/0.88；亚盘意图候选：阻上/降温保护（中证据）；依据：主队上盘，让球基本稳定，上盘水位1.04，下盘水位0.84，欧赔变化不大；缺首发、PM/必发资金流；资金流未验证：沿用亚盘EV框架（无PM/必发匹配）；亚盘下注由EV漏斗决定；PM/必发/BTTS缺口只作证据折扣；亚盘按标签+微观+水位+同档+风控判断,资金流未验证：沿用亚盘EV框架（无PM/必发匹配）,Titan价格流；PM/必发/BTTS未匹配；资金流未验证不改变亚盘EV流程,严格按skill：展示盘口快照和球探详情；PM/必发/BTTS缺口只禁止对应市场主单，亚盘按标签+微观+水位+同档+风控漏斗判断,否,待赛,不计,NA,亚盘EV待筛选,本次更新已重新读取即时盘口；亚盘方向由HTML红框EV漏斗给出；无投注数据时沿用原亚盘EV框架，有Chuqi/必发匹配时按资金流验证矩阵审计
2026-09-08,欧冠杯,波尔图 vs 曼彻斯特城,20260908-TITAN-3073090-亚盘意图框架-待EV筛选,排名/阶段 葡超1-英超1,亚盘意图框架-待EV筛选,已读取亚盘/欧赔/大小球即时快照；亚盘投注由标签历史+微观组合+水位阈值+同档否决+风控漏斗决定,待标签/微观/水位框架筛选,0,主客排名/阶段 葡超1-英超1；综合评分 主43/客57；伤停 主[15 瓦斯科·索萨(中前卫)-腓骨骨折、77 皮图谢夫斯基(左边锋)-肌肉损伤、37 梅克(右边锋)-耻骨挫伤、8 V·...] / 客[11 多库(左边锋)-小腿受伤]；首发未接入/待赛前1小时核；近况 全部/记录: 主9胜0平1负 / 客6胜2平2负；主队 客队/记录: 主7胜3平0负 / 客5胜3平2负；H2H 全部/记录: 主0胜1平3负 / 客3胜1平0负；主客相同/记录: 主0胜1平1负 / 客1胜1平0负,Titan007亚盘 开 0.85/-0.75/1.03；即 1.0/-0.75/0.88；欧赔 开 4.61/4.0/1.71；即 4.28/3.89/1.74；去水 主21.9%/平24.1%/客53.9%；返还率93.9%；大小球 开 0.88/2.75/0.98；即 0.9/2.75/0.98；亚盘意图候选：平衡盘/等待临场确认（中证据）；依据：客队上盘，让球基本稳定，上盘水位0.88，下盘水位1.00，欧赔变化不大；缺首发、PM/必发资金流；资金流未验证：沿用亚盘EV框架（无PM/必发匹配）；亚盘下注由EV漏斗决定；PM/必发/BTTS缺口只作证据折扣；亚盘按标签+微观+水位+同档+风控判断,资金流未验证：沿用亚盘EV框架（无PM/必发匹配）,Titan价格流；PM/必发/BTTS未匹配；资金流未验证不改变亚盘EV流程,严格按skill：展示盘口快照和球探详情；PM/必发/BTTS缺口只禁止对应市场主单，亚盘按标签+微观+水位+同档+风控漏斗判断,否,待赛,不计,NA,亚盘EV待筛选,本次更新已重新读取即时盘口；亚盘方向由HTML红框EV漏斗给出；无投注数据时沿用原亚盘EV框架，有Chuqi/必发匹配时按资金流验证矩阵审计
2026-09-08,欧冠杯,皇家马德里 vs 国际米兰,20260908-TITAN-3073072-亚盘意图框架-待EV筛选,排名/阶段 西甲3-意甲2,亚盘意图框架-待EV筛选,已读取亚盘/欧赔/大小球即时快照；亚盘投注由标签历史+微观组合+水位阈值+同档否决+风控漏斗决定,待标签/微观/水位框架筛选,0,主客排名/阶段 西甲3-意甲2；综合评分 主65/客35；伤停 主[23 门迪(左后卫)-资格限制及跟腱断裂、14 楚阿梅尼(后腰)-肌肉损伤、2 R·阿森西奥(中卫)-肌肉损伤、9 恩德...] / 客[99 斯潘瑟(右后卫)-身体不适、32 迪马尔科(左后卫)-伤病]；首发未接入/待赛前1小时核；近况 全部/记录: 主7胜1平2负 / 客7胜3平0负；主队 客队/记录: 主8胜1平1负 / 客5胜4平1负；H2H 全部/记录: 主4胜0平0负 / 客0胜0平4负；主客相同/记录: 主2胜0平0负 / 客0胜0平2负,Titan007亚盘 开 0.84/0.75/1.04；即 0.99/1.0/0.89；欧赔 开 1.61/4.4/4.94；即 1.65/4.13/4.75；去水 主57.2%/平22.9%/客19.9%；返还率94.5%；大小球 开 0.84/2.75/1.02；即 0.9/3.25/0.98；亚盘意图候选：真实示强/阻上（中证据）；依据：主队上盘，让球加深，上盘水位0.99，下盘水位0.89，欧赔变化不大；缺首发、PM/必发资金流；资金流未验证：沿用亚盘EV框架（无PM/必发匹配）；亚盘下注由EV漏斗决定；PM/必发/BTTS缺口只作证据折扣；亚盘按标签+微观+水位+同档+风控判断,资金流未验证：沿用亚盘EV框架（无PM/必发匹配）,Titan价格流；PM/必发/BTTS未匹配；资金流未验证不改变亚盘EV流程,严格按skill：展示盘口快照和球探详情；PM/必发/BTTS缺口只禁止对应市场主单，亚盘按标签+微观+水位+同档+风控漏斗判断,否,待赛,不计,NA,亚盘EV待筛选,本次更新已重新读取即时盘口；亚盘方向由HTML红框EV漏斗给出；无投注数据时沿用原亚盘EV框架，有Chuqi/必发匹配时按资金流验证矩阵审计
2026-09-08,欧冠杯,里尔 vs 皇家贝蒂斯,20260908-TITAN-3073162-亚盘意图框架-待EV筛选,排名/阶段 法甲4-西甲4,亚盘意图框架-待EV筛选,已读取亚盘/欧赔/大小球即时快照；亚盘投注由标签历史+微观组合+水位阈值+同档否决+风控漏斗决定,待标签/微观/水位框架筛选,0,主客排名/阶段 法甲4-西甲4；综合评分 主56/客44；伤停 主[29 H·伊加马内(中锋)-十字韧带撕裂、23 考瓦西(中卫)-伤病] / 客[未接入/待核]；首发未接入/待赛前1小时核；近况 全部/记录: 主6胜3平1负 / 客6胜2平2负；主队 客队/记录: 主2胜5平3负 / 客2胜3平5负,Titan007亚盘 开 1.02/0.25/0.86；即 0.95/0.25/0.93；欧赔 开 2.23/3.41/3.22；即 2.26/3.47/3.01；去水 主41.6%/平27.1%/客31.3%；返还率94.1%；大小球 开 0.83/2.5/1.03；即 0.86/2.5/1.02；亚盘意图候选：平衡盘/等待临场确认（中证据）；依据：主队上盘，让球基本稳定，上盘水位0.95，下盘水位0.93，欧赔变化不大；缺首发、H2H、PM/必发资金流；资金流未验证：沿用亚盘EV框架（无PM/必发匹配）；亚盘下注由EV漏斗决定；PM/必发/BTTS缺口只作证据折扣；亚盘按标签+微观+水位+同档+风控判断,资金流未验证：沿用亚盘EV框架（无PM/必发匹配）,Titan价格流；PM/必发/BTTS未匹配；资金流未验证不改变亚盘EV流程,严格按skill：展示盘口快照和球探详情；PM/必发/BTTS缺口只禁止对应市场主单，亚盘按标签+微观+水位+同档+风控漏斗判断,否,待赛,不计,NA,亚盘EV待筛选,本次更新已重新读取即时盘口；亚盘方向由HTML红框EV漏斗给出；无投注数据时沿用原亚盘EV框架，有Chuqi/必发匹配时按资金流验证矩阵审计
2026-09-08,英冠,博尔顿 vs 西汉姆联,20260908-TITAN-3008213-亚盘意图框架-待EV筛选,排名/阶段 21-9,亚盘意图框架-待EV筛选,已读取亚盘/欧赔/大小球即时快照；亚盘投注由标签历史+微观组合+水位阈值+同档否决+风控漏斗决定,待标签/微观/水位框架筛选,0,主客排名/阶段 21-9；综合评分 主50/客50；伤停 主[31 巴祖努(守门员)-未知的损伤、27 卢卡·斯蒂芬森(中场)-大腿和臀肌劳损、8 希恩(后卫)-红牌禁赛、5 刘易斯...] / 客[28 绍切克(中场)-脚踝损伤、11 卡斯特利亚诺斯(前锋)-疑似伤病]；首发未接入/待赛前1小时核；近况 全部/记录: 主4胜1平5负 / 客5胜2平3负；主队 客队/记录: 主5胜3平2负 / 客2胜4平4负；H2H 全部/记录: 主4胜1平1负 / 客1胜1平4负；主客相同/记录: 主5胜1平0负 / 客0胜1平5负,Titan007亚盘 开 1.01/-0.75/0.87；即 1.09/-0.75/0.79；欧赔 开 4.85/4.1/1.63；即 4.45/3.92/1.68；去水 主20.9%/平23.7%/客55.4%；返还率93.0%；大小球 开 0.88/2.75/0.99；即 1.01/3.0/0.86；亚盘意图候选：诱上/阻下（中证据）；依据：客队上盘，让球基本稳定，上盘水位0.79，下盘水位1.09，欧赔变化不大；缺首发、PM/必发资金流；资金流未验证：沿用亚盘EV框架（无PM/必发匹配）；亚盘下注由EV漏斗决定；PM/必发/BTTS缺口只作证据折扣；亚盘按标签+微观+水位+同档+风控判断,资金流未验证：沿用亚盘EV框架（无PM/必发匹配）,Titan价格流；PM/必发/BTTS未匹配；资金流未验证不改变亚盘EV流程,严格按skill：展示盘口快照和球探详情；PM/必发/BTTS缺口只禁止对应市场主单，亚盘按标签+微观+水位+同档+风控漏斗判断,否,待赛,不计,NA,亚盘EV待筛选,本次更新已重新读取即时盘口；亚盘方向由HTML红框EV漏斗给出；无投注数据时沿用原亚盘EV框架，有Chuqi/必发匹配时按资金流验证矩阵审计
2026-09-08,英联杯,米尔沃尔 vs 纽卡斯尔联,20260908-TITAN-3072974-亚盘意图框架-待EV筛选,排名/阶段 英冠7-英超7,亚盘意图框架-待EV筛选,已读取亚盘/欧赔/大小球即时快照；亚盘投注由标签历史+微观组合+水位阈值+同档否决+风控漏斗决定,待标签/微观/水位框架筛选,0,主客排名/阶段 英冠7-英超7；综合评分 主44/客56；伤停 主[0 克拉玛(后卫)-脚踝损伤、24 德诺雷(后腰)-受伤、19 乔希.科伯恩(前锋)-受伤、0 伊万诺维奇(前锋)-受伤...] / 客[2 V.利夫拉门托(右后卫)-膝关节损伤、0 威廉·奥苏拉(中锋)-受伤、7 若埃林顿(中前卫)-受伤、33 布恩(中卫...]；首发未接入/待赛前1小时核；近况 全部/记录: 主5胜2平3负 / 客4胜3平3负；主队 客队/记录: 主6胜0平4负 / 客4胜1平5负,Titan007亚盘 开 0.87/-1.0/0.95；即 0.87/-1.0/0.95；欧赔 开 5.44/4.19/1.55；即 4.84/3.98/1.62；去水 主19.2%/平23.4%/客57.4%；返还率93.0%；大小球 开 0.85/2.75/0.95；即 0.8/2.75/1.0；亚盘意图候选：平衡盘/等待临场确认（中证据）；依据：客队上盘，让球基本稳定，上盘水位0.95，下盘水位0.87，欧赔变化不大；缺首发、H2H、PM/必发资金流；资金流未验证：沿用亚盘EV框架（无PM/必发匹配）；亚盘下注由EV漏斗决定；PM/必发/BTTS缺口只作证据折扣；亚盘按标签+微观+水位+同档+风控判断,资金流未验证：沿用亚盘EV框架（无PM/必发匹配）,Titan价格流；PM/必发/BTTS未匹配；资金流未验证不改变亚盘EV流程,严格按skill：展示盘口快照和球探详情；PM/必发/BTTS缺口只禁止对应市场主单，亚盘按标签+微观+水位+同档+风控漏斗判断,否,待赛,不计,NA,亚盘EV待筛选,本次更新已重新读取即时盘口；亚盘方向由HTML红框EV漏斗给出；无投注数据时沿用原亚盘EV框架，有Chuqi/必发匹配时按资金流验证矩阵审计
2026-09-08,南美杯,圣塔菲 vs 瓦斯科达伽马,20260908-TITAN-3072983-亚盘意图框架-待EV筛选,排名/阶段 哥伦甲秋7-巴西甲17,亚盘意图框架-待EV筛选,已读取亚盘/欧赔/大小球即时快照；亚盘投注由标签历史+微观组合+水位阈值+同档否决+风控漏斗决定,待标签/微观/水位框架筛选,0,主客排名/阶段 哥伦甲秋7-巴西甲17；综合评分 主46/客54；伤停 主[9 弗兰科.法贡德斯(影锋)-肌肉损伤、35 凯文.巴兰塔(中卫)-十字韧带撕裂] / 客[8 罗德里格斯(中场)-腿筋受伤、20 布伦纳(前锋)-脚伤、85 M·卡瓦略(中场)-膝盖韧带撕裂、66 库亚巴诺(后...]；首发未接入/待赛前1小时核；近况 全部/记录: 主4胜6平0负 / 客5胜2平3负；主队 客队/记录: 主5胜5平0负 / 客3胜2平5负,Titan007亚盘 开 0.95/0.25/0.87；即 0.91/0.25/0.91；欧赔 开 2.19/3.13/3.39；即 2.3/3.15/3.06；去水 主40.3%/平29.4%/客30.3%；返还率92.7%；大小球 开 0.99/2.25/0.81；即 0.82/2.0/0.98；亚盘意图候选：平衡盘/等待临场确认（中证据）；依据：主队上盘，让球基本稳定，上盘水位0.91，下盘水位0.91，欧赔削弱上盘；缺首发、H2H、PM/必发资金流；资金流未验证：沿用亚盘EV框架（无PM/必发匹配）；亚盘下注由EV漏斗决定；PM/必发/BTTS缺口只作证据折扣；亚盘按标签+微观+水位+同档+风控判断,资金流未验证：沿用亚盘EV框架（无PM/必发匹配）,Titan价格流；PM/必发/BTTS未匹配；资金流未验证不改变亚盘EV流程,严格按skill：展示盘口快照和球探详情；PM/必发/BTTS缺口只禁止对应市场主单，亚盘按标签+微观+水位+同档+风控漏斗判断,否,待赛,不计,NA,亚盘EV待筛选,本次更新已重新读取即时盘口；亚盘方向由HTML红框EV漏斗给出；无投注数据时沿用原亚盘EV框架，有Chuqi/必发匹配时按资金流验证矩阵审计
2026-09-08,解放者杯,弗鲁米嫩塞 vs 普拉腾斯,20260908-TITAN-3069959-亚盘意图框架-待EV筛选,排名/阶段 巴西甲4-阿甲23,亚盘意图框架-待EV筛选,已读取亚盘/欧赔/大小球即时快照；亚盘投注由标签历史+微观组合+水位阈值+同档否决+风控漏斗决定,待标签/微观/水位框架筛选,0,主客排名/阶段 巴西甲4-阿甲23；综合评分 主62/客38；伤停 主[17 卡诺比奥(前锋)-间接红牌停赛、2 哈维(后卫)-肩部损伤、25 埃里森(中场)-髋屈肌问题、15 马蒂厄斯·利马...] / 客[21 洛蒂(中锋)-腰痛、15 阿马菲尔(后腰)-腰痛、38 C.英根斯隆(后卫)-肩部损伤、9 纳西夫(中锋)-十字韧...]；首发未接入/待赛前1小时核；近况 全部/记录: 主3胜6平1负 / 客2胜5平3负；主队 客队/记录: 主6胜3平1负 / 客4胜2平4负,Titan007亚盘 开 0.81/1.0/1.07；即 1.01/1.0/0.81；欧赔 开 1.52/3.68/7.12；即 1.45/3.77/8.05；去水 主63.9%/平24.6%/客11.5%；返还率92.7%；大小球 开 0.82/2.0/1.05；即 0.82/2.0/0.98；亚盘意图候选：诱下/上盘降温（中证据）；依据：主队上盘，让球基本稳定，上盘水位1.01，下盘水位0.81，欧赔变化不大；缺首发、H2H、PM/必发资金流；资金流未验证：沿用亚盘EV框架（无PM/必发匹配）；亚盘下注由EV漏斗决定；PM/必发/BTTS缺口只作证据折扣；亚盘按标签+微观+水位+同档+风控判断,资金流未验证：沿用亚盘EV框架（无PM/必发匹配）,Titan价格流；PM/必发/BTTS未匹配；资金流未验证不改变亚盘EV流程,严格按skill：展示盘口快照和球探详情；PM/必发/BTTS缺口只禁止对应市场主单，亚盘按标签+微观+水位+同档+风控漏斗判断,否,待赛,不计,NA,亚盘EV待筛选,本次更新已重新读取即时盘口；亚盘方向由HTML红框EV漏斗给出；无投注数据时沿用原亚盘EV框架，有Chuqi/必发匹配时按资金流验证矩阵审计
2026-09-08,美甲杯,哈特福德竞技 vs 科罗拉多跃泉,20260908-TITAN-3084119-亚盘意图框架-待EV筛选,排名/阶段 -,亚盘意图框架-待EV筛选,已读取亚盘/欧赔/大小球即时快照；亚盘投注由标签历史+微观组合+水位阈值+同档否决+风控漏斗决定,待标签/微观/水位框架筛选,0,主客排名/阶段 -；综合评分 主50/客50；伤停未发现结构化名单/待临场核；首发未接入/待赛前1小时核；近况 全部/记录: 主5胜3平2负 / 客5胜1平4负；主队 客队/记录: 主4胜5平1负 / 客5胜1平4负；H2H 全部/记录: 主2胜1平2负 / 客2胜1平2负；主客相同/记录: 主1胜0平1负 / 客1胜0平1负,Titan007亚盘 开 0.86/0.25/0.84；即 0.86/0.25/0.84；欧赔 开 2.23/3.13/2.95；即 2.2/3.16/2.97；去水 主41.0%/平28.6%/客30.4%；返还率90.3%；大小球 开 0.85/2.5/0.85；即 0.85/2.5/0.85；亚盘意图候选：诱下/上盘降温（中证据）；依据：主队上盘，让球基本稳定，上盘水位0.86，下盘水位0.84，欧赔变化不大；缺伤停、首发、PM/必发资金流；资金流未验证：沿用亚盘EV框架（无PM/必发匹配）；亚盘下注由EV漏斗决定；PM/必发/BTTS缺口只作证据折扣；亚盘按标签+微观+水位+同档+风控判断,资金流未验证：沿用亚盘EV框架（无PM/必发匹配）,Titan价格流；PM/必发/BTTS未匹配；资金流未验证不改变亚盘EV流程,严格按skill：展示盘口快照和球探详情；PM/必发/BTTS缺口只禁止对应市场主单，亚盘按标签+微观+水位+同档+风控漏斗判断,否,待赛,不计,NA,亚盘EV待筛选,本次更新已重新读取即时盘口；亚盘方向由HTML红框EV漏斗给出；无投注数据时沿用原亚盘EV框架，有Chuqi/必发匹配时按资金流验证矩阵审计
2026-09-08,巴西乙,库亚巴 vs 巴西竞技,20260908-TITAN-2940169-亚盘意图框架-待EV筛选,排名/阶段 13-11,亚盘意图框架-待EV筛选,已读取亚盘/欧赔/大小球即时快照；亚盘投注由标签历史+微观组合+水位阈值+同档否决+风控漏斗决定,待标签/微观/水位框架筛选,0,主客排名/阶段 13-11；综合评分 主60/客40；伤停 主[未接入/待核] / 客[13 桑帕约(中卫)-肌肉问题、0 塔瓦尔斯(前锋)-十字韧带撕裂]；首发未接入/待赛前1小时核；近况 全部/记录: 主3胜4平3负 / 客4胜3平3负；主队 客队/记录: 主4胜5平1负 / 客2胜5平3负；H2H 全部/记录: 主2胜1平0负 / 客0胜1平2负；主客相同/记录: 主1胜0平0负 / 客0胜0平1负,Titan007亚盘 开 0.81/0.5/1.07；即 0.85/0.5/1.03；欧赔 开 1.85/3.09/4.63；即 1.77/3.13/4.89；去水 主51.9%/平29.3%/客18.8%；返还率91.8%；大小球 开 0.98/2.0/0.88；即 0.98/2.0/0.88；亚盘意图候选：阻下/下盘保护（中证据）；依据：主队上盘，让球基本稳定，上盘水位0.85，下盘水位1.03，欧赔支持上盘；缺首发、PM/必发资金流；资金流未验证：沿用亚盘EV框架（无PM/必发匹配）；亚盘下注由EV漏斗决定；PM/必发/BTTS缺口只作证据折扣；亚盘按标签+微观+水位+同档+风控判断,资金流未验证：沿用亚盘EV框架（无PM/必发匹配）,Titan价格流；PM/必发/BTTS未匹配；资金流未验证不改变亚盘EV流程,严格按skill：展示盘口快照和球探详情；PM/必发/BTTS缺口只禁止对应市场主单，亚盘按标签+微观+水位+同档+风控漏斗判断,否,待赛,不计,NA,亚盘EV待筛选,本次更新已重新读取即时盘口；亚盘方向由HTML红框EV漏斗给出；无投注数据时沿用原亚盘EV框架，有Chuqi/必发匹配时按资金流验证矩阵审计
2026-09-08,智利乙,库里科 vs 西班牙联合,20260908-TITAN-2926316-亚盘意图框架-待EV筛选,排名/阶段 13-6,亚盘意图框架-待EV筛选,已读取亚盘/欧赔/大小球即时快照；亚盘投注由标签历史+微观组合+水位阈值+同档否决+风控漏斗决定,待标签/微观/水位框架筛选,0,主客排名/阶段 13-6；综合评分 主42/客58；伤停未发现结构化名单/待临场核；首发未接入/待赛前1小时核；近况 全部/记录: 主2胜4平4负 / 客4胜1平5负；主队 客队/记录: 主3胜4平3负 / 客3胜4平3负；H2H 全部/记录: 主1胜1平4负 / 客4胜1平1负；主客相同/记录: 主0胜1平5负 / 客5胜1平0负,Titan007亚盘 开 0.98/0.25/0.72；即 0.98/0.25/0.72；欧赔 开 2.32/3.16/2.8；即 2.36/3.28/2.64；去水 主38.3%/平27.5%/客34.2%；返还率90.3%；大小球 开 0.8/2.25/0.9；即 0.8/2.25/0.9；亚盘意图候选：诱下/上盘降温（中证据）；依据：主队上盘，让球基本稳定，上盘水位0.98，下盘水位0.72，欧赔变化不大；缺伤停、首发、PM/必发资金流；资金流未验证：沿用亚盘EV框架（无PM/必发匹配）；亚盘下注由EV漏斗决定；PM/必发/BTTS缺口只作证据折扣；亚盘按标签+微观+水位+同档+风控判断,资金流未验证：沿用亚盘EV框架（无PM/必发匹配）,Titan价格流；PM/必发/BTTS未匹配；资金流未验证不改变亚盘EV流程,严格按skill：展示盘口快照和球探详情；PM/必发/BTTS缺口只禁止对应市场主单，亚盘按标签+微观+水位+同档+风控漏斗判断,否,待赛,不计,NA,亚盘EV待筛选,本次更新已重新读取即时盘口；亚盘方向由HTML红框EV漏斗给出；无投注数据时沿用原亚盘EV框架，有Chuqi/必发匹配时按资金流验证矩阵审计
2026-09-08,智利乙,迪帕特斯 vs 圣地亚哥漫游者,20260908-TITAN-2926318-亚盘意图框架-待EV筛选,排名/阶段 11-1,亚盘意图框架-待EV筛选,已读取亚盘/欧赔/大小球即时快照；亚盘投注由标签历史+微观组合+水位阈值+同档否决+风控漏斗决定,待标签/微观/水位框架筛选,0,主客排名/阶段 11-1；综合评分 主42/客58；伤停未发现结构化名单/待临场核；首发未接入/待赛前1小时核；近况 全部/记录: 主1胜2平7负 / 客5胜3平2负；主队 客队/记录: 主3胜2平5负 / 客5胜1平4负；H2H 全部/记录: 主1胜1平4负 / 客4胜1平1负；主客相同/记录: 主3胜1平2负 / 客2胜1平3负,Titan007亚盘 开 0.85/0.25/0.85；即 0.85/0.25/0.85；欧赔 开 2.22/3.28/2.87；即 2.29/3.36/2.74；去水 主39.7%/平27.1%/客33.2%；返还率91.0%；大小球 开 0.78/2.5/0.92；即 0.78/2.5/0.92；亚盘意图候选：平衡盘/等待临场确认（中证据）；依据：主队上盘，让球基本稳定，上盘水位0.85，下盘水位0.85，欧赔变化不大；缺伤停、首发、PM/必发资金流；资金流未验证：沿用亚盘EV框架（无PM/必发匹配）；亚盘下注由EV漏斗决定；PM/必发/BTTS缺口只作证据折扣；亚盘按标签+微观+水位+同档+风控判断,资金流未验证：沿用亚盘EV框架（无PM/必发匹配）,Titan价格流；PM/必发/BTTS未匹配；资金流未验证不改变亚盘EV流程,严格按skill：展示盘口快照和球探详情；PM/必发/BTTS缺口只禁止对应市场主单，亚盘按标签+微观+水位+同档+风控漏斗判断,否,待赛,不计,NA,亚盘EV待筛选,本次更新已重新读取即时盘口；亚盘方向由HTML红框EV漏斗给出；无投注数据时沿用原亚盘EV框架，有Chuqi/必发匹配时按资金流验证矩阵审计
2026-09-08,巴西乙,克里丘马 vs 尤文图德,20260908-TITAN-2940168-亚盘意图框架-待EV筛选,排名/阶段 2-1,亚盘意图框架-待EV筛选,已读取亚盘/欧赔/大小球即时快照；亚盘投注由标签历史+微观组合+水位阈值+同档否决+风控漏斗决定,待标签/微观/水位框架筛选,0,主客排名/阶段 2-1；综合评分 主51/客49；伤停未发现结构化名单/待临场核；首发未接入/待赛前1小时核；近况 全部/记录: 主5胜2平3负 / 客4胜4平2负；主队 客队/记录: 主6胜3平1负 / 客3胜5平2负；H2H 全部/记录: 主2胜2平2负 / 客2胜2平2负；主客相同/记录: 主1胜2平3负 / 客3胜2平1负,Titan007亚盘 开 0.81/0.25/1.07；即 0.79/0.25/1.09；欧赔 开 2.08/2.81/4.1；即 2.14/2.62/4.24；去水 主43.1%/平35.2%/客21.7%；返还率92.2%；大小球 开 1.07/2.0/0.79；即 1.08/2.0/0.78；亚盘意图候选：诱上/阻下（中证据）；依据：主队上盘，让球基本稳定，上盘水位0.79，下盘水位1.09，欧赔变化不大；缺伤停、首发、PM/必发资金流；资金流未验证：沿用亚盘EV框架（无PM/必发匹配）；亚盘下注由EV漏斗决定；PM/必发/BTTS缺口只作证据折扣；亚盘按标签+微观+水位+同档+风控判断,资金流未验证：沿用亚盘EV框架（无PM/必发匹配）,Titan价格流；PM/必发/BTTS未匹配；资金流未验证不改变亚盘EV流程,严格按skill：展示盘口快照和球探详情；PM/必发/BTTS缺口只禁止对应市场主单，亚盘按标签+微观+水位+同档+风控漏斗判断,否,待赛,不计,NA,亚盘EV待筛选,本次更新已重新读取即时盘口；亚盘方向由HTML红框EV漏斗给出；无投注数据时沿用原亚盘EV框架，有Chuqi/必发匹配时按资金流验证矩阵审计
2026-09-08,哥伦乙秋,哥杜雷亚 vs 卡利竞技,20260908-TITAN-3012144-亚盘意图框架-待EV筛选,排名/阶段 秋15-秋9,亚盘意图框架-待EV筛选,已读取亚盘/欧赔/大小球即时快照；亚盘投注由标签历史+微观组合+水位阈值+同档否决+风控漏斗决定,待标签/微观/水位框架筛选,0,主客排名/阶段 秋15-秋9；综合评分 主60/客40；伤停未发现结构化名单/待临场核；首发未接入/待赛前1小时核；近况 全部/记录: 主2胜3平5负 / 客2胜3平5负；主队 客队/记录: 主4胜4平2负 / 客2胜1平7负；H2H 全部/记录: 主3胜1平2负 / 客2胜1平3负；主客相同/记录: 主4胜1平1负 / 客1胜1平4负,Titan007亚盘 开 0.9/1.5/0.8；即 0.9/1.5/0.8；欧赔 开 1.28/4.86/8.37；即 1.26/5.09/8.89；去水 主72.0%/平17.8%/客10.2%；返还率90.7%；大小球 开 0.78/2.75/0.92；即 0.78/2.75/0.92；亚盘意图候选：诱下/上盘降温（中证据）；依据：主队上盘，让球基本稳定，上盘水位0.90，下盘水位0.80，欧赔变化不大；缺伤停、首发、PM/必发资金流；资金流未验证：沿用亚盘EV框架（无PM/必发匹配）；亚盘下注由EV漏斗决定；PM/必发/BTTS缺口只作证据折扣；亚盘按标签+微观+水位+同档+风控判断,资金流未验证：沿用亚盘EV框架（无PM/必发匹配）,Titan价格流；PM/必发/BTTS未匹配；资金流未验证不改变亚盘EV流程,严格按skill：展示盘口快照和球探详情；PM/必发/BTTS缺口只禁止对应市场主单，亚盘按标签+微观+水位+同档+风控漏斗判断,否,待赛,不计,NA,亚盘EV待筛选,本次更新已重新读取即时盘口；亚盘方向由HTML红框EV漏斗给出；无投注数据时沿用原亚盘EV框架，有Chuqi/必发匹配时按资金流验证矩阵审计
2026-09-08,美甲杯,圣安东尼奥 vs 路易斯维尔FC,20260908-TITAN-3084121-亚盘意图框架-待EV筛选,排名/阶段 -,亚盘意图框架-待EV筛选,已读取亚盘/欧赔/大小球即时快照；亚盘投注由标签历史+微观组合+水位阈值+同档否决+风控漏斗决定,待标签/微观/水位框架筛选,0,主客排名/阶段 -；综合评分 主55/客45；伤停未发现结构化名单/待临场核；首发未接入/待赛前1小时核；近况 全部/记录: 主5胜2平3负 / 客3胜4平3负；主队 客队/记录: 主4胜3平3负 / 客2胜4平4负；H2H 全部/记录: 主1胜2平1负 / 客1胜2平1负；主客相同/记录: 主1胜1平0负 / 客0胜1平1负,Titan007亚盘 开 0.78/-0.25/0.92；即 0.78/-0.25/0.92；欧赔 开 2.73/3.2/2.33；即 2.72/3.22/2.33；去水 主33.2%/平28.0%/客38.8%；返还率90.3%；大小球 开 0.78/2.5/0.92；即 0.78/2.5/0.92；亚盘意图候选：诱下/上盘降温（中证据）；依据：客队上盘，让球基本稳定，上盘水位0.92，下盘水位0.78，欧赔变化不大；缺伤停、首发、PM/必发资金流；资金流未验证：沿用亚盘EV框架（无PM/必发匹配）；亚盘下注由EV漏斗决定；PM/必发/BTTS缺口只作证据折扣；亚盘按标签+微观+水位+同档+风控判断,资金流未验证：沿用亚盘EV框架（无PM/必发匹配）,Titan价格流；PM/必发/BTTS未匹配；资金流未验证不改变亚盘EV流程,严格按skill：展示盘口快照和球探详情；PM/必发/BTTS缺口只禁止对应市场主单，亚盘按标签+微观+水位+同档+风控漏斗判断,否,待赛,不计,NA,亚盘EV待筛选,本次更新已重新读取即时盘口；亚盘方向由HTML红框EV漏斗给出；无投注数据时沿用原亚盘EV框架，有Chuqi/必发匹配时按资金流验证矩阵审计
