date,match,result,pnl,source
2026-08-02,大田市民 vs 光州FC,赛果未匹配待人工核验,不计,missing
2026-08-11,戈亚斯 vs 隆德里纳,赛果未匹配待人工核验,不计,missing
2026-08-11,班菲尔德 vs 贝尔格拉诺,赛果未匹配待人工核验,不计,missing
2026-08-11,南球杯两场,赛果未匹配待人工核验,不计,missing
2026-08-11,阿瓦伊 vs CRB,赛果未匹配待人工核验,不计,missing
2026-08-11,塔勒瑞斯 vs 拉努斯,赛果未匹配待人工核验,不计,missing
2026-08-11,玻利瓦尔 vs 圣保罗,赛果未匹配待人工核验,不计,missing
2026-08-13,桑托斯 vs 马卡拉,赛果未匹配待人工核验,不计,missing
2026-08-13,瓦斯科达伽马 vs 奥林匹亚,赛果未匹配待人工核验,不计,missing
2026-08-13,西恩夏诺 vs 博塔弗戈,赛果未匹配待人工核验,不计,missing
2026-08-15,洛杉矶FC vs 圣迭戈FC,赛果未匹配待人工核验,不计,missing
2026-08-16,阿森纳 vs 曼城,赛果未匹配待人工核验,不计,missing
2026-08-16,伯恩利 vs 西汉姆,赛果未匹配待人工核验,不计,missing
2026-08-16,桑坦德竞技 vs 比利亚雷亚尔,赛果未匹配待人工核验,不计,missing
2026-08-16,西班牙人 vs 莱万特,赛果未匹配待人工核验,不计,missing
2026-08-16,塞尔塔 vs 奥萨苏纳,赛果未匹配待人工核验,不计,missing
2026-08-16,阿贾克斯 vs 海伦芬,赛果未匹配待人工核验,不计,missing
2026-08-16,拉卢维埃尔 vs 根特,赛果未匹配待人工核验,不计,missing
2026-08-16,国民队 vs 埃斯托里尔,赛果未匹配待人工核验,不计,missing
2026-08-16,布拉加 vs 吉维森特,赛果未匹配待人工核验,不计,missing
2026-08-16,热那亚 vs 阿斯科利,赛果未匹配待人工核验,不计,missing
2026-08-16,拉齐奥 vs 曼托瓦,赛果未匹配待人工核验,不计,missing
2026-08-16,朗斯 vs 巴黎圣日耳曼,赛果未匹配待人工核验,不计,missing
2026-08-16,尤尔加登 vs AIK,赛果未匹配待人工核验,不计,missing
2026-08-16,卡尔马 vs 哈马比,赛果未匹配待人工核验,不计,missing
2026-08-16,布兰 vs 汉坎,赛果未匹配待人工核验,不计,missing
2026-08-16,莫尔德 vs 特罗姆瑟,赛果未匹配待人工核验,不计,missing
2026-08-16,苏维埃之翼 vs 马哈奇卡拉迪纳摩,赛果未匹配待人工核验,不计,missing
2026-08-16,沙佩科恩斯 vs 巴伊亚,赛果未匹配待人工核验,不计,missing
2026-08-16,米拉索尔 vs 弗拉门戈,赛果未匹配待人工核验,不计,missing
2026-08-16,科林蒂安 vs 克鲁塞罗,赛果未匹配待人工核验,不计,missing
2026-08-16,蓬塔格罗萨铁路 vs 阿瓦伊,赛果未匹配待人工核验,不计,missing
2026-08-16,萨米恩托 vs 飓风,赛果未匹配待人工核验,不计,missing
2026-08-16,河床 vs 阿根廷青年人,赛果未匹配待人工核验,不计,missing
2026-08-16,纽约城 vs 费城联合,赛果未匹配待人工核验,不计,missing
2026-08-16,西雅图海湾人 vs 温哥华白帽,赛果未匹配待人工核验,不计,missing
2026-08-16,仁川联 vs 金泉尚武,赛果未匹配待人工核验,不计,missing
2026-08-17,Sporting Gijon vs Sabadell,赛果未匹配待人工核验,不计,missing
2026-08-17,Almeria vs Eldense,赛果未匹配待人工核验,不计,missing
2026-08-17,De Graafschap vs Jong AZ,赛果未匹配待人工核验,不计,missing
2026-08-17,Jong Ajax vs FC Emmen,赛果未匹配待人工核验,不计,missing
2026-08-17,Jong Utrecht vs Vitesse,赛果未匹配待人工核验,不计,missing
2026-08-17,Samsunspor vs Goztepe,赛果未匹配待人工核验,不计,missing
2026-08-17,Internacional vs Remo,赛果未匹配待人工核验,不计,missing
2026-08-17,Velez Sarsfield vs Defensa y Justicia,赛果未匹配待人工核验,不计,missing
2026-08-17,Gimnasia Mendoza vs Talleres,赛果未匹配待人工核验,不计,missing
2026-08-18,Sao Paulo vs Bolivar,赛果未匹配待人工核验,不计,missing
2026-08-18,Londrina vs Atletico Goianiense,赛果未匹配待人工核验,不计,missing
2026-08-18,Nautico vs Ceara,赛果未匹配待人工核验,不计,missing
2026-08-18,Goias vs Juventude,赛果未匹配待人工核验,不计,missing
2026-08-19,Columbus Crew vs CF Montreal,赛果未匹配待人工核验,不计,missing
2026-08-19,DC United vs New England Revolution,赛果未匹配待人工核验,不计,missing
2026-08-19,FC Cincinnati vs New York City FC,赛果未匹配待人工核验,不计,missing
2026-08-19,Orlando City vs Chicago Fire,赛果未匹配待人工核验,不计,missing
2026-08-19,Philadelphia Union vs Inter Miami,赛果未匹配待人工核验,不计,missing
2026-08-19,New York Red Bulls vs Nashville SC,赛果未匹配待人工核验,不计,missing
2026-08-19,Toronto FC vs Charlotte FC,赛果未匹配待人工核验,不计,missing
2026-08-19,Sporting Kansas City vs St. Louis City,赛果未匹配待人工核验,不计,missing
2026-08-19,Minnesota United vs Atlanta United,赛果未匹配待人工核验,不计,missing
2026-08-19,Colorado Rapids vs LAFC,赛果未匹配待人工核验,不计,missing
2026-08-19,Real Salt Lake vs FC Dallas,赛果未匹配待人工核验,不计,missing
2026-08-19,Seattle Sounders vs Austin FC,赛果未匹配待人工核验,不计,missing
2026-08-19,LA Galaxy vs San Jose Earthquakes,赛果未匹配待人工核验,不计,missing
2026-08-19,Portland Timbers vs San Diego FC,赛果未匹配待人工核验,不计,missing
2026-08-19,Vancouver Whitecaps vs Houston Dynamo,赛果未匹配待人工核验,不计,missing
2026-08-19,Phoenix Rising vs Colorado Springs,赛果未匹配待人工核验,不计,missing
2026-08-19,Avai vs Sport,赛果未匹配待人工核验,不计,missing
2026-08-19,Fortaleza vs Sao Bernardo,赛果未匹配待人工核验,不计,missing
2026-08-19,Cuiaba vs Operario PR,赛果未匹配待人工核验,不计,missing
2026-08-19,Vila Nova vs Ponte Preta,赛果未匹配待人工核验,不计,missing
2026-08-19,Botafogo-SP vs Criciuma,赛果未匹配待人工核验,不计,missing
2026-08-19,Atletico-MG vs Red Bull Bragantino,赛果未匹配待人工核验,不计,missing
2026-08-19,Independiente Santa Fe vs River Plate,赛果未匹配待人工核验,不计,missing
2026-08-19,Montevideo City Torque vs Tigre,赛果未匹配待人工核验,不计,missing
2026-08-20,Sheffield Wednesday vs Bradford City,赛果未匹配待人工核验,不计,missing
2026-08-20,Rayo Vallecano vs Alaves,赛果未匹配待人工核验,不计,missing
2026-08-20,Kairat Almaty vs Anderlecht,赛果未匹配待人工核验,不计,missing
2026-08-20,Jagiellonia vs Iberia 1999,赛果未匹配待人工核验,不计,missing
2026-08-20,Mjallby vs Salzburg,赛果未匹配待人工核验,不计,missing
2026-08-20,Besiktas vs Kauno Zalgiris,赛果未匹配待人工核验,不计,missing
2026-08-20,Craiova vs Ararat-Armenia,赛果未匹配待人工核验,不计,missing
2026-08-20,Egnatia vs Lillestrom,赛果未匹配待人工核验,不计,missing
2026-08-20,Lech Poznan vs Thun,赛果未匹配待人工核验,不计,missing
2026-08-20,Trabzonspor vs Ferencvaros,赛果未匹配待人工核验,不计,missing
2026-08-20,Crvena Zvezda vs Viktoria Plzen,赛果未匹配待人工核验,不计,missing
2026-08-20,OFI vs CSKA Sofia,赛果未匹配待人工核验,不计,missing
2026-08-20,Sint-Truidense vs Omonia,赛果未匹配待人工核验,不计,missing
2026-08-20,Benfica vs AGF Aarhus,赛果未匹配待人工核验,不计,missing
2026-08-20,Inter Turku vs Copenhagen,赛果未匹配待人工核验,不计,missing
2026-08-20,Midtjylland vs Rijeka,赛果未匹配待人工核验,不计,missing
2026-08-20,Nordsjaelland vs St Gallen,赛果未匹配待人工核验,不计,missing
2026-08-20,Tromso vs Brighton,赛果未匹配待人工核验,不计,missing
2026-08-20,PAOK vs Brann,赛果未匹配待人工核验,不计,missing
2026-08-20,Twente vs Qarabag,赛果未匹配待人工核验,不计,missing
2026-08-20,Gornik Zabrze vs Monaco,赛果未匹配待人工核验,不计,missing
2026-08-20,Sion vs Ajax,赛果未匹配待人工核验,不计,missing
2026-08-20,Gent vs Hibernian,赛果未匹配待人工核验,不计,missing
2026-08-20,Atalanta vs Hapoel Tel Aviv,赛果未匹配待人工核验,不计,missing
2026-08-20,Lugano vs Maccabi Tel Aviv,赛果未匹配待人工核验,不计,missing
2026-08-20,Motherwell vs Freiburg,赛果未匹配待人工核验,不计,missing
2026-08-20,Panathinaikos vs Hradec Kralove,赛果未匹配待人工核验,不计,missing
2026-08-20,Hearts vs Rapid Wien,赛果未匹配待人工核验,不计,missing
2026-08-20,Rangers vs Jablonec,赛果未匹配待人工核验,不计,missing
2026-08-20,Braga vs Austria Wien,赛果未匹配待人工核验,不计,missing
2026-08-20,Getafe vs Partizan,赛果未匹配待人工核验,不计,missing
2026-08-20,Hajduk Split vs Rakow,赛果未匹配待人工核验,不计,missing
2026-08-20,Athletic vs CRB,赛果未匹配待人工核验,不计,missing
2026-08-20,Novorizontino vs America Mineiro,赛果未匹配待人工核验,不计,missing
2026-08-20,Olimpia vs Vasco da Gama,赛果未匹配待人工核验,不计,missing
2026-08-20,Macara vs Santos,赛果未匹配待人工核验,不计,missing
2026-08-20,Botafogo vs Cienciano,赛果未匹配待人工核验,不计,missing
2026-08-21,SC Preussen Munster vs Karlsruher SC,赛果未匹配待人工核验,不计,missing
2026-08-21,St. Tonis vs Eintracht Frankfurt,赛果未匹配待人工核验,不计,missing
2026-08-21,SV Waldhof Mannheim vs Kaiserslautern,赛果未匹配待人工核验,不计,missing
2026-08-21,IK Sirius vs Hacken,赛果未匹配待人工核验,不计,missing
2026-08-21,Aldosivi vs Union Santa Fe,赛果未匹配待人工核验,不计,missing
2026-08-21,Vicenza vs Catanzaro,赛果未匹配待人工核验,不计,missing
2026-08-21,Marseille vs Strasbourg,赛果未匹配待人工核验,不计,missing
2026-08-21,Standard Liege vs La Louviere,赛果未匹配待人工核验,不计,missing
2026-08-21,Hansa Rostock vs Stuttgart,赛果未匹配待人工核验,不计,missing
2026-08-21,Arsenal vs Coventry City,赛果未匹配待人工核验,不计,missing
2026-08-21,Real Betis vs Real Sociedad,赛果未匹配待人工核验,不计,missing
2026-08-21,Estudiantes RC vs San Lorenzo,赛果未匹配待人工核验,不计,missing
2026-08-25,科化体育会 vs 福马亭,赛果未匹配待人工核验,不计,missing
2026-08-25,尤文图德 vs 雷加塔斯巴西,赛果未匹配待人工核验,不计,missing
2026-08-25,戈亚尼亚竞技 vs 保地花高SP,赛果未匹配待人工核验,不计,missing
2026-08-25,宾托大学生 vs 国民波托斯,赛果未匹配待人工核验,不计,missing
2026-08-25,伊希库斯尼斯塔史 vs 梅洛小阿根廷,赛果未匹配待人工核验,不计,missing
2026-08-26,皇家帕托斯 vs 皇家托马亚波,赛果未匹配待人工核验,不计,missing
2026-08-26,米兰达 vs 安索阿特吉,赛果未匹配待人工核验,不计,missing
2026-08-26,佩纳罗尔 vs 图尔克,赛果未匹配待人工核验,不计,missing
2026-08-26,那不勒斯FC vs 奥马哈,赛果未匹配待人工核验,不计,missing
2026-08-27,雷西斯滕SC vs 波特诺山丘,赛果未匹配待人工核验,不计,missing
2026-08-27,拉普拉塔大学生 vs 巴拉卡斯中央队,赛果未匹配待人工核验,不计,missing
2026-08-27,石油独立 vs 瓜比拉,赛果未匹配待人工核验,不计,missing
2026-08-27,巴西国际 vs 格雷米奥,赛果未匹配待人工核验,不计,missing
2026-08-27,拉尼洛斯 vs 百万富翁,赛果未匹配待人工核验,不计,missing
2026-08-28,累西腓航海 vs 巴西竞技,赛果未匹配待人工核验,不计,missing
2026-08-28,诺瓦里桑蒂诺 vs 累西腓体育,赛果未匹配待人工核验,不计,missing
2026-08-30,SKA哈巴罗夫斯克 vs 莫斯科鱼雷,赛果未匹配待人工核验,不计,missing
2026-08-30,卧龙岗狼队 vs 曼立联队,赛果未匹配待人工核验,不计,missing
2026-08-30,悉尼联盟 vs FC圣乔治,赛果未匹配待人工核验,不计,missing
2026-08-30,洛克达尔 vs 新南威尔士大学,赛果未匹配待人工核验,不计,missing
2026-08-30,莱卡特老虎 vs 圣乔治城,赛果未匹配待人工核验,不计,missing
2026-08-30,萨瑟兰鲨鱼 vs SD公鹿FC,赛果未匹配待人工核验,不计,missing
2026-08-30,马可尼 vs 北部精神,赛果未匹配待人工核验,不计,missing
2026-08-30,昆士兰狮队 vs 潘尼苏拉,赛果未匹配待人工核验,不计,missing
2026-08-30,始兴市民 vs 抱川FC,赛果未匹配待人工核验,不计,missing
2026-08-30,乌尼邱夫 vs 荷路比纳,赛果未匹配待人工核验,不计,missing
2026-08-30,哈维瓦 vs 布尔诺B队,赛果未匹配待人工核验,不计,missing
2026-08-30,布咸美恩斯1905B队 vs 艾德米拉布拉格,赛果未匹配待人工核验,不计,missing
2026-08-30,帕尔杜比斯B队 vs 泽尼特卡斯拉夫,赛果未匹配待人工核验,不计,missing
2026-08-30,杜卡拉B队 vs 布拉格斯拉维亚C队,赛果未匹配待人工核验,不计,missing
2026-08-30,布拉格斯拉维亚B队 vs 奥帕瓦,赛果未匹配待人工核验,不计,missing
2026-08-30,皮耳森B队 vs 布德约维茨迪纳摩,赛果未匹配待人工核验,不计,missing
2026-08-30,叶尼塞 vs 辛历克,赛果未匹配待人工核验,不计,missing
2026-08-30,北九州向日葵 vs 松本山雅,赛果未匹配待人工核验,不计,missing
2026-08-30,长野琶扼搂 vs 群马草津温泉,赛果未匹配待人工核验,不计,missing
2026-08-30,瑞拉滋贺 vs 鸟取飞翔,赛果未匹配待人工核验,不计,missing
2026-08-30,查诺莫斯 vs 克里夫巴斯,赛果未匹配待人工核验,不计,missing
2026-08-30,山口雷法 vs 大阪俱乐部,赛果未匹配待人工核验,不计,missing
2026-08-30,金泽 vs FC爱媛,赛果未匹配待人工核验,不计,missing
2026-08-30,高知联合 vs 熊本深红,赛果未匹配待人工核验,不计,missing
2026-08-30,马希高 vs 卡马查,赛果未匹配待人工核验,不计,missing
2026-08-30,阿马兰迪 vs 本菲卡B队,赛果未匹配待人工核验,不计,missing
2026-08-30,木浦市 vs 骊州世宗,赛果未匹配待人工核验,不计,missing
2026-08-30,蔚山市民 vs 釜山运输,赛果未匹配待人工核验,不计,missing
2026-08-30,FC埃因霍温 vs 赫拉克勒斯,赛果未匹配待人工核验,不计,missing
2026-08-30,乌德勒支 vs 埃因霍温,赛果未匹配待人工核验,不计,missing
2026-08-30,水原FC vs 釜山偶像,赛果未匹配待人工核验,不计,missing
2026-08-30,金海 vs 龙仁FC,赛果未匹配待人工核验,不计,missing
2026-08-30,仁川联队 vs 全北现代,赛果未匹配待人工核验,不计,missing
2026-08-30,光州FC vs FC首尔,赛果未匹配待人工核验,不计,missing
2026-08-30,江原FC vs 浦项制铁,赛果未匹配待人工核验,不计,missing
2026-08-30,济州SK vs 大田市民,赛果未匹配待人工核验,不计,missing
2026-08-30,大连鲲城 vs 南通支云,赛果未匹配待人工核验,不计,missing
2026-08-30,宁波职业足球俱乐部 vs 梅州客家,赛果未匹配待人工核验,不计,missing
2026-08-30,哈维德夫 vs 弗雷德里西亚,赛果未匹配待人工核验,不计,missing
2026-08-30,希勒罗德 vs 霍布罗,赛果未匹配待人工核验,不计,missing
2026-08-30,广东广州豹 vs 长春亚泰,赛果未匹配待人工核验,不计,missing
2026-08-30,萨尔布吕肯 vs 罗斯托克,赛果未匹配待人工核验,不计,missing
2026-08-30,圣保利 vs 凯泽斯劳滕,赛果未匹配待人工核验,不计,missing
2026-08-30,达姆施塔特 vs 汉诺威96,赛果未匹配待人工核验,不计,missing
2026-08-30,马格德堡 vs 荷尔斯泰因,赛果未匹配待人工核验,不计,missing
2026-08-30,根特 vs 布鲁日,赛果未匹配待人工核验,不计,missing
2026-08-30,斯基夫 vs 纳斯特维德,赛果未匹配待人工核验,不计,missing
2026-08-30,奥胡斯费马 vs 瓦埃勒,赛果未匹配待人工核验,不计,missing
2026-08-30,利恩比 vs 欧登塞,赛果未匹配待人工核验,不计,missing
2026-08-30,锡尔克堡 vs 中日德兰,赛果未匹配待人工核验,不计,missing
2026-08-30,罗迪纳莫斯科 vs 加里宁格勒巴蒂卡,赛果未匹配待人工核验,不计,missing
2026-08-30,伊特什 vs 阿克托比,赛果未匹配待人工核验,不计,missing
2026-08-30,卡斯比阿克套 vs 杜堡尔,赛果未匹配待人工核验,不计,missing
2026-08-30,侯尼霍斯 vs 弗洛,赛果未匹配待人工核验,不计,missing
2026-08-30,索尔纳 vs 哈马比,赛果未匹配待人工核验,不计,missing
2026-08-30,锡永 vs 卢加诺,赛果未匹配待人工核验,不计,missing
2026-08-30,LNZ切尔卡斯 vs 维勒斯,赛果未匹配待人工核验,不计,missing
2026-08-30,博德闪耀 vs 罗森博格,赛果未匹配待人工核验,不计,missing
2026-08-30,威廉二世 vs 海伦芬,赛果未匹配待人工核验,不计,missing
2026-08-30,费耶诺德 vs 海牙,赛果未匹配待人工核验,不计,missing
2026-08-30,埃斯比约 vs 文德斯尔,赛果未匹配待人工核验,不计,missing
2026-08-30,利贝雷茨 vs 赫拉德茨克拉洛韦,赛果未匹配待人工核验,不计,missing
2026-08-30,巴黎FC vs 尼斯,赛果未匹配待人工核验,不计,missing
2026-08-30,瓦尔贝里 vs 奥迪沃特,赛果未匹配待人工核验,不计,missing
2026-08-30,AFC温布尔登 vs 维冈竞技,赛果未匹配待人工核验,不计,missing
2026-08-30,切尔西 vs 布莱顿,赛果未匹配待人工核验,不计,missing
2026-08-30,利兹联 vs 布伦特福德,赛果未匹配待人工核验,不计,missing
2026-08-30,桑德兰 vs 富勒姆,赛果未匹配待人工核验,不计,missing
2026-08-30,AVS俱乐部 vs 费伦斯,赛果未匹配待人工核验,不计,missing
2026-08-30,弗赖堡 vs 云达不莱梅,赛果未匹配待人工核验,不计,missing
2026-08-30,哈塔 vs 沙迦,赛果未匹配待人工核验,不计,missing
2026-08-30,兰讷斯 vs 奥胡斯,赛果未匹配待人工核验,不计,missing
2026-08-30,巴拉纳竞技 vs 弗鲁米嫩塞,赛果未匹配待人工核验,不计,missing
2026-08-30,维尔通 vs 法兰波垒斯,赛果未匹配待人工核验,不计,missing
2026-08-30,安特卫普 vs 圣图尔登,赛果未匹配待人工核验,不计,missing
2026-08-30,曼斯菲尔德 vs 卢顿,赛果未匹配待人工核验,不计,missing
2026-08-30,莫斯科斯巴达 vs 奥伦堡加索维克,赛果未匹配待人工核验,不计,missing
2026-08-30,哈韦尔斯 vs 曼海姆,赛果未匹配待人工核验,不计,missing
2026-08-30,波兰卡 vs 赫拉尼斯,赛果未匹配待人工核验,不计,missing
2026-08-30,哥德堡 vs 奥尔格里特,赛果未匹配待人工核验,不计,missing
2026-08-30,圣加仑 vs 图恩,赛果未匹配待人工核验,不计,missing
2026-08-30,瓦杜兹 vs 草蜢,赛果未匹配待人工核验,不计,missing
2026-08-30,葡萄牙国民 vs 阿马多拉,赛果未匹配待人工核验,不计,missing
2026-08-30,芬洛 vs 埃门,赛果未匹配待人工核验,不计,missing
2026-08-30,特尔斯达 vs 阿贾克斯,赛果未匹配待人工核验,不计,missing
2026-08-30,索契 vs 切里宾斯克,赛果未匹配待人工核验,不计,missing
2026-08-30,阿迪拿奥 vs 阿斯塔纳,赛果未匹配待人工核验,不计,missing
2026-08-30,兰黑姆 vs 奥德,赛果未匹配待人工核验,不计,missing
2026-08-30,埃格尔森德 vs 阿萨纳,赛果未匹配待人工核验,不计,missing
2026-08-30,布莱尼 vs 海于格松,赛果未匹配待人工核验,不计,missing
2026-08-30,康斯文格 vs 利恩,赛果未匹配待人工核验,不计,missing
2026-08-30,松达尔 vs 斯托姆加斯特,赛果未匹配待人工核验,不计,missing
2026-08-30,禾特 vs 斯塔贝克,赛果未匹配待人工核验,不计,missing
2026-08-30,莫斯 vs 斯托曼,赛果未匹配待人工核验,不计,missing
2026-08-30,诺霍斯 vs 桑德尼斯,赛果未匹配待人工核验,不计,missing
2026-08-30,斯达 vs KFUM奥斯陆,赛果未匹配待人工核验,不计,missing
2026-08-30,桑德菲杰 vs 布兰,赛果未匹配待人工核验,不计,missing
2026-08-30,汉坎 vs 克里斯蒂安松,赛果未匹配待人工核验,不计,missing
2026-08-30,特罗姆瑟 vs 萨普斯堡,赛果未匹配待人工核验,不计,missing
2026-08-30,瓦勒伦加 vs 莫尔德,赛果未匹配待人工核验,不计,missing
2026-08-30,维京 vs 奥勒松,赛果未匹配待人工核验,不计,missing
2026-08-30,卡列度 vs 济斯科夫,赛果未匹配待人工核验,不计,missing
2026-08-30,比尔森胜利 vs 斯洛瓦科,赛果未匹配待人工核验,不计,missing
2026-08-30,特普利斯 vs 亚布洛内茨,赛果未匹配待人工核验,不计,missing
2026-08-30,桑德维根斯 vs 奥斯达,赛果未匹配待人工核验,不计,missing
2026-08-30,安道尔FC vs 埃瓦尔,赛果未匹配待人工核验,不计,missing
2026-08-30,巴拉卡度 vs 莱昂文体,赛果未匹配待人工核验,不计,missing
2026-08-30,皇家马德里 vs 马拉加,赛果未匹配待人工核验,不计,missing
2026-08-30,雷恩 vs 勒芒,赛果未匹配待人工核验,不计,missing
2026-08-30,奥格斯堡 vs 沙尔克04,赛果未匹配待人工核验,不计,missing
2026-08-30,曼彻斯特联 vs 伊普斯维奇,赛果未匹配待人工核验,不计,missing
2026-08-30,北西兰 vs 布隆德比,赛果未匹配待人工核验,不计,missing
2026-08-30,厄洛克士邦 vs 厄德尔,赛果未匹配待人工核验,不计,missing
2026-08-30,埃于普体育 vs 阿拉尼亚体育,赛果未匹配待人工核验,不计,missing
2026-08-30,多洛米蒂贝卢诺 vs 阿尔希欧蕾,赛果未匹配待人工核验,不计,missing
2026-08-30,阿济纳诺基安波 vs 韦尔切利,赛果未匹配待人工核验,不计,missing
2026-08-30,卢西塔诺艾芙拉 vs 比伦塞斯,赛果未匹配待人工核验,不计,missing
2026-08-30,那不勒斯 vs 科莫,赛果未匹配待人工核验,不计,missing
2026-08-30,圣吉罗斯 vs 安德莱赫特,赛果未匹配待人工核验,不计,missing
2026-08-30,皇家联邦 vs CD科瑞亚,赛果未匹配待人工核验,不计,missing
2026-08-30,阿布扎比统一 vs 般尼亚斯,赛果未匹配待人工核验,不计,missing
2026-08-30,下诺夫哥罗德 vs 乌里扬诺夫斯克伏尔加,赛果未匹配待人工核验,不计,missing
2026-08-30,喀山红宝石 vs 马哈奇卡拉,赛果未匹配待人工核验,不计,missing
2026-08-30,哈夫纳夫约杜尔 vs 凯夫拉维克,赛果未匹配待人工核验,不计,missing
2026-08-30,弗拉姆 vs 阿古雷利,赛果未匹配待人工核验,不计,missing
2026-08-30,曼托瓦 vs 恩波利,赛果未匹配待人工核验,不计,missing
2026-08-30,阿雷佐 vs 巴勒莫,赛果未匹配待人工核验,不计,missing
2026-08-30,波尔图B队 vs 佩纳菲尔,赛果未匹配待人工核验,不计,missing
2026-08-30,葡萄牙体育B队 vs 法伦斯,赛果未匹配待人工核验,不计,missing
2026-08-30,费尔格拉斯 vs 查维斯,赛果未匹配待人工核验,不计,missing
2026-08-30,卡萨比亚 vs 摩里伦斯,赛果未匹配待人工核验,不计,missing
2026-08-30,加的斯 vs 巴拉多利德,赛果未匹配待人工核验,不计,missing
2026-08-30,马洛卡 vs 休达,赛果未匹配待人工核验,不计,missing
2026-08-30,利勒斯特罗姆 vs 腓特烈斯塔,赛果未匹配待人工核验,不计,missing
2026-08-30,瑟兰联 vs 利尔斯,赛果未匹配待人工核验,不计,missing
2026-08-30,韦斯特洛 vs 瓦勒海姆,赛果未匹配待人工核验,不计,missing
2026-08-30,CE欧罗巴 vs 哈恩,赛果未匹配待人工核验,不计,missing
2026-08-30,CF安提哥拉 vs 伊维萨,赛果未匹配待人工核验,不计,missing
2026-08-30,亚古拉斯 vs 艾科坎,赛果未匹配待人工核验,不计,missing
2026-08-30,尤尼恩斯塔斯 vs 卢高,赛果未匹配待人工核验,不计,missing
2026-08-30,科隆胜利 vs 普鲁士明斯特,赛果未匹配待人工核验,不计,missing
2026-08-30,拉科鲁尼亚 vs 巴伦西亚,赛果未匹配待人工核验,不计,missing
2026-08-30,奥斯杰克 vs 比路朴,赛果未匹配待人工核验,不计,missing
2026-08-30,奥卡斯 vs 利伯塔德洛哈,赛果未匹配待人工核验,不计,missing
2026-08-30,布拉格斯巴达 vs 布拉格斯拉维亚,赛果未匹配待人工核验,不计,missing
2026-08-30,卡达西亚 vs 费萨里哈曼,赛果未匹配待人工核验,不计,missing
2026-08-30,坎布尔 vs 特温特,赛果未匹配待人工核验,不计,missing
2026-08-30,米特雷圣地亚哥竞技 vs 北索尔塔中央,赛果未匹配待人工核验,不计,missing
2026-08-30,阿尔米兰提布朗 vs 玛德恩,赛果未匹配待人工核验,不计,missing
2026-08-30,班菲尔德 vs 河床,赛果未匹配待人工核验,不计,missing
2026-08-30,文尼沙BB vs 波德鲁姆士邦,赛果未匹配待人工核验,不计,missing
2026-08-30,伊斯坦布尔巴萨克塞尔 vs 卡斯帕萨,赛果未匹配待人工核验,不计,missing
2026-08-30,萨姆松体育 vs 费内巴切,赛果未匹配待人工核验,不计,missing
2026-08-30,全男孩竞技 vs 查克佛伊维,赛果未匹配待人工核验,不计,missing
2026-08-30,卡塞罗斯学生队 vs 费罗卡利,赛果未匹配待人工核验,不计,missing
2026-08-30,帕特罗纳图 vs 阿马格罗,赛果未匹配待人工核验,不计,missing
2026-08-30,玛伦 vs 圣米格尔,赛果未匹配待人工核验,不计,missing
2026-08-30,阿特兰大竞技 vs 圣胡安圣马丁,赛果未匹配待人工核验,不计,missing
2026-08-30,卡利亚里 vs 国际米兰,赛果未匹配待人工核验,不计,missing
2026-08-30,拉齐奥 vs 热那亚,赛果未匹配待人工核验,不计,missing
2026-08-30,摩纳哥 vs 马赛,赛果未匹配待人工核验,不计,missing
2026-08-30,阿古拉斯多拉达斯 vs 茨高,赛果未匹配待人工核验,不计,missing
2026-08-30,波特诺山丘 vs 亚松森自由,赛果未匹配待人工核验,不计,missing
2026-08-30,奥瓦 vs 戈亚尼亚竞技,赛果未匹配待人工核验,不计,missing
2026-08-30,米内罗美洲 vs 庞特普雷塔,赛果未匹配待人工核验,不计,missing
2026-08-30,弗拉门戈 vs 博塔弗戈,赛果未匹配待人工核验,不计,missing
2026-08-30,科林蒂安 vs 桑托斯,赛果未匹配待人工核验,不计,missing
2026-08-30,古比奥 vs 雷吉亚纳,赛果未匹配待人工核验,不计,missing
2026-08-30,帕格特斯 vs 布雷西亚,赛果未匹配待人工核验,不计,missing
2026-08-30,隆美辛尼 vs 吉安纳,赛果未匹配待人工核验,不计,missing
2026-08-30,比萨 vs 卡坦萨罗,赛果未匹配待人工核验,不计,missing
2026-08-30,贝内文托 vs 南蒂罗尔,赛果未匹配待人工核验,不计,missing
2026-08-30,康塞普西翁大学 vs 智利大学,赛果未匹配待人工核验,不计,missing
2026-08-30,瓦路尔 vs IA阿克拉内斯,赛果未匹配待人工核验,不计,missing
2026-08-30,法马利康 vs 吉维森特,赛果未匹配待人工核验,不计,missing
2026-08-30,科尔多瓦 vs 格拉纳达,赛果未匹配待人工核验,不计,missing
2026-08-30,塔拉戈纳 vs 萨拉戈萨,赛果未匹配待人工核验,不计,missing
2026-08-30,塞尔塔 vs 毕尔巴鄂竞技,赛果未匹配待人工核验,不计,missing
2026-08-30,科多巴竞赛会 vs 科隆竞技,赛果未匹配待人工核验,不计,missing
2026-08-30,奥伦斯CS vs 马卡拉,赛果未匹配待人工核验,不计,missing
2026-08-30,哥伦布机员 vs 新英格兰革命,赛果未匹配待人工核验,不计,missing
2026-08-30,雷加塔斯巴西 vs 克里丘马,赛果未匹配待人工核验,不计,missing
2026-08-30,戈多伊克鲁斯 vs 圣德尔模,赛果未匹配待人工核验,不计,missing
2026-08-30,麦德林独立 vs 拉尼洛斯,赛果未匹配待人工核验,不计,missing
2026-08-30,玻利瓦尔 vs 最强者,赛果未匹配待人工核验,不计,missing
2026-08-30,亚松森瓜拉尼 vs 艾美利亚诺体育,赛果未匹配待人工核验,不计,missing
2026-08-30,维拉诺瓦 vs 塞阿拉,赛果未匹配待人工核验,不计,missing
2026-08-30,格雷米奥 vs 沙佩科恩斯,赛果未匹配待人工核验,不计,missing
2026-08-30,米拉索 vs 帕尔梅拉斯,赛果未匹配待人工核验,不计,missing
2026-08-30,库里科 vs 雷科莱塔体育,赛果未匹配待人工核验,不计,missing
2026-08-30,科洛科洛 vs 奥达斯,赛果未匹配待人工核验,不计,missing
2026-08-30,图库曼圣马丁 vs 圭梅斯竞技,赛果未匹配待人工核验,不计,missing
2026-08-30,基尔梅斯 vs CA坦波利,赛果未匹配待人工核验,不计,missing
2026-08-30,阿根廷独立 vs 甘拿斯亚门多萨,赛果未匹配待人工核验,不计,missing
2026-08-30,巴伊亚 vs 巴西国际,赛果未匹配待人工核验,不计,missing
2026-08-30,埃梅莱克 vs 北莱昂内斯,赛果未匹配待人工核验,不计,missing
2026-08-30,圣路易斯城 vs 达拉斯FC,赛果未匹配待人工核验,不计,missing
2026-08-30,百万富翁 vs 波哥大国际,赛果未匹配待人工核验,不计,missing
2026-08-30,布鲁明 vs 奥利恩特,赛果未匹配待人工核验,不计,missing
2026-08-31,洛斯安第斯 vs 阿卡苏索,赛果未匹配待人工核验,不计,missing
2026-08-31,BsAs交流会 vs 梅洛,赛果未匹配待人工核验,不计,missing
2026-08-31,拉普拉塔大学生 vs 纽维尔老男孩,赛果未匹配待人工核验,不计,missing
2026-08-31,防卫者 vs 普拉腾斯,赛果未匹配待人工核验,不计,missing
2026-08-31,拉卡莱拉联 vs 塞雷那,赛果未匹配待人工核验,不计,missing
2026-08-31,福塔雷萨 vs 欧帕尔利奥,赛果未匹配待人工核验,不计,missing
2026-08-31,帕斯托 vs 佩雷拉,赛果未匹配待人工核验,不计,missing
2026-08-31,瑞模贝雷 vs 科里蒂巴,赛果未匹配待人工核验,不计,missing
2026-09-01,哥查瓜 vs 萨拉曼卡,赛果未匹配待人工核验,不计,missing
2026-09-01,隆迪那 vs 尤文图德,赛果未匹配待人工核验,不计,missing
2026-09-01,国防部队 vs 三多俱乐部,赛果未匹配待人工核验,不计,missing
2026-09-01,宾托大学生 vs 欧若拉,赛果未匹配待人工核验,不计,missing
2026-09-01,图尔克 vs 丹奴比奥,赛果未匹配待人工核验,不计,missing
2026-09-05,RKAV华伦丹 vs HSV胡克,赛果未匹配待人工核验,不计,missing
2026-09-05,哈登堡 vs 特莱弗斯,赛果未匹配待人工核验,不计,missing
2026-09-05,格尔德恩 vs 快速男孩,赛果未匹配待人工核验,不计,missing
2026-09-05,里积斯堡男孩 vs AFC阿姆斯特丹,赛果未匹配待人工核验,不计,missing
2026-09-05,FK莫斯特 vs FK霍尼红冰,赛果未匹配待人工核验,不计,missing
2026-09-05,普里布拉姆B队 vs 布咸美恩斯1905B队,赛果未匹配待人工核验,不计,missing
2026-09-05,克卢廷厄 vs 伊素美禾祖斯,赛果未匹配待人工核验,不计,missing
2026-09-05,斯巴肯堡 vs 巴伦查捷特,赛果未匹配待人工核验,不计,missing
2026-09-05,罗达 vs 高沙根男生,赛果未匹配待人工核验,不计,missing
2026-09-05,玛尔克夫 vs 希根足球俱乐部,赛果未匹配待人工核验,不计,missing
2026-09-05,艾格诺尔马卡巴 vs 艾希拉,赛果未匹配待人工核验,不计,missing
2026-09-05,红箭队 vs 伊纳特鲁日,赛果未匹配待人工核验,不计,missing
2026-09-05,乌克瓦 vs 希巴利亚,赛果未匹配待人工核验,不计,missing
2026-09-05,伊卜里 vs 斯莫尔,赛果未匹配待人工核验,不计,missing
2026-09-05,萨汉姆 vs 巴赫拉,赛果未匹配待人工核验,不计,missing
2026-09-05,KFG加达巴尔 vs 奥拉夫斯维克维京,赛果未匹配待人工核验,不计,missing
2026-09-05,富佐尼 vs 图罗杜尔沃尔古,赛果未匹配待人工核验,不计,missing
2026-09-05,白色骑士 vs 科玛库尔,赛果未匹配待人工核验,不计,missing
2026-09-05,豪卡尔 vs 塞尔福斯,赛果未匹配待人工核验,不计,missing
2026-09-05,弗里德克 vs 乌尼邱夫,赛果未匹配待人工核验,不计,missing
2026-09-05,维特科维斯 vs 斯洛瓦科B队,赛果未匹配待人工核验,不计,missing
2026-09-05,荷路比纳 vs 乌赫尔斯基,赛果未匹配待人工核验,不计,missing
2026-09-05,伯利 vs 威森肖FC,赛果未匹配待人工核验,不计,missing
2026-09-05,佳福斯镇AFC vs 曼彻斯特FC,赛果未匹配待人工核验,不计,missing
2026-09-05,克利索普斯城 vs 纽卡斯尔城FC,赛果未匹配待人工核验,不计,missing
2026-09-05,剑桥城 vs 莫尔登蒂普特里,赛果未匹配待人工核验,不计,missing
2026-09-05,哈姆雷特 vs 东格林斯特德镇,赛果未匹配待人工核验,不计,missing
2026-09-05,沃灵顿瑞兰 vs 海德联,赛果未匹配待人工核验,不计,missing
2026-09-05,法弗舍姆镇 vs 威灵,赛果未匹配待人工核验,不计,missing
2026-09-05,班巴布利治 vs 特拉福德,赛果未匹配待人工核验,不计,missing
2026-09-05,艾尔佛莱顿 vs 斯特拉特福镇,赛果未匹配待人工核验,不计,missing
2026-09-05,阿芙罗 vs 威顿,赛果未匹配待人工核验,不计,missing
2026-09-05,安多哈拉诺福齐 vs 利贾巴托,赛果未匹配待人工核验,不计,missing
2026-09-05,雏鹰FC vs 锡达马,赛果未匹配待人工核验,不计,missing
2026-09-05,伊塔尔 vs 索菲亚中央陆军B队,赛果未匹配待人工核验,不计,missing
2026-09-05,多布鲁察 vs 贝尔罗,赛果未匹配待人工核验,不计,missing
2026-09-05,延特拉 vs 马历克,赛果未匹配待人工核验,不计,missing
2026-09-05,弗拉特里亚 vs 布尔加斯1919,弗拉特里亚2-2布尔加斯1919,不计,Titan007快照
2026-09-05,杜国坡吉 vs 扎达拉洛维,赛果未匹配待人工核验,不计,missing
2026-09-05,雷迪塞瓦特 vs 瑟格斯塔,赛果未匹配待人工核验,不计,missing
2026-09-05,格拉茨AK女足 vs LASK林兹女足,赛果未匹配待人工核验,不计,missing
2026-09-05,卡拉路夫 vs 多马日利采,赛果未匹配待人工核验,不计,missing
2026-09-05,摩押俱乐部 vs 艾沙赫,赛果未匹配待人工核验,不计,missing
2026-09-05,射击之星 vs 斯法克斯,赛果未匹配待人工核验,不计,missing
2026-09-05,城市俱乐部 vs 阿联酋伊蒂法格,赛果未匹配待人工核验,不计,missing
2026-09-05,迪拜365 FC vs 哈利亚,赛果未匹配待人工核验,不计,missing
2026-09-05,AS罗马女足 vs 佛罗伦萨女足,赛果未匹配待人工核验,不计,missing
2026-09-05,森索罗女足 vs 特拉纳女足,赛果未匹配待人工核验,不计,missing
2026-09-05,扎克赫 vs 塔拉巴,赛果未匹配待人工核验,不计,missing
2026-09-05,弗查达比德莱克尼尔 vs 达尔维克,赛果未匹配待人工核验,不计,missing
2026-09-05,马格尼 vs 卡里,赛果未匹配待人工核验,不计,missing
2026-09-05,赫拉尼斯 vs 维霍维纳,赛果未匹配待人工核验,不计,missing
2026-09-05,多科苏德体育会 vs BsAs交流会,多科苏德体育会0-1BsAs交流会,不计,Titan007快照
2026-09-05,圣佩德罗FC vs 流浪联,赛果未匹配待人工核验,不计,missing
2026-09-05,毒蛇 vs 努瓦迪布,赛果未匹配待人工核验,不计,missing
2026-09-05,大学俱乐部 vs 卡布斯科普,赛果未匹配待人工核验,不计,missing
2026-09-05,马加拉内斯 vs 圣菲利浦联,赛果未匹配待人工核验,不计,missing
2026-09-05,乌德勒支 vs 前进之鹰,赛果未匹配待人工核验,不计,missing
2026-09-05,贝亚维斯塔 vs 拉科蒂沃,赛果未匹配待人工核验,不计,missing
2026-09-05,哈博罗内 vs 非洲年轻人,赛果未匹配待人工核验,不计,missing
2026-09-05,阿尔马里克 vs 动力迪纳摩,赛果未匹配待人工核验,不计,missing
2026-09-05,圣吉罗斯联B队 vs 哈巴拉纽威,赛果未匹配待人工核验,不计,missing
2026-09-05,迪塞尔 vs 霍格斯特拉腾,赛果未匹配待人工核验,不计,missing
2026-09-05,切里托 vs FC派桑杜,赛果未匹配待人工核验,不计,missing
2026-09-05,阿尔米纳 vs 纳弗特,赛果未匹配待人工核验,不计,missing
2026-09-05,积安维尔 vs 布鲁门奥EC,赛果未匹配待人工核验,不计,missing
2026-09-05,费古埃伦斯 vs 巴拉FC,赛果未匹配待人工核验,不计,missing
2026-09-05,EC圣贝拿度 vs 商业足球会,赛果未匹配待人工核验,不计,missing
2026-09-05,曼德尔联合 vs 利尔斯贝尔拉尔,赛果未匹配待人工核验,不计,missing
2026-09-05,海斯特 vs 哈里本克,赛果未匹配待人工核验,不计,missing
2026-09-05,特汉斯 vs 皇家克诺克,赛果未匹配待人工核验,不计,missing
2026-09-05,蒂比兹 vs 罗什福尔,赛果未匹配待人工核验,不计,missing
2026-09-05,蒙斯 vs ROC沙勒罗瓦,赛果未匹配待人工核验,不计,missing
2026-09-05,戈塔维京人 vs 克拉克斯维克,赛果未匹配待人工核验,不计,missing
2026-09-05,圣马丁布萨科 vs 阿梅尼奥,赛果未匹配待人工核验,不计,missing
2026-09-05,意大利亚诺 vs 弗朗德里亚,赛果未匹配待人工核验,不计,missing
2026-09-05,皇家皮拉尔 vs 埃斯卡拉达,赛果未匹配待人工核验,不计,missing
2026-09-05,维拉多尔米尼 vs 萨兰迪兵工厂,赛果未匹配待人工核验,不计,missing
2026-09-05,非洲人 vs 佐里巴,赛果未匹配待人工核验,不计,missing
2026-09-05,巴拉纳 vs 卡斯卡韦尔,赛果未匹配待人工核验,不计,missing
2026-09-05,圣塔克鲁兹 vs 西班牙联合,赛果未匹配待人工核验,不计,missing
2026-09-05,库佩拉蒂瓦 vs 拉巴斯独立竞技,赛果未匹配待人工核验,不计,missing
2026-09-05,苏克雷竞技 vs 拉科鲁尼亚法蒂克,赛果未匹配待人工核验,不计,missing
2026-09-05,圣地亚哥城 vs 康康民族,赛果未匹配待人工核验,不计,missing
2026-09-05,塔里贾联合会 vs 圣克鲁斯纽瓦,赛果未匹配待人工核验,不计,missing
2026-09-05,皮马维拉 vs 圣卡埃塔诺,赛果未匹配待人工核验,不计,missing
2026-09-05,利纳雷斯 vs 哥查瓜,赛果未匹配待人工核验,不计,missing
2026-09-05,坎尔托塔 vs 科布雷洛,赛果未匹配待人工核验,不计,missing
2026-09-05,梅洛 vs 联合防卫队,赛果未匹配待人工核验,不计,missing
2026-09-05,迈阿密FC vs 匹兹堡猎犬河队,迈阿密FC2-2匹兹堡猎犬河队,不计,Titan007快照
2026-09-05,查塔努加红狼 vs 格林维勒凯旋,赛果未匹配待人工核验,不计,missing
2026-09-05,坦帕湾 vs 布鲁克林,赛果未匹配待人工核验,不计,missing
2026-09-05,罗德岛 vs 路易斯维尔FC,赛果未匹配待人工核验,不计,missing
2026-09-05,萨拉索塔天堂 vs 斯波坎速度,赛果未匹配待人工核验,不计,missing
2026-09-05,韦恩堡FC vs 纽约宇宙队,赛果未匹配待人工核验,不计,missing
2026-09-05,哥伦布机员 vs 科罗拉多急流,赛果未匹配待人工核验,不计,missing
2026-09-05,夏洛特FC vs 休斯敦迪纳摩,赛果未匹配待人工核验,不计,missing
2026-09-05,多伦多FC vs 芝加哥火焰,赛果未匹配待人工核验,不计,missing
2026-09-05,奥兰多城 vs 圣地亚哥,赛果未匹配待人工核验,不计,missing
2026-09-05,费城联合 vs CF蒙特利尔,赛果未匹配待人工核验,不计,missing
2026-09-05,辛辛那提 vs 华盛顿联,赛果未匹配待人工核验,不计,missing
2026-09-06,南墨尔本 vs 黑德堡,南墨尔本2-1黑德堡,不计,Titan007快照
2026-09-06,杨平 vs 始兴市民,杨平1-3始兴市民,不计,Titan007快照
2026-09-06,亚布洛内茨B队 vs 利巴域B队,亚布洛内茨B队2-0利巴域B队,不计,Titan007快照
2026-09-06,卡尔维纳B队 vs 赫杜尼,卡尔维纳B队1-0赫杜尼,不计,Titan007快照
2026-09-06,奥林莫斯B队 vs 利森B队,奥林莫斯B队0-2利森B队,不计,Titan007快照
2026-09-06,布尔诺B队 vs 波兰卡,布尔诺B队3-1波兰卡,不计,Titan007快照
2026-09-06,艾德米拉布拉格 vs 皮耳森B队,艾德米拉布拉格0-1皮耳森B队,不计,Titan007快照
2026-09-06,贺拉戴克B队 vs 内拉托维斯,贺拉戴克B队0-0内拉托维斯,不计,Titan007快照
2026-09-06,济斯科夫 vs 普日布拉姆,济斯科夫1-1普日布拉姆,不计,Titan007快照
2026-09-06,辛宁B队 vs 布兰斯科,辛宁B队4-1布兰斯科,不计,Titan007快照
2026-09-06,未来联合 vs 班加比,未来联合1-0班加比,不计,Titan007快照
2026-09-06,班肯梅 vs 华欣城,班肯梅2-2华欣城,不计,Titan007快照
2026-09-06,塔比历斯B队 vs 帕尔杜比斯B队,塔比历斯B队1-1帕尔杜比斯B队,不计,Titan007快照
2026-09-06,熊本深红 vs 奈良俱乐部,熊本深红2-2奈良俱乐部,不计,Titan007快照
2026-09-06,横滨FC vs 新泻天鹅,横滨FC5-0新泻天鹅,不计,Titan007快照
2026-09-06,秋田蓝色闪电 vs RB大宫松鼠,秋田蓝色闪电0-0RB大宫松鼠,不计,Titan007快照
2026-09-06,冈山绿雉 vs 广岛三箭,冈山绿雉3-2广岛三箭,不计,Titan007快照
2026-09-06,千叶市原 vs 大阪钢巴,千叶市原2-0大阪钢巴,不计,Titan007快照
2026-09-06,名古屋鲸八 vs 町田泽维亚,名古屋鲸八1-3町田泽维亚,不计,Titan007快照
2026-09-06,鹿岛鹿角 vs 浦和红钻,鹿岛鹿角0-1浦和红钻,不计,Titan007快照
2026-09-06,抱川FC vs 骊州世宗,抱川FC1-0骊州世宗,不计,Titan007快照
2026-09-06,哈恩 vs 韦斯卡,哈恩2-2韦斯卡,不计,Titan007快照
2026-09-06,基辅迪纳摩 vs LNZ切尔卡斯,基辅迪纳摩0-0LNZ切尔卡斯,不计,Titan007快照
2026-09-06,大分三神 vs 今治,大分三神1-1今治,不计,Titan007快照
2026-09-06,磐田喜悦 vs 富山胜利,磐田喜悦0-1富山胜利,不计,Titan007快照
2026-09-06,大阪樱花 vs 东京绿茵,大阪樱花0-0东京绿茵,不计,Titan007快照
2026-09-06,川崎前锋 vs 清水鼓动,川崎前锋3-1清水鼓动,不计,Titan007快照
2026-09-06,柏太阳神 vs 横滨水手,柏太阳神0-2横滨水手,不计,Titan007快照
2026-09-06,神户胜利船 vs 长崎成功丸,神户胜利船3-1长崎成功丸,不计,Titan007快照
2026-09-06,利卡 vs 化夫,利卡0-3化夫,不计,Titan007快照
2026-09-06,维泽拉 vs 费尔格拉斯,维泽拉1-0费尔格拉斯,不计,Titan007快照
2026-09-06,拉科鲁尼亚B队 vs 卡些连奴,拉科鲁尼亚B队1-1卡些连奴,不计,Titan007快照
2026-09-06,水原三星 vs 忠南牙山,水原三星2-0忠南牙山,不计,Titan007快照
2026-09-06,金浦市民 vs 城南FC,金浦市民1-2城南FC,不计,Titan007快照
2026-09-06,木浦市 vs 春川市民,木浦市0-1春川市民,不计,Titan007快照
2026-09-06,江陵 vs 釜山运输,江陵1-1釜山运输,不计,Titan007快照
2026-09-06,FC安养 vs 江原FC,FC安养0-3江原FC,不计,Titan007快照
2026-09-06,金泉尚武 vs 光州FC,金泉尚武2-2光州FC,不计,Titan007快照
2026-09-06,格罗宁根 vs 特温特,格罗宁根2-2特温特,不计,Titan007快照
2026-09-06,FC科莫女足 vs 科莫女足,FC科莫女足2-1科莫女足,不计,Titan007快照
2026-09-06,尤文图斯女足 vs AC米兰女足,尤文图斯女足1-0AC米兰女足,不计,Titan007快照
2026-09-06,FC东京 vs 京都不死鸟,FC东京2-0京都不死鸟,不计,Titan007快照
2026-09-06,苏州东吴 vs 南京城市,苏州东吴2-0南京城市,不计,Titan007快照
2026-09-06,重庆铜梁龙 vs 上海申花,重庆铜梁龙1-3上海申花,不计,Titan007快照
2026-09-06,齐斯泰兹 vs 尼克宾,齐斯泰兹0-3尼克宾,不计,Titan007快照
2026-09-06,奥胡斯费马 vs 科灵,奥胡斯费马2-1科灵,不计,Titan007快照
2026-09-06,奥伦堡加索维克 vs 阿克伦陶里亚蒂,奥伦堡加索维克2-2阿克伦陶里亚蒂,不计,Titan007快照
2026-09-06,扑斯 vs 特莱弗,扑斯2-3特莱弗,不计,Titan007快照
2026-09-06,格鲁德 vs 拉纳,格鲁德4-2拉纳,不计,Titan007快照
2026-09-06,博雷斯拉夫 vs 俄斯特拉发,博雷斯拉夫4-0俄斯特拉发,不计,Titan007快照
2026-09-06,孔敬FC vs 尤度联,孔敬FC2-1尤度联,不计,Titan007快照
2026-09-06,清迈联 vs 查特拉卡恩,清迈联3-1查特拉卡恩,不计,Titan007快照
2026-09-06,罗伊联 vs 昆肯莫丁丹,罗伊联3-1昆肯莫丁丹,不计,Titan007快照
2026-09-06,伯明翰 vs 狼队,伯明翰2-2狼队,不计,Titan007快照
2026-09-06,广西恒宸 vs 石家庄功夫,广西恒宸0-1石家庄功夫,不计,Titan007快照
2026-09-06,奥斯纳布鲁克 vs 布伦瑞克,奥斯纳布鲁克3-1布伦瑞克,不计,Titan007快照
2026-09-06,柏林赫塔 vs 马格德堡,柏林赫塔2-1马格德堡,不计,Titan007快照
2026-09-06,菲尔特 vs 海登海姆,菲尔特0-1海登海姆,不计,Titan007快照
2026-09-06,色格拉布鲁日 vs 根特,色格拉布鲁日0-3根特,不计,Titan007快照
2026-09-06,拉库尔浪潮 vs 奥兰多海盗,赛果未匹配待人工核验,不计,missing
2026-09-06,云南玉昆 vs 辽宁铁人,云南玉昆5-0辽宁铁人,不计,Titan007快照
2026-09-06,河南队 vs 成都蓉城,河南队0-0成都蓉城,不计,Titan007快照
2026-09-06,天津津门虎 vs 浙江俱乐部绿城,天津津门虎2-1浙江俱乐部绿城,不计,Titan007快照
2026-09-06,桑德捷斯基 vs 霍森斯,桑德捷斯基2-5霍森斯,不计,Titan007快照
2026-09-06,乌拉尔 vs 卡马斯,乌拉尔2-0卡马斯,不计,Titan007快照
2026-09-06,阿勒泰瑟美 vs 卡萨尔,阿勒泰瑟美2-0卡萨尔,不计,Titan007快照
2026-09-06,SK布兰女足 vs 弗特纳女足,SK布兰女足3-1弗特纳女足,不计,Titan007快照
2026-09-06,诺托登 vs 里塞克罗斯特,诺托登3-0里塞克罗斯特,不计,Titan007快照
2026-09-06,奥尔格里特 vs 哈马比,奥尔格里特1-1哈马比,不计,Titan007快照
2026-09-06,伊韦尔东 vs 尼奈斯,伊韦尔东4-1尼奈斯,不计,Titan007快照
2026-09-06,塞尔维特 vs 圣加仑,塞尔维特0-2圣加仑,不计,Titan007快照
2026-09-06,HPS 女足 vs 赫尔辛基女足,HPS 女足1-1赫尔辛基女足,不计,Titan007快照
2026-09-06,伊米耶 vs 比夏奥克兰,伊米耶1-1比夏奥克兰,不计,Titan007快照
2026-09-06,埃瓦尔 vs 格拉纳达,埃瓦尔3-0格拉纳达,不计,Titan007快照
2026-09-06,高玛希亚 vs 金字塔,高玛希亚0-2金字塔,不计,Titan007快照
2026-09-06,维勒斯 vs 柔亚,维勒斯1-1柔亚,不计,Titan007快照
2026-09-06,奥斯泰华B队 vs 哈纳卡,奥斯泰华B队1-1哈纳卡,不计,Titan007快照
2026-09-06,海伦芬 vs 阿尔克马尔,海伦芬2-3阿尔克马尔,不计,Titan007快照
2026-09-06,特尔斯达 vs 坎布尔,特尔斯达2-2坎布尔,不计,Titan007快照
2026-09-06,金箭 vs 马梅洛迪日落,金箭1-2马梅洛迪日落,不计,Titan007快照
2026-09-06,阿斯塔纳 vs 叶利迈塞米,阿斯塔纳4-0叶利迈塞米,不计,Titan007快照
2026-09-06,泰里尼登斯 vs 亚松森奥林匹亚,泰里尼登斯1-2亚松森奥林匹亚,不计,Titan007快照
2026-09-06,佩鲁贾 vs 皮内托,佩鲁贾2-1皮内托,不计,Titan007快照
2026-09-06,吉安纳 vs 多洛米蒂贝卢诺,吉安纳1-2多洛米蒂贝卢诺,不计,Titan007快照
2026-09-06,格罗瑟托 vs 托里斯,格罗瑟托2-0托里斯,不计,Titan007快照
2026-09-06,萨勒尼塔纳 vs 卡维塞,萨勒尼塔纳1-1卡维塞,不计,Titan007快照
2026-09-06,萨比尼迪特斯 vs 斯佩齐亚,萨比尼迪特斯1-2斯佩齐亚,不计,Titan007快照
2026-09-06,阿尔比诺勒菲 vs 卡尔皮,阿尔比诺勒菲0-1卡尔皮,不计,Titan007快照
2026-09-06,切塞纳 vs 曼托瓦,切塞纳1-1曼托瓦,不计,Titan007快照
2026-09-06,史泰比亚 vs 比萨,史泰比亚0-3比萨,不计,Titan007快照
2026-09-06,恩特拉 vs 维琴察,恩特拉2-2维琴察,不计,Titan007快照
2026-09-06,摩德纳 vs 阿维利诺,摩德纳0-1阿维利诺,不计,Titan007快照
2026-09-06,帕尔马 vs 蒙扎,帕尔马1-1蒙扎,不计,Titan007快照
2026-09-06,弗洛西诺尼 vs 威尼斯,弗洛西诺尼3-2威尼斯,不计,Titan007快照
2026-09-06,国际米兰女足 vs 拉素女足,国际米兰女足3-1拉素女足,不计,Titan007快照
2026-09-06,拿玻里女足 vs 帕尔马女足,拿玻里女足1-0帕尔马女足,不计,Titan007快照
2026-09-06,UII奇萨 vs 利云格尔,UII奇萨0-5利云格尔,不计,Titan007快照
2026-09-06,亚布洛内茨 vs 利贝雷茨,亚布洛内茨1-2利贝雷茨,不计,Titan007快照
2026-09-06,兹林 vs 特普利斯,兹林1-3特普利斯,不计,Titan007快照
2026-09-06,安海耶 vs 莫伦贝克,安海耶0-1莫伦贝克,不计,Titan007快照
2026-09-06,斯博文 vs 侯特维尼恩,斯博文3-4侯特维尼恩,不计,Titan007快照
2026-09-06,旧海弗莱鲁汶B队 vs 蒂嫩,旧海弗莱鲁汶B队2-1蒂嫩,不计,Titan007快照
2026-09-06,标准列日B队 vs 梅克斯,标准列日B队0-1梅克斯,不计,Titan007快照
2026-09-06,梅勒尔贝克 vs 色格拉布鲁日B队,梅勒尔贝克3-1色格拉布鲁日B队,不计,Titan007快照
2026-09-06,沙勒罗瓦B队 vs 弗莱尼,沙勒罗瓦B队2-2弗莱尼,不计,Titan007快照
2026-09-06,泽勒特 vs 罗斯勒黛赛尔,泽勒特0-3罗斯勒黛赛尔,不计,Titan007快照
2026-09-06,特鲁瓦 vs 斯特拉斯堡,特鲁瓦2-6斯特拉斯堡,不计,Titan007快照
2026-09-06,埃弗顿 vs 曼彻斯特联,埃弗顿2-2曼彻斯特联,不计,Titan007快照
2026-09-06,法伦斯 vs 查维斯,赛果未匹配待人工核验,不计,missing
2026-09-06,向前流浪者 vs 辛巴体育,向前流浪者0-1辛巴体育,不计,Titan007快照
2026-09-06,松戈 vs 波特洛体育会,松戈0-1波特洛体育会,不计,Titan007快照
2026-09-06,摩加迪沙市 vs 基塔拉体育,赛果未匹配待人工核验,不计,missing
2026-09-06,马哈奇卡拉 vs 罗迪纳莫斯科,马哈奇卡拉2-0罗迪纳莫斯科,不计,Titan007快照
2026-09-06,汉堡 vs 美因茨,汉堡0-5美因茨,不计,Titan007快照
2026-09-06,特里格拉德 vs 侯尼霍斯,特里格拉德2-3侯尼霍斯,不计,Titan007快照
2026-09-06,塞尔纳谢 vs 比伦塞斯,塞尔纳谢1-3比伦塞斯,不计,Titan007快照
2026-09-06,锡卜 vs 苏尔,赛果未匹配待人工核验,不计,missing
2026-09-06,杜布拉瓦 vs 欧帕提亚,赛果未匹配待人工核验,不计,missing
2026-09-06,迪拜胜利 vs 阿治曼,迪拜胜利1-2阿治曼,不计,Titan007快照
2026-09-06,欧登塞 vs 哥本哈根,欧登塞0-5哥本哈根,不计,Titan007快照
2026-09-06,阿特纳斯 vs 蒙得维的亚河床,赛果未匹配待人工核验,不计,missing
2026-09-06,IA阿克拉内斯 vs KR雷克雅未克,IA阿克拉内斯3-1KR雷克雅未克,不计,Titan007快照
2026-09-06,加尔扎拜尔星 vs 韦斯特曼纳埃亚尔,加尔扎拜尔星2-2韦斯特曼纳埃亚尔,不计,Titan007快照
2026-09-06,托尔 vs 哈夫纳夫约杜尔,托尔1-0哈夫纳夫约杜尔,不计,Titan007快照
2026-09-06,维京古尔 vs 弗拉姆,维京古尔2-2弗拉姆,不计,Titan007快照
2026-09-06,阿古雷利 vs 贝雷达比历克,阿古雷利2-1贝雷达比历克,不计,Titan007快照
2026-09-06,杜堡尔 vs 乌利塔哲兹卡兹甘,杜堡尔3-1乌利塔哲兹卡兹甘,不计,Titan007快照
2026-09-06,慕拉斯堡 vs 贝拉迪亚士邦,慕拉斯堡2-2贝拉迪亚士邦,不计,Titan007快照
2026-09-06,卡斯帕萨 vs 阿美德,卡斯帕萨2-2阿美德,不计,Titan007快照
2026-09-06,科鲁姆 vs 埃于普体育,科鲁姆3-0埃于普体育,不计,Titan007快照
2026-09-06,基茨比厄尔 vs 格拉茨AK,基茨比厄尔0-2格拉茨AK,不计,Titan007快照
2026-09-06,隆迪那 vs 欧帕尔利奥,隆迪那1-2欧帕尔利奥,不计,Titan007快照
2026-09-06,科里蒂巴 vs 米拉索,科里蒂巴1-2米拉索,不计,Titan007快照
2026-09-06,路伦士高格 vs 祖克伦,路伦士高格1-1祖克伦,不计,Titan007快照
2026-09-06,利尔斯 vs RFC列日,利尔斯0-0RFC列日,不计,Titan007快照
2026-09-06,科特赖克 vs 瓦勒海姆,科特赖克0-2瓦勒海姆,不计,Titan007快照
2026-09-06,莱昂文体 vs 梅里达AD,莱昂文体1-0梅里达AD,不计,Titan007快照
2026-09-06,瓦德迈丹尼 vs 图斯科,赛果未匹配待人工核验,不计,missing
2026-09-06,皇家奥维耶多 vs 布尔戈斯,皇家奥维耶多0-0布尔戈斯,不计,Titan007快照
2026-09-06,巴伦西亚 vs 巴塞罗那,巴伦西亚0-5巴塞罗那,不计,Titan007快照
2026-09-06,格罗巴斯帕奇 vs 霍芬海姆业馀队,格罗巴斯帕奇1-0霍芬海姆业馀队,不计,Titan007快照
2026-09-06,布洛马波卡纳 vs 埃尔夫斯堡,布洛马波卡纳2-1埃尔夫斯堡,不计,Titan007快照
2026-09-06,巴塞尔 vs 卢加诺,巴塞尔1-3卢加诺,不计,Titan007快照
2026-09-06,锡永 vs 图恩,锡永3-2图恩,不计,Titan007快照
2026-09-06,雷克斯欧斯 vs 阿马兰迪,雷克斯欧斯3-1阿马兰迪,不计,Titan007快照
2026-09-06,圣克拉拉 vs 里奥阿维,圣克拉拉4-0里奥阿维,不计,Titan007快照
2026-09-06,马斯特里赫特 vs 罗达JC,马斯特里赫特1-1罗达JC,不计,Titan007快照
2026-09-06,海牙 vs 福图纳锡塔德,海牙2-3福图纳锡塔德,不计,Titan007快照
2026-09-06,杜纳伊夫齐 vs 切尔诺夫策,杜纳伊夫齐0-0切尔诺夫策,不计,Titan007快照
2026-09-06,古斯图西加 vs 萨格勒布迪那摩B队,赛果未匹配待人工核验,不计,missing
2026-09-06,奥利简特 vs 泽米阿弗希,赛果未匹配待人工核验,不计,missing
2026-09-06,比耶洛波布尔多 vs 乔登普罗克,赛果未匹配待人工核验,不计,missing
2026-09-06,鲁达士 vs 斯普利特海杜克,鲁达士0-4斯普利特海杜克,不计,Titan007快照
2026-09-06,前进斯太尔 vs 哈特堡格,前进斯太尔0-4哈特堡格,不计,Titan007快照
2026-09-06,圣珀尔滕 vs 萨尔茨堡,圣珀尔滕0-3萨尔茨堡,不计,Titan007快照
2026-09-06,帕多夫 vs 沃尔夫斯伯格,帕多夫1-1沃尔夫斯伯格,不计,Titan007快照
2026-09-06,奥达里加 vs 格洛比纳,奥达里加1-0格洛比纳,不计,Titan007快照
2026-09-06,利恩 vs 埃格尔森德,利恩1-1埃格尔森德,不计,Titan007快照
2026-09-06,莫尔德 vs KFUM奥斯陆,莫尔德2-0KFUM奥斯陆,不计,Titan007快照
2026-09-06,萨普斯堡 vs 瓦勒伦加,萨普斯堡2-2瓦勒伦加,不计,Titan007快照
2026-09-06,波夫塔维 vs 布拉格斯巴达B队,赛果未匹配待人工核验,不计,missing
2026-09-06,泽尼特卡斯拉夫 vs 本纳特凯,赛果未匹配待人工核验,不计,missing
2026-09-06,渥恩斯多夫 vs 韦尔科哈姆雷,赛果未匹配待人工核验,不计,missing
2026-09-06,索科尔布洛赞尼 vs 治鲁迪,赛果未匹配待人工核验,不计,missing
2026-09-06,萨拉曼卡 vs 奥索尔诺,赛果未匹配待人工核验,不计,missing
2026-09-06,德利城 vs 邓多克,德利城4-2邓多克,不计,Titan007快照
2026-09-06,葡萄牙体育会 vs 奥利维伦斯,葡萄牙体育会3-1奥利维伦斯,不计,Titan007快照
2026-09-06,埃努古流浪者 vs 索贝马,赛果未匹配待人工核验,不计,missing
2026-09-06,梅德亚马 vs 马泽姆比,赛果未匹配待人工核验,不计,missing
2026-09-06,科隆杜 vs 史塔德马里安,赛果未匹配待人工核验,不计,missing
2026-09-06,福特维尔图斯 vs 迪巴,赛果未匹配待人工核验,不计,missing
2026-09-06,维罗纳 vs 阿雷佐,维罗纳5-0阿雷佐,不计,Titan007快照
2026-09-06,昂热 vs 雷恩,昂热1-2雷恩,不计,Titan007快照
2026-09-06,莫斯科迪纳摩 vs 莫斯科斯巴达,莫斯科迪纳摩2-1莫斯科斯巴达,不计,Titan007快照
2026-09-06,恺撒酋长 vs 西维勒,恺撒酋长3-2西维勒,不计,Titan007快照
2026-09-06,法兰克福 vs 奥格斯堡,法兰克福1-4奥格斯堡,不计,Titan007快照
2026-09-06,比查格 vs 阿伦达尔,比查格4-0阿伦达尔,不计,Titan007快照
2026-09-06,安托法加斯塔 vs 雷科莱塔体育,赛果未匹配待人工核验,不计,missing
2026-09-06,塞雷那 vs 奴伯伦斯,塞雷那2-1奴伯伦斯,不计,Titan007快照
2026-09-06,阿森纳 vs 切尔西,阿森纳2-1切尔西,不计,Titan007快照
2026-09-06,ASC卡拉 vs ASEC米莫萨,赛果未匹配待人工核验,不计,missing
2026-09-06,萨尔米亚 vs Al沙希尔,赛果未匹配待人工核验,不计,missing
2026-09-06,布隆德比 vs 兰讷斯,布隆德比0-3兰讷斯,不计,Titan007快照
2026-09-06,佩斯卡拉 vs 拉维纳,佩斯卡拉0-0拉维纳,不计,Titan007快照
2026-09-06,阿尔塔穆拉 vs 萨沃亚,阿尔塔穆拉0-2萨沃亚,不计,Titan007快照
2026-09-06,雷吉亚纳 vs 瓦多,雷吉亚纳3-1瓦多,不计,Titan007快照
2026-09-06,博洛尼亚 vs 萨索洛,博洛尼亚2-2萨索洛,不计,Titan007快照
2026-09-06,赫拉德茨克拉洛韦 vs 布拉格斯巴达,赫拉德茨克拉洛韦2-1布拉格斯巴达,不计,Titan007快照
2026-09-06,乔奥维尔 vs 马尔寇,乔奥维尔0-0马尔寇,不计,Titan007快照
2026-09-06,路勒坦诺 vs 卢西塔诺艾芙拉,路勒坦诺1-0卢西塔诺艾芙拉,不计,Titan007快照
2026-09-06,卡米尼罗斯 vs 基尔梅斯阿根廷,卡米尼罗斯1-0基尔梅斯阿根廷,不计,Titan007快照
2026-09-06,迪赫弗 vs 阿尔纳斯,赛果未匹配待人工核验,不计,missing
2026-09-06,本菲卡女足 vs 波图女足,赛果未匹配待人工核验,不计,missing
2026-09-06,毕尔巴鄂竞技B队 vs 皇家阿维勒斯,毕尔巴鄂竞技B队2-1皇家阿维勒斯,不计,Titan007快照
2026-09-06,穆尔西亚 vs 特鲁埃尔,穆尔西亚4-0特鲁埃尔,不计,Titan007快照
2026-09-06,艾斯马度华 vs 费罗尔竞技,艾斯马度华1-0费罗尔竞技,不计,Titan007快照
2026-09-06,艾科坎 vs CE欧罗巴,艾科坎0-0CE欧罗巴,不计,Titan007快照
2026-09-06,赫库斯 vs 马德里竞技B队,赫库斯0-2马德里竞技B队,不计,Titan007快照
2026-09-06,迪哈夫拉 vs 阿布扎比统一,迪哈夫拉0-1阿布扎比统一,不计,Titan007快照
2026-09-06,安德莱赫特 vs 亨克,安德莱赫特0-0亨克,不计,Titan007快照
2026-09-06,卡斯迪隆 vs 阿尔巴塞特,卡斯迪隆2-0阿尔巴塞特,不计,Titan007快照
2026-09-06,阿拉维斯 vs 奥萨苏纳,阿拉维斯5-2奥萨苏纳,不计,Titan007快照
2026-09-06,马拉加 vs 莱万特,马拉加0-0莱万特,不计,Titan007快照
2026-09-06,塔古雷姆泊 vs 奥瑞多拉巴斯,赛果未匹配待人工核验,不计,missing
2026-09-06,卡洛华克 vs 贺瓦斯,赛果未匹配待人工核验,不计,missing
2026-09-06,FC阿塞里 vs 卡里阿利,赛果未匹配待人工核验,不计,missing
2026-09-06,萨尔基 vs AD罗萨里奥,赛果未匹配待人工核验,不计,missing
2026-09-06,安塔利亚体育 vs 锡瓦斯体育,安塔利亚体育1-2锡瓦斯体育,不计,Titan007快照
2026-09-06,贝特曼 vs 卡拉古拉克,贝特曼4-3卡拉古拉克,不计,Titan007快照
2026-09-06,特拉布宗体育 vs 根克勒比利吉,特拉布宗体育5-0根克勒比利吉,不计,Titan007快照
2026-09-06,科贾埃利体育 vs 萨姆松体育,科贾埃利体育1-0萨姆松体育,不计,Titan007快照
2026-09-06,莱里亚 vs 朴迪莫伦斯,莱里亚1-0朴迪莫伦斯,不计,Titan007快照
2026-09-06,吉马良斯 vs 卡萨比亚,吉马良斯0-0卡萨比亚,不计,Titan007快照
2026-09-06,泽德FC vs 吉布提电信,赛果未匹配待人工核验,不计,missing
2026-09-06,克里斯蒂安松 vs 特罗姆瑟,克里斯蒂安松2-0特罗姆瑟,不计,Titan007快照
2026-09-06,法兰波垒斯 vs 洛克伦,法兰波垒斯3-0洛克伦,不计,Titan007快照
2026-09-06,华斯兰德 vs 旧海弗莱鲁汶,华斯兰德3-0旧海弗莱鲁汶,不计,Titan007快照
2026-09-06,幸运科隆 vs 杜塞尔多夫,幸运科隆0-0杜塞尔多夫,不计,Titan007快照
2026-09-06,克雷莫纳 vs 帕多瓦,克雷莫纳3-1帕多瓦,不计,Titan007快照
2026-09-06,加里宁格勒巴蒂卡 vs 莫斯科火车头,加里宁格勒巴蒂卡0-1莫斯科火车头,不计,Titan007快照
2026-09-06,希金斯 vs 拉卡莱拉联,希金斯2-1拉卡莱拉联,不计,Titan007快照
2026-09-06,罗萨里奥中央 vs 纽维尔老男孩,罗萨里奥中央1-1纽维尔老男孩,不计,Titan007快照
2026-09-06,艾沙比KUW vs 卡斯马,艾沙比KUW2-3卡斯马,不计,Titan007快照
2026-09-06,比路朴 vs 萨格勒布火车头,比路朴2-1萨格勒布火车头,不计,Titan007快照
2026-09-06,纳考 vs 圣卡塔琳娜,赛果未匹配待人工核验,不计,missing
2026-09-06,维拉斯克斯 vs 里尔尤文图德桑河,维拉斯克斯1-1里尔尤文图德桑河,不计,Titan007快照
2026-09-06,卡洛斯卡萨雷斯农业 vs 拉费尔拿,卡洛斯卡萨雷斯农业2-0拉费尔拿,不计,Titan007快照
2026-09-06,圣米格尔 vs 戈多伊克鲁斯,圣米格尔1-2戈多伊克鲁斯,不计,Titan007快照
2026-09-06,乌尔基萨大学 vs 梅洛小阿根廷,乌尔基萨大学2-0梅洛小阿根廷,不计,Titan007快照
2026-09-06,利涅尔斯 vs 拉费雷尔,利涅尔斯2-2拉费雷尔,不计,Titan007快照
2026-09-06,维拉圣卡罗斯 vs 布朗安德奎,维拉圣卡罗斯0-0布朗安德奎,不计,Titan007快照
2026-09-06,萨莫拉 vs 洛格朗尼斯,萨莫拉1-2洛格朗尼斯,不计,Titan007快照
2026-09-06,圣胡安圣马丁 vs 米德兰,圣胡安圣马丁3-2米德兰,不计,Titan007快照
2026-09-06,阿马格罗 vs 祖祖尔甘拿斯亚,阿马格罗1-2祖祖尔甘拿斯亚,不计,Titan007快照
2026-09-06,尤文图斯 vs AC米兰,尤文图斯1-1AC米兰,不计,Titan007快照
2026-09-06,马赛 vs 巴黎FC,马赛2-3巴黎FC,不计,Titan007快照
2026-09-06,希卡拉尔 vs 克波斯坎布特,赛果未匹配待人工核验,不计,missing
2026-09-06,亚松森自由 vs 鲁毕奥,亚松森自由4-2鲁毕奥,不计,Titan007快照
2026-09-06,克鲁塞罗 vs 巴拉纳竞技,克鲁塞罗3-1巴拉纳竞技,不计,Titan007快照
2026-09-06,巴西国际 vs 桑托斯,巴西国际2-3桑托斯,不计,Titan007快照
2026-09-06,瑞模贝雷 vs 弗拉门戈,瑞模贝雷0-1弗拉门戈,不计,Titan007快照
2026-09-06,卡塞塔纳 vs 斯卡法塔森,卡塞塔纳2-2斯卡法塔森,不计,Titan007快照
2026-09-06,奇塔代拉 vs 隆美辛尼,奇塔代拉2-1隆美辛尼,不计,Titan007快照
2026-09-06,奥斯皮塔莱托 vs 阿济纳诺基安波,奥斯皮塔莱托3-1阿济纳诺基安波,不计,Titan007快照
2026-09-06,布雷西亚 vs 加尔维纳,布雷西亚1-0加尔维纳,不计,Titan007快照
2026-09-06,福贾 vs 切里尼奥拉,福贾0-2切里尼奥拉,不计,Titan007快照
2026-09-06,体育联合会 vs 圣地亚哥早晨,赛果未匹配待人工核验,不计,missing
2026-09-06,圣胡安北部 vs 塔里亚大学,赛果未匹配待人工核验,不计,missing
2026-09-06,石油独立 vs 玻利瓦尔,石油独立0-4玻利瓦尔,不计,Titan007快照
2026-09-06,阿尔梅里亚 vs 加的斯,阿尔梅里亚3-2加的斯,不计,Titan007快照
2026-09-06,西班牙人 vs 塞维利亚,西班牙人1-1塞维利亚,不计,Titan007快照
2026-09-06,CA坦波利 vs 科勒加勒斯,CA坦波利3-1科勒加勒斯,不计,Titan007快照
2026-09-06,查克佛伊维 vs 卡塞罗斯学生队,查克佛伊维1-0卡塞罗斯学生队,不计,Titan007快照
2026-09-06,玛德恩 vs 博利瓦尔,玛德恩3-1博利瓦尔,不计,Titan007快照
2026-09-06,迈普 vs 帕特罗纳图,迈普0-0帕特罗纳图,不计,Titan007快照
2026-09-06,马格里布菲斯 vs 雷伊姆,赛果未匹配待人工核验,不计,missing
2026-09-06,吉维森特 vs 维塞乌,吉维森特0-1维塞乌,不计,Titan007快照
2026-09-06,雷提斯塔 vs 芬斯,赛果未匹配待人工核验,不计,missing
2026-09-06,华奇巴托 vs 科洛科洛,华奇巴托0-0科洛科洛,不计,Titan007快照
2026-09-06,北索尔塔中央 vs 阿尔米兰提布朗,北索尔塔中央0-0阿尔米兰提布朗,不计,Titan007快照
2026-09-06,圭梅斯竞技 vs 甘拿斯亚迪罗,圭梅斯竞技1-3甘拿斯亚迪罗,不计,Titan007快照
2026-09-06,拉努斯 vs 防卫者,拉努斯1-0防卫者,不计,Titan007快照
2026-09-06,科尔多瓦中央SDE vs 阿根廷独立,科尔多瓦中央SDE0-1阿根廷独立,不计,Titan007快照
2026-09-06,德芬 vs 基多天主大学,德芬0-1基多天主大学,不计,Titan007快照
2026-09-06,波哥大国际 vs 阿古拉斯多拉达斯,波哥大国际2-2阿古拉斯多拉达斯,不计,Titan007快照
2026-09-06,卢捷诺体育会 vs 艾美利亚诺体育,卢捷诺体育会1-2艾美利亚诺体育,不计,Titan007快照
2026-09-06,庞特普雷塔 vs 圣贝纳多,赛果未匹配待人工核验,不计,missing
2026-09-06,博塔弗戈 vs 帕尔梅拉斯,赛果未匹配待人工核验,不计,missing
2026-09-06,莱昂 vs 墨西哥美洲,赛果未匹配待人工核验,不计,missing
2026-09-06,最强者 vs 皇家托马亚波,赛果未匹配待人工核验,不计,missing
2026-09-06,波特兰松之心 vs 西切斯特,赛果未匹配待人工核验,不计,missing
2026-09-06,河床 vs 门多萨独立,赛果未匹配待人工核验,不计,missing
2026-09-06,科林蒂安 vs 沙佩科恩斯,赛果未匹配待人工核验,不计,missing
2026-09-06,帕莱斯蒂诺 vs 康塞普西翁大学,赛果未匹配待人工核验,不计,missing
2026-09-06,佩雷拉 vs 百万富翁,赛果未匹配待人工核验,不计,missing
2026-09-06,奥卡斯 vs 瓜亚基尔巴塞罗那,奥卡斯1-1瓜亚基尔巴塞罗那,不计,Titan007快照
2026-09-06,库恩卡 vs 利伯塔德洛哈,库恩卡0-1利伯塔德洛哈,不计,Titan007快照
2026-09-06,国民波托斯 vs 布鲁明,国民波托斯2-1布鲁明,不计,Titan007快照
2026-09-06,竞技俱乐部 vs 图库曼竞技,竞技俱乐部1-2图库曼竞技,不计,Titan007快照
2026-09-06,AC科富帕 vs AD格雷西亚,赛果未匹配待人工核验,不计,missing
2026-09-06,托卢卡 vs 蒙特雷,托卢卡2-0蒙特雷,不计,Titan007快照
2026-09-07,伊斯坦堡士邦 vs 厄德尔,伊斯坦堡士邦1-2厄德尔,不计,Titan007快照
2026-09-07,厄洛克士邦 vs 开塞利体育,厄洛克士邦0-3开塞利体育,不计,Titan007快照
2026-09-07,塞哈特海湾 vs 利雅得体育,塞哈特海湾0-0利雅得体育,不计,Titan007快照
2026-09-07,喀山红宝石 vs 格罗兹尼特里克,喀山红宝石1-1格罗兹尼特里克,不计,Titan007快照
2026-09-07,卡利亚里 vs 莱切,卡利亚里1-0莱切,不计,Titan007快照
2026-09-07,中日德兰 vs 北西兰,中日德兰2-2北西兰,不计,Titan007快照
2026-09-07,文尼沙BB vs 布尔萨体育,文尼沙BB1-2布尔萨体育,不计,Titan007快照
2026-09-07,马兰迪BB vs 波德鲁姆士邦,马兰迪BB1-0波德鲁姆士邦,不计,Titan007快照
2026-09-07,哥兹塔比 vs 加济安泰普大都会,哥兹塔比2-4加济安泰普大都会,不计,Titan007快照
2026-09-07,里泽体育 vs 阿拉尼亚体育,里泽体育0-1阿拉尼亚体育,不计,Titan007快照
2026-09-07,卡尔马 vs 尤尔加登,卡尔马0-1尤尔加登,不计,Titan007快照
2026-09-07,米亚尔比 vs 哥德堡,米亚尔比1-4哥德堡,不计,Titan007快照
2026-09-07,马尔默 vs 索尔纳,马尔默0-0索尔纳,不计,Titan007快照
2026-09-07,鲁席塔尼亚FC vs AVS俱乐部,鲁席塔尼亚FC2-1AVS俱乐部,不计,Titan007快照
2026-09-07,赫塔菲 vs 塞尔塔,赫塔菲1-1塞尔塔,不计,Titan007快照
2026-09-07,奥雷布洛 vs 奥斯特桑斯,奥雷布洛0-1奥斯特桑斯,不计,Titan007快照
2026-09-07,利雅得新月 vs 新未来城体育,利雅得新月0-2新未来城体育,不计,Titan007快照
2026-09-07,巴勒莫 vs 桑普多利亚,巴勒莫3-1桑普多利亚,不计,Titan007快照
2026-09-07,萨瓦德尔 vs 科尔多瓦,萨瓦德尔3-2科尔多瓦,不计,Titan007快照
2026-09-07,乌迪内斯 vs 拉齐奥,乌迪内斯1-2拉齐奥,不计,Titan007快照
2026-09-07,南特 vs 南锡,南特1-0南锡,不计,Titan007快照
2026-09-07,亚松森瓜拉尼 vs 雷科莱塔,亚松森瓜拉尼2-0雷科莱塔,不计,Titan007快照
2026-09-07,布罗姆利 vs AFC温布尔登,布罗姆利0-2AFC温布尔登,不计,Titan007快照
2026-09-07,埃斯托里尔 vs 阿罗卡,埃斯托里尔0-0阿罗卡,不计,Titan007快照
2026-09-07,埃尔切 vs 皇家社会,埃尔切2-3皇家社会,不计,Titan007快照
2026-09-07,新芝加哥 vs 基尔梅斯,新芝加哥1-0基尔梅斯,不计,Titan007快照
2026-09-07,波特诺山丘 vs 巴拉圭国民,波特诺山丘1-0巴拉圭国民,不计,Titan007快照
2026-09-07,拉尼洛斯 vs 托利马体育,赛果未匹配待人工核验,不计,missing
2026-09-07,维多利亚 vs 格雷米奥,赛果未匹配待人工核验,不计,missing
2026-09-07,利马切颜色 vs 科布雷索,赛果未匹配待人工核验,不计,missing
