日期,比赛ID,赛事,北京时间,比赛,原始候选,基本面状态,伤停资料,首发确认,动作,未通过环节,规则版本,快照
2026-09-08,2929717,韩K联,9-8 18:30,仁川联 vs 富川FC,亚盘意图候选：阻上/降温保护（低证据）；依据：主队上盘，让球基本稳定，上盘水位1.06，下盘水位0.82，欧赔变化不大；缺伤停、首发、近5场、H2H、PM/必发资金流；资金流未验证：沿用亚盘EV框架（无PM/必发匹配）；亚盘下注由EV漏斗决定,pending,1,0,不投,双方赛程密度、轮换深度与战意尚未完成结构化核验；独立净胜球模型/Delta及留出校准未接入,asian-risk-v3.2.1-20260908,D:\codex\outputs\football_odds_trader\raw\titan007\20260908\20260908_072956_titan007_odds_snapshot.csv
2026-09-08,2929718,韩K联,9-8 18:30,蔚山HD vs FC首尔,亚盘意图候选：诱上/阻下（低证据）；依据：客队上盘，让球基本稳定，上盘水位0.84，下盘水位1.04，欧赔削弱上盘；缺伤停、首发、近5场、H2H、PM/必发资金流；资金流未验证：沿用亚盘EV框架（无PM/必发匹配）；亚盘下注由EV漏斗决定,pending,1,0,不投,双方赛程密度、轮换深度与战意尚未完成结构化核验；独立净胜球模型/Delta及留出校准未接入,asian-risk-v3.2.1-20260908,D:\codex\outputs\football_odds_trader\raw\titan007\20260908\20260908_072956_titan007_odds_snapshot.csv
2026-09-08,3046978,沙特联,9-8 23:30,达曼协作 vs 费萨里哈曼,亚盘意图候选：平衡盘/等待临场确认（低证据）；依据：主队上盘，让球基本稳定，上盘水位0.92，下盘水位0.90，欧赔变化不大；缺伤停、首发、近5场、H2H、PM/必发资金流；资金流未验证：沿用亚盘EV框架（无PM/必发匹配）；亚盘下注由EV漏斗决定,pending,1,0,不投,双方赛程密度、轮换深度与战意尚未完成结构化核验；独立净胜球模型/Delta及留出校准未接入,asian-risk-v3.2.1-20260908,D:\codex\outputs\football_odds_trader\raw\titan007\20260908\20260908_072956_titan007_odds_snapshot.csv
2026-09-08,3046979,沙特联,9-8 23:55,哈森姆 vs 布赖代合作,亚盘意图候选：平衡盘/等待临场确认（低证据）；依据：客队上盘，让球基本稳定，上盘水位0.86，下盘水位0.96，欧赔支持上盘；缺伤停、首发、近5场、H2H、PM/必发资金流；资金流未验证：沿用亚盘EV框架（无PM/必发匹配）；亚盘下注由EV漏斗决定,pending,1,0,不投,双方赛程密度、轮换深度与战意尚未完成结构化核验；独立净胜球模型/Delta及留出校准未接入,asian-risk-v3.2.1-20260908,D:\codex\outputs\football_odds_trader\raw\titan007\20260908\20260908_072956_titan007_odds_snapshot.csv
2026-09-08,3013074,俄杯,9-9 00:30,伊凡诺沃 vs 图拉兵工厂,亚盘意图候选：诱下/上盘降温（低证据）；依据：客队上盘，让球基本稳定，上盘水位0.99，下盘水位0.71，欧赔削弱上盘；缺伤停、首发、近5场、H2H、PM/必发资金流；资金流未验证：沿用亚盘EV框架（无PM/必发匹配）；亚盘下注由EV漏斗决定,pending,1,0,不投,双方赛程密度、轮换深度与战意尚未完成结构化核验；独立净胜球模型/Delta及留出校准未接入,asian-risk-v3.2.1-20260908,D:\codex\outputs\football_odds_trader\raw\titan007\20260908\20260908_072956_titan007_odds_snapshot.csv
2026-09-08,3073135,欧冠杯,9-9 00:45,布鲁日 vs 阿斯顿维拉,亚盘意图候选：阻下/下盘保护（低证据）；依据：客队上盘，让球基本稳定，上盘水位0.86，下盘水位1.02，欧赔支持上盘；缺伤停、首发、近5场、H2H、PM/必发资金流；资金流未验证：沿用亚盘EV框架（无PM/必发匹配）；亚盘下注由EV漏斗决定,pending,1,0,不投,双方赛程密度、轮换深度与战意尚未完成结构化核验；独立净胜球模型/Delta及留出校准未接入,asian-risk-v3.2.1-20260908,D:\codex\outputs\football_odds_trader\raw\titan007\20260908\20260908_072956_titan007_odds_snapshot.csv
2026-09-08,3073215,欧冠杯,9-9 00:45,AEK雅典 vs LASK林茨,亚盘意图候选：平衡盘/等待临场确认（低证据）；依据：主队上盘，让球基本稳定，上盘水位1.00，下盘水位0.88，欧赔变化不大；缺伤停、首发、近5场、H2H、PM/必发资金流；资金流未验证：沿用亚盘EV框架（无PM/必发匹配）；亚盘下注由EV漏斗决定,pending,1,0,不投,双方赛程密度、轮换深度与战意尚未完成结构化核验；独立净胜球模型/Delta及留出校准未接入,asian-risk-v3.2.1-20260908,D:\codex\outputs\football_odds_trader\raw\titan007\20260908\20260908_072956_titan007_odds_snapshot.csv
2026-09-08,2996117,荷甲,9-9 00:45,奈梅亨 vs SBV精英,亚盘意图候选：降温保护/诱下（低证据）；依据：主队上盘，让球退盘，上盘水位0.99，下盘水位0.89，欧赔支持上盘；缺伤停、首发、近5场、H2H、PM/必发资金流；资金流未验证：沿用亚盘EV框架（无PM/必发匹配）；亚盘下注由EV漏斗决定,pending,1,0,不投,双方赛程密度、轮换深度与战意尚未完成结构化核验；独立净胜球模型/Delta及留出校准未接入,asian-risk-v3.2.1-20260908,D:\codex\outputs\football_odds_trader\raw\titan007\20260908\20260908_072956_titan007_odds_snapshot.csv
2026-09-08,3046980,沙特联,9-9 02:00,吉达联合 vs 费哈,亚盘意图候选：平衡盘/等待临场确认（低证据）；依据：主队上盘，让球基本稳定，上盘水位0.93，下盘水位0.89，欧赔变化不大；缺伤停、首发、近5场、H2H、PM/必发资金流；资金流未验证：沿用亚盘EV框架（无PM/必发匹配）；亚盘下注由EV漏斗决定,pending,1,0,不投,双方赛程密度、轮换深度与战意尚未完成结构化核验；独立净胜球模型/Delta及留出校准未接入,asian-risk-v3.2.1-20260908,D:\codex\outputs\football_odds_trader\raw\titan007\20260908\20260908_072956_titan007_odds_snapshot.csv
2026-09-08,3046981,沙特联,9-9 02:00,卡达西亚 vs 吉达国民,亚盘意图候选：平衡盘/等待临场确认（低证据）；依据：主队上盘，让球基本稳定，上盘水位0.96，下盘水位0.86，欧赔支持上盘；缺伤停、首发、近5场、H2H、PM/必发资金流；资金流未验证：沿用亚盘EV框架（无PM/必发匹配）；亚盘下注由EV漏斗决定,pending,1,0,不投,双方赛程密度、轮换深度与战意尚未完成结构化核验；独立净胜球模型/Delta及留出校准未接入,asian-risk-v3.2.1-20260908,D:\codex\outputs\football_odds_trader\raw\titan007\20260908\20260908_072956_titan007_odds_snapshot.csv
2026-09-08,3008212,英冠,9-9 02:45,布莱克本 vs 谢菲尔德联队,亚盘意图候选：阻上/降温保护（低证据）；依据：客队上盘，让球基本稳定，上盘水位1.05，下盘水位0.83，欧赔变化不大；缺伤停、首发、近5场、H2H、PM/必发资金流；资金流未验证：沿用亚盘EV框架（无PM/必发匹配）；亚盘下注由EV漏斗决定,pending,1,0,不投,双方赛程密度、轮换深度与战意尚未完成结构化核验；独立净胜球模型/Delta及留出校准未接入,asian-risk-v3.2.1-20260908,D:\codex\outputs\football_odds_trader\raw\titan007\20260908\20260908_072956_titan007_odds_snapshot.csv
2026-09-08,3008216,英冠,9-9 02:45,沃特福德 vs 普雷斯顿,亚盘意图候选：阻上/降温保护（低证据）；依据：主队上盘，让球基本稳定，上盘水位1.06，下盘水位0.82，欧赔变化不大；缺伤停、首发、近5场、H2H、PM/必发资金流；资金流未验证：沿用亚盘EV框架（无PM/必发匹配）；亚盘下注由EV漏斗决定,pending,1,0,不投,双方赛程密度、轮换深度与战意尚未完成结构化核验；独立净胜球模型/Delta及留出校准未接入,asian-risk-v3.2.1-20260908,D:\codex\outputs\football_odds_trader\raw\titan007\20260908\20260908_072956_titan007_odds_snapshot.csv
2026-09-08,3008218,英冠,9-9 02:45,卡迪夫城 vs 斯托克城,亚盘意图候选：平衡盘/等待临场确认（低证据）；依据：主队上盘，让球基本稳定，上盘水位0.88，下盘水位1.00，欧赔变化不大；缺伤停、首发、近5场、H2H、PM/必发资金流；资金流未验证：沿用亚盘EV框架（无PM/必发匹配）；亚盘下注由EV漏斗决定,pending,1,0,不投,双方赛程密度、轮换深度与战意尚未完成结构化核验；独立净胜球模型/Delta及留出校准未接入,asian-risk-v3.2.1-20260908,D:\codex\outputs\football_odds_trader\raw\titan007\20260908\20260908_072956_titan007_odds_snapshot.csv
2026-09-08,3008219,英冠,9-9 02:45,南安普敦 vs 斯旺西,亚盘意图候选：平衡盘/等待临场确认（低证据）；依据：主队上盘，让球基本稳定，上盘水位0.87，下盘水位1.01，欧赔变化不大；缺伤停、首发、近5场、H2H、PM/必发资金流；资金流未验证：沿用亚盘EV框架（无PM/必发匹配）；亚盘下注由EV漏斗决定,pending,1,0,不投,双方赛程密度、轮换深度与战意尚未完成结构化核验；独立净胜球模型/Delta及留出校准未接入,asian-risk-v3.2.1-20260908,D:\codex\outputs\football_odds_trader\raw\titan007\20260908\20260908_072956_titan007_odds_snapshot.csv
2026-09-08,3008223,英冠,9-9 02:45,雷克瑟姆 vs 伯恩利,亚盘意图候选：真实示弱/阻下（低证据）；依据：主队上盘，让球退盘，上盘水位0.82，下盘水位1.06，欧赔削弱上盘；缺伤停、首发、近5场、H2H、PM/必发资金流；资金流未验证：沿用亚盘EV框架（无PM/必发匹配）；亚盘下注由EV漏斗决定,pending,1,0,不投,双方赛程密度、轮换深度与战意尚未完成结构化核验；独立净胜球模型/Delta及留出校准未接入,asian-risk-v3.2.1-20260908,D:\codex\outputs\football_odds_trader\raw\titan007\20260908\20260908_072956_titan007_odds_snapshot.csv
2026-09-08,3087319,英足总杯,9-9 02:45,伯尔德梅勒 vs 伯恩镇,亚盘意图候选：诱上/阻下（低证据）；依据：主队上盘，让球基本稳定，上盘水位0.83，下盘水位0.93，欧赔变化不大；缺伤停、首发、近5场、H2H、PM/必发资金流；资金流未验证：沿用亚盘EV框架（无PM/必发匹配）；亚盘下注由EV漏斗决定,pending,0,0,不投,双方赛程密度、轮换深度与战意尚未完成结构化核验；独立净胜球模型/Delta及留出校准未接入,asian-risk-v3.2.1-20260908,D:\codex\outputs\football_odds_trader\raw\titan007\20260908\20260908_072956_titan007_odds_snapshot.csv
2026-09-08,3087320,英足总杯,9-9 02:45,基特宁 vs 威灵保罗夫,亚盘意图候选：诱下/上盘降温（低证据）；依据：主队上盘，让球基本稳定，上盘水位1.00，下盘水位0.76，欧赔变化不大；缺伤停、首发、近5场、H2H、PM/必发资金流；资金流未验证：沿用亚盘EV框架（无PM/必发匹配）；亚盘下注由EV漏斗决定,pending,0,0,不投,双方赛程密度、轮换深度与战意尚未完成结构化核验；独立净胜球模型/Delta及留出校准未接入,asian-risk-v3.2.1-20260908,D:\codex\outputs\football_odds_trader\raw\titan007\20260908\20260908_072956_titan007_odds_snapshot.csv
2026-09-08,3087324,英足总杯,9-9 02:45,讷翰马科 vs 斯坦韦流浪,亚盘意图候选：平衡盘/等待临场确认（低证据）；依据：主队上盘，让球基本稳定，上盘水位0.87，下盘水位0.89，欧赔变化不大；缺伤停、首发、近5场、H2H、PM/必发资金流；资金流未验证：沿用亚盘EV框架（无PM/必发匹配）；亚盘下注由EV漏斗决定,pending,0,0,不投,双方赛程密度、轮换深度与战意尚未完成结构化核验；独立净胜球模型/Delta及留出校准未接入,asian-risk-v3.2.1-20260908,D:\codex\outputs\football_odds_trader\raw\titan007\20260908\20260908_072956_titan007_odds_snapshot.csv
2026-09-08,3087328,英足总杯,9-9 02:45,费克汉姆镇 vs 威尔,亚盘意图候选：诱下/上盘降温（低证据）；依据：客队上盘，让球基本稳定，上盘水位0.99，下盘水位0.77，欧赔变化不大；缺伤停、首发、近5场、H2H、PM/必发资金流；资金流未验证：沿用亚盘EV框架（无PM/必发匹配）；亚盘下注由EV漏斗决定,pending,0,0,不投,双方赛程密度、轮换深度与战意尚未完成结构化核验；独立净胜球模型/Delta及留出校准未接入,asian-risk-v3.2.1-20260908,D:\codex\outputs\football_odds_trader\raw\titan007\20260908\20260908_072956_titan007_odds_snapshot.csv
2026-09-08,3087330,英足总杯,9-9 02:45,希治 vs 比格尔斯威德,亚盘意图候选：诱下/上盘降温（低证据）；依据：主队上盘，让球基本稳定，上盘水位0.94，下盘水位0.82，欧赔变化不大；缺伤停、首发、近5场、H2H、PM/必发资金流；资金流未验证：沿用亚盘EV框架（无PM/必发匹配）；亚盘下注由EV漏斗决定,pending,0,0,不投,双方赛程密度、轮换深度与战意尚未完成结构化核验；独立净胜球模型/Delta及留出校准未接入,asian-risk-v3.2.1-20260908,D:\codex\outputs\football_odds_trader\raw\titan007\20260908\20260908_072956_titan007_odds_snapshot.csv
2026-09-08,3087331,英足总杯,9-9 02:45,布伦特伍德 vs 康卡德流浪,亚盘意图候选：诱上/阻下（低证据）；依据：主队上盘，让球基本稳定，上盘水位0.84，下盘水位0.92，欧赔变化不大；缺伤停、首发、近5场、H2H、PM/必发资金流；资金流未验证：沿用亚盘EV框架（无PM/必发匹配）；亚盘下注由EV漏斗决定,pending,0,0,不投,双方赛程密度、轮换深度与战意尚未完成结构化核验；独立净胜球模型/Delta及留出校准未接入,asian-risk-v3.2.1-20260908,D:\codex\outputs\football_odds_trader\raw\titan007\20260908\20260908_072956_titan007_odds_snapshot.csv
2026-09-08,3087338,英足总杯,9-9 02:45,哈瓦特 vs 茨伯翰,亚盘意图候选：诱下/上盘降温（低证据）；依据：主队上盘，让球基本稳定，上盘水位0.95，下盘水位0.81，欧赔变化不大；缺伤停、首发、近5场、H2H、PM/必发资金流；资金流未验证：沿用亚盘EV框架（无PM/必发匹配）；亚盘下注由EV漏斗决定,pending,0,0,不投,双方赛程密度、轮换深度与战意尚未完成结构化核验；独立净胜球模型/Delta及留出校准未接入,asian-risk-v3.2.1-20260908,D:\codex\outputs\football_odds_trader\raw\titan007\20260908\20260908_072956_titan007_odds_snapshot.csv
2026-09-08,3072963,英联杯,9-9 02:45,伯恩茅斯 vs 林肯城,亚盘意图候选：平衡盘/等待临场确认（低证据）；依据：主队上盘，让球基本稳定，上盘水位0.85，下盘水位0.97，欧赔变化不大；缺伤停、首发、近5场、H2H、PM/必发资金流；资金流未验证：沿用亚盘EV框架（无PM/必发匹配）；亚盘下注由EV漏斗决定,pending,1,0,不投,双方赛程密度、轮换深度与战意尚未完成结构化核验；独立净胜球模型/Delta及留出校准未接入,asian-risk-v3.2.1-20260908,D:\codex\outputs\football_odds_trader\raw\titan007\20260908\20260908_072956_titan007_odds_snapshot.csv
2026-09-08,3072965,英联杯,9-9 02:45,水晶宫 vs 米德尔斯堡,亚盘意图候选：平衡盘/等待临场确认（低证据）；依据：主队上盘，让球基本稳定，上盘水位0.93，下盘水位0.89，欧赔变化不大；缺伤停、首发、近5场、H2H、PM/必发资金流；资金流未验证：沿用亚盘EV框架（无PM/必发匹配）；亚盘下注由EV漏斗决定,pending,1,0,不投,双方赛程密度、轮换深度与战意尚未完成结构化核验；独立净胜球模型/Delta及留出校准未接入,asian-risk-v3.2.1-20260908,D:\codex\outputs\football_odds_trader\raw\titan007\20260908\20260908_072956_titan007_odds_snapshot.csv
2026-09-08,3072970,英联杯,9-9 02:45,莱顿东方 vs 布拉德福德,亚盘意图候选：平衡盘/等待临场确认（低证据）；依据：客队上盘，让球基本稳定，上盘水位0.92，下盘水位0.90，欧赔变化不大；缺伤停、首发、近5场、H2H、PM/必发资金流；资金流未验证：沿用亚盘EV框架（无PM/必发匹配）；亚盘下注由EV漏斗决定,pending,1,0,不投,双方赛程密度、轮换深度与战意尚未完成结构化核验；独立净胜球模型/Delta及留出校准未接入,asian-risk-v3.2.1-20260908,D:\codex\outputs\football_odds_trader\raw\titan007\20260908\20260908_072956_titan007_odds_snapshot.csv
2026-09-08,3072977,英联杯,9-9 02:45,桑德兰 vs 赫尔城,亚盘意图候选：平衡盘/等待临场确认（低证据）；依据：主队上盘，让球基本稳定，上盘水位0.93，下盘水位0.89，欧赔变化不大；缺伤停、首发、近5场、H2H、PM/必发资金流；资金流未验证：沿用亚盘EV框架（无PM/必发匹配）；亚盘下注由EV漏斗决定,pending,1,0,不投,双方赛程密度、轮换深度与战意尚未完成结构化核验；独立净胜球模型/Delta及留出校准未接入,asian-risk-v3.2.1-20260908,D:\codex\outputs\football_odds_trader\raw\titan007\20260908\20260908_072956_titan007_odds_snapshot.csv
2026-09-08,3074088,希腊杯,9-9 02:45,奥林匹亚科斯 vs 维洛斯NFC,亚盘意图候选：真实示强/阻上（低证据）；依据：主队上盘，让球加深，上盘水位0.98，下盘水位0.78，欧赔变化不大；缺伤停、首发、近5场、H2H、PM/必发资金流；资金流未验证：沿用亚盘EV框架（无PM/必发匹配）；亚盘下注由EV漏斗决定,pending,0,0,不投,双方赛程密度、轮换深度与战意尚未完成结构化核验；独立净胜球模型/Delta及留出校准未接入,asian-risk-v3.2.1-20260908,D:\codex\outputs\football_odds_trader\raw\titan007\20260908\20260908_072956_titan007_odds_snapshot.csv
2026-09-08,3036327,苏挑杯,9-9 02:45,迪伊银行 vs 科化体育会,亚盘意图候选：诱下/上盘降温（低证据）；依据：客队上盘，让球基本稳定，上盘水位0.94，下盘水位0.76，欧赔变化不大；缺伤停、首发、近5场、H2H、PM/必发资金流；资金流未验证：沿用亚盘EV框架（无PM/必发匹配）；亚盘下注由EV漏斗决定,pending,0,0,不投,双方赛程密度、轮换深度与战意尚未完成结构化核验；独立净胜球模型/Delta及留出校准未接入,asian-risk-v3.2.1-20260908,D:\codex\outputs\football_odds_trader\raw\titan007\20260908\20260908_072956_titan007_odds_snapshot.csv
2026-09-08,3036329,苏挑杯,9-9 02:45,加迪 vs 东法夫郡,亚盘意图候选：诱下/上盘降温（低证据）；依据：客队上盘，让球基本稳定，上盘水位0.97，下盘水位0.73，欧赔变化不大；缺伤停、首发、近5场、H2H、PM/必发资金流；资金流未验证：沿用亚盘EV框架（无PM/必发匹配）；亚盘下注由EV漏斗决定,pending,0,0,不投,双方赛程密度、轮换深度与战意尚未完成结构化核验；独立净胜球模型/Delta及留出校准未接入,asian-risk-v3.2.1-20260908,D:\codex\outputs\football_odds_trader\raw\titan007\20260908\20260908_072956_titan007_odds_snapshot.csv
2026-09-08,3036330,苏挑杯,9-9 02:45,克莱德班克 vs 艾洛亚,亚盘意图候选：阻上/降温保护（低证据）；依据：客队上盘，让球基本稳定，上盘水位1.03，下盘水位0.67，欧赔支持上盘；缺伤停、首发、近5场、H2H、PM/必发资金流；资金流未验证：沿用亚盘EV框架（无PM/必发匹配）；亚盘下注由EV漏斗决定,pending,0,0,不投,双方赛程密度、轮换深度与战意尚未完成结构化核验；独立净胜球模型/Delta及留出校准未接入,asian-risk-v3.2.1-20260908,D:\codex\outputs\football_odds_trader\raw\titan007\20260908\20260908_072956_titan007_odds_snapshot.csv
2026-09-08,3036331,苏挑杯,9-9 02:45,科夫流浪者 vs 邓巴顿,亚盘意图候选：平衡盘/等待临场确认（低证据）；依据：主队上盘，让球基本稳定，上盘水位0.85，下盘水位0.85，欧赔变化不大；缺伤停、首发、近5场、H2H、PM/必发资金流；资金流未验证：沿用亚盘EV框架（无PM/必发匹配）；亚盘下注由EV漏斗决定,pending,0,0,不投,双方赛程密度、轮换深度与战意尚未完成结构化核验；独立净胜球模型/Delta及留出校准未接入,asian-risk-v3.2.1-20260908,D:\codex\outputs\football_odds_trader\raw\titan007\20260908\20260908_072956_titan007_odds_snapshot.csv
2026-09-08,3036333,苏挑杯,9-9 02:45,坎伯诺尔德 vs 凯尔蒂赫斯,亚盘意图候选：诱上/阻下（低证据）；依据：客队上盘，让球基本稳定，上盘水位0.78，下盘水位0.92，欧赔削弱上盘；缺伤停、首发、近5场、H2H、PM/必发资金流；资金流未验证：沿用亚盘EV框架（无PM/必发匹配）；亚盘下注由EV漏斗决定,pending,0,0,不投,双方赛程密度、轮换深度与战意尚未完成结构化核验；独立净胜球模型/Delta及留出校准未接入,asian-risk-v3.2.1-20260908,D:\codex\outputs\football_odds_trader\raw\titan007\20260908\20260908_072956_titan007_odds_snapshot.csv
2026-09-08,3036334,苏挑杯,9-9 02:45,东基尔布莱德 vs 保尼玫瑰,亚盘意图候选：诱上/阻下（低证据）；依据：主队上盘，让球基本稳定，上盘水位0.75，下盘水位0.95，欧赔削弱上盘；缺伤停、首发、近5场、H2H、PM/必发资金流；资金流未验证：沿用亚盘EV框架（无PM/必发匹配）；亚盘下注由EV漏斗决定,pending,0,0,不投,双方赛程密度、轮换深度与战意尚未完成结构化核验；独立净胜球模型/Delta及留出校准未接入,asian-risk-v3.2.1-20260908,D:\codex\outputs\football_odds_trader\raw\titan007\20260908\20260908_072956_titan007_odds_snapshot.csv
2026-09-08,3036335,苏挑杯,9-9 02:45,爱丁堡 vs 南部女王,亚盘意图候选：平衡盘/等待临场确认（低证据）；依据：客队上盘，让球基本稳定，上盘水位0.85，下盘水位0.85，欧赔支持上盘；缺伤停、首发、近5场、H2H、PM/必发资金流；资金流未验证：沿用亚盘EV框架（无PM/必发匹配）；亚盘下注由EV漏斗决定,pending,0,0,不投,双方赛程密度、轮换深度与战意尚未完成结构化核验；独立净胜球模型/Delta及留出校准未接入,asian-risk-v3.2.1-20260908,D:\codex\outputs\football_odds_trader\raw\titan007\20260908\20260908_072956_titan007_odds_snapshot.csv
2026-09-08,3036336,苏挑杯,9-9 02:45,埃尔金城 vs 弗雷泽堡,亚盘意图候选：诱上/阻下（低证据）；依据：主队上盘，让球基本稳定，上盘水位0.80，下盘水位0.90，欧赔削弱上盘；缺伤停、首发、近5场、H2H、PM/必发资金流；资金流未验证：沿用亚盘EV框架（无PM/必发匹配）；亚盘下注由EV漏斗决定,pending,0,0,不投,双方赛程密度、轮换深度与战意尚未完成结构化核验；独立净胜球模型/Delta及留出校准未接入,asian-risk-v3.2.1-20260908,D:\codex\outputs\football_odds_trader\raw\titan007\20260908\20260908_072956_titan007_odds_snapshot.csv
2026-09-08,3036340,苏挑杯,9-9 02:45,彼得黑德 vs 科莱池那库丁,亚盘意图候选：诱上/阻下（低证据）；依据：主队上盘，让球基本稳定，上盘水位0.78，下盘水位0.92，欧赔变化不大；缺伤停、首发、近5场、H2H、PM/必发资金流；资金流未验证：沿用亚盘EV框架（无PM/必发匹配）；亚盘下注由EV漏斗决定,pending,0,0,不投,双方赛程密度、轮换深度与战意尚未完成结构化核验；独立净胜球模型/Delta及留出校准未接入,asian-risk-v3.2.1-20260908,D:\codex\outputs\football_odds_trader\raw\titan007\20260908\20260908_072956_titan007_odds_snapshot.csv
2026-09-08,3036342,苏挑杯,9-9 02:45,斯巴顿斯 vs 哈密尔顿,亚盘意图候选：诱上/阻下（低证据）；依据：客队上盘，让球基本稳定，上盘水位0.80，下盘水位0.90，欧赔支持上盘；缺伤停、首发、近5场、H2H、PM/必发资金流；资金流未验证：沿用亚盘EV框架（无PM/必发匹配）；亚盘下注由EV漏斗决定,pending,0,0,不投,双方赛程密度、轮换深度与战意尚未完成结构化核验；独立净胜球模型/Delta及留出校准未接入,asian-risk-v3.2.1-20260908,D:\codex\outputs\football_odds_trader\raw\titan007\20260908\20260908_072956_titan007_odds_snapshot.csv
2026-09-08,3073072,欧冠杯,9-9 03:00,皇家马德里 vs 国际米兰,亚盘意图候选：真实示强/阻上（低证据）；依据：主队上盘，让球加深，上盘水位0.99，下盘水位0.89，欧赔变化不大；缺伤停、首发、近5场、H2H、PM/必发资金流；资金流未验证：沿用亚盘EV框架（无PM/必发匹配）；亚盘下注由EV漏斗决定,pending,1,0,不投,双方赛程密度、轮换深度与战意尚未完成结构化核验；独立净胜球模型/Delta及留出校准未接入,asian-risk-v3.2.1-20260908,D:\codex\outputs\football_odds_trader\raw\titan007\20260908\20260908_072956_titan007_odds_snapshot.csv
2026-09-08,3073090,欧冠杯,9-9 03:00,波尔图 vs 曼彻斯特城,亚盘意图候选：平衡盘/等待临场确认（低证据）；依据：客队上盘，让球基本稳定，上盘水位0.88，下盘水位1.00，欧赔变化不大；缺伤停、首发、近5场、H2H、PM/必发资金流；资金流未验证：沿用亚盘EV框架（无PM/必发匹配）；亚盘下注由EV漏斗决定,pending,1,0,不投,双方赛程密度、轮换深度与战意尚未完成结构化核验；独立净胜球模型/Delta及留出校准未接入,asian-risk-v3.2.1-20260908,D:\codex\outputs\football_odds_trader\raw\titan007\20260908\20260908_072956_titan007_odds_snapshot.csv
2026-09-08,3073148,欧冠杯,9-9 03:00,多特蒙德 vs 比利亚雷亚尔,亚盘意图候选：阻上/降温保护（低证据）；依据：主队上盘，让球基本稳定，上盘水位1.04，下盘水位0.84，欧赔变化不大；缺伤停、首发、近5场、H2H、PM/必发资金流；资金流未验证：沿用亚盘EV框架（无PM/必发匹配）；亚盘下注由EV漏斗决定,pending,1,0,不投,双方赛程密度、轮换深度与战意尚未完成结构化核验；独立净胜球模型/Delta及留出校准未接入,asian-risk-v3.2.1-20260908,D:\codex\outputs\football_odds_trader\raw\titan007\20260908\20260908_072956_titan007_odds_snapshot.csv
2026-09-08,3073162,欧冠杯,9-9 03:00,里尔 vs 皇家贝蒂斯,亚盘意图候选：平衡盘/等待临场确认（低证据）；依据：主队上盘，让球基本稳定，上盘水位0.95，下盘水位0.93，欧赔变化不大；缺伤停、首发、近5场、H2H、PM/必发资金流；资金流未验证：沿用亚盘EV框架（无PM/必发匹配）；亚盘下注由EV漏斗决定,pending,1,0,不投,双方赛程密度、轮换深度与战意尚未完成结构化核验；独立净胜球模型/Delta及留出校准未接入,asian-risk-v3.2.1-20260908,D:\codex\outputs\football_odds_trader\raw\titan007\20260908\20260908_072956_titan007_odds_snapshot.csv
2026-09-08,3008213,英冠,9-9 03:00,博尔顿 vs 西汉姆联,亚盘意图候选：诱上/阻下（低证据）；依据：客队上盘，让球基本稳定，上盘水位0.79，下盘水位1.09，欧赔变化不大；缺伤停、首发、近5场、H2H、PM/必发资金流；资金流未验证：沿用亚盘EV框架（无PM/必发匹配）；亚盘下注由EV漏斗决定,pending,1,0,不投,双方赛程密度、轮换深度与战意尚未完成结构化核验；独立净胜球模型/Delta及留出校准未接入,asian-risk-v3.2.1-20260908,D:\codex\outputs\football_odds_trader\raw\titan007\20260908\20260908_072956_titan007_odds_snapshot.csv
2026-09-08,3072974,英联杯,9-9 03:00,米尔沃尔 vs 纽卡斯尔联,亚盘意图候选：平衡盘/等待临场确认（低证据）；依据：客队上盘，让球基本稳定，上盘水位0.95，下盘水位0.87，欧赔变化不大；缺伤停、首发、近5场、H2H、PM/必发资金流；资金流未验证：沿用亚盘EV框架（无PM/必发匹配）；亚盘下注由EV漏斗决定,pending,1,0,不投,双方赛程密度、轮换深度与战意尚未完成结构化核验；独立净胜球模型/Delta及留出校准未接入,asian-risk-v3.2.1-20260908,D:\codex\outputs\football_odds_trader\raw\titan007\20260908\20260908_072956_titan007_odds_snapshot.csv
2026-09-08,3069959,解放者杯,9-9 06:00,弗鲁米嫩塞 vs 普拉腾斯,亚盘意图候选：诱下/上盘降温（低证据）；依据：主队上盘，让球基本稳定，上盘水位1.01，下盘水位0.81，欧赔变化不大；缺伤停、首发、近5场、H2H、PM/必发资金流；资金流未验证：沿用亚盘EV框架（无PM/必发匹配）；亚盘下注由EV漏斗决定,pending,1,0,不投,双方赛程密度、轮换深度与战意尚未完成结构化核验；独立净胜球模型/Delta及留出校准未接入,asian-risk-v3.2.1-20260908,D:\codex\outputs\football_odds_trader\raw\titan007\20260908\20260908_072956_titan007_odds_snapshot.csv
2026-09-08,3072983,南美杯,9-9 06:00,圣塔菲 vs 瓦斯科达伽马,亚盘意图候选：平衡盘/等待临场确认（低证据）；依据：主队上盘，让球基本稳定，上盘水位0.91，下盘水位0.91，欧赔削弱上盘；缺伤停、首发、近5场、H2H、PM/必发资金流；资金流未验证：沿用亚盘EV框架（无PM/必发匹配）；亚盘下注由EV漏斗决定,pending,1,0,不投,双方赛程密度、轮换深度与战意尚未完成结构化核验；独立净胜球模型/Delta及留出校准未接入,asian-risk-v3.2.1-20260908,D:\codex\outputs\football_odds_trader\raw\titan007\20260908\20260908_072956_titan007_odds_snapshot.csv
2026-09-08,3084119,美甲杯,9-9 07:00,哈特福德竞技 vs 科罗拉多跃泉,亚盘意图候选：诱下/上盘降温（低证据）；依据：主队上盘，让球基本稳定，上盘水位0.86，下盘水位0.84，欧赔变化不大；缺伤停、首发、近5场、H2H、PM/必发资金流；资金流未验证：沿用亚盘EV框架（无PM/必发匹配）；亚盘下注由EV漏斗决定,pending,0,0,不投,双方赛程密度、轮换深度与战意尚未完成结构化核验；独立净胜球模型/Delta及留出校准未接入,asian-risk-v3.2.1-20260908,D:\codex\outputs\football_odds_trader\raw\titan007\20260908\20260908_072956_titan007_odds_snapshot.csv
2026-09-08,2940169,巴西乙,9-9 07:30,库亚巴 vs 巴西竞技,亚盘意图候选：阻下/下盘保护（低证据）；依据：主队上盘，让球基本稳定，上盘水位0.85，下盘水位1.03，欧赔支持上盘；缺伤停、首发、近5场、H2H、PM/必发资金流；资金流未验证：沿用亚盘EV框架（无PM/必发匹配）；亚盘下注由EV漏斗决定,pending,1,0,不投,双方赛程密度、轮换深度与战意尚未完成结构化核验；独立净胜球模型/Delta及留出校准未接入,asian-risk-v3.2.1-20260908,D:\codex\outputs\football_odds_trader\raw\titan007\20260908\20260908_072956_titan007_odds_snapshot.csv
2026-09-08,2926316,智利乙,9-9 07:30,库里科 vs 西班牙联合,亚盘意图候选：诱下/上盘降温（低证据）；依据：主队上盘，让球基本稳定，上盘水位0.98，下盘水位0.72，欧赔变化不大；缺伤停、首发、近5场、H2H、PM/必发资金流；资金流未验证：沿用亚盘EV框架（无PM/必发匹配）；亚盘下注由EV漏斗决定,pending,0,0,不投,双方赛程密度、轮换深度与战意尚未完成结构化核验；独立净胜球模型/Delta及留出校准未接入,asian-risk-v3.2.1-20260908,D:\codex\outputs\football_odds_trader\raw\titan007\20260908\20260908_072956_titan007_odds_snapshot.csv
2026-09-08,2926318,智利乙,9-9 07:30,迪帕特斯 vs 圣地亚哥漫游者,亚盘意图候选：平衡盘/等待临场确认（低证据）；依据：主队上盘，让球基本稳定，上盘水位0.85，下盘水位0.85，欧赔变化不大；缺伤停、首发、近5场、H2H、PM/必发资金流；资金流未验证：沿用亚盘EV框架（无PM/必发匹配）；亚盘下注由EV漏斗决定,pending,0,0,不投,双方赛程密度、轮换深度与战意尚未完成结构化核验；独立净胜球模型/Delta及留出校准未接入,asian-risk-v3.2.1-20260908,D:\codex\outputs\football_odds_trader\raw\titan007\20260908\20260908_072956_titan007_odds_snapshot.csv
2026-09-08,2940168,巴西乙,9-9 08:00,克里丘马 vs 尤文图德,亚盘意图候选：诱上/阻下（低证据）；依据：主队上盘，让球基本稳定，上盘水位0.79，下盘水位1.09，欧赔变化不大；缺伤停、首发、近5场、H2H、PM/必发资金流；资金流未验证：沿用亚盘EV框架（无PM/必发匹配）；亚盘下注由EV漏斗决定,pending,0,0,不投,双方赛程密度、轮换深度与战意尚未完成结构化核验；独立净胜球模型/Delta及留出校准未接入,asian-risk-v3.2.1-20260908,D:\codex\outputs\football_odds_trader\raw\titan007\20260908\20260908_072956_titan007_odds_snapshot.csv
2026-09-08,3012144,哥伦乙秋,9-9 08:30,哥杜雷亚 vs 卡利竞技,亚盘意图候选：诱下/上盘降温（低证据）；依据：主队上盘，让球基本稳定，上盘水位0.90，下盘水位0.80，欧赔变化不大；缺伤停、首发、近5场、H2H、PM/必发资金流；资金流未验证：沿用亚盘EV框架（无PM/必发匹配）；亚盘下注由EV漏斗决定,pending,0,0,不投,双方赛程密度、轮换深度与战意尚未完成结构化核验；独立净胜球模型/Delta及留出校准未接入,asian-risk-v3.2.1-20260908,D:\codex\outputs\football_odds_trader\raw\titan007\20260908\20260908_072956_titan007_odds_snapshot.csv
2026-09-08,3084121,美甲杯,9-9 08:30,圣安东尼奥 vs 路易斯维尔FC,亚盘意图候选：诱下/上盘降温（低证据）；依据：客队上盘，让球基本稳定，上盘水位0.92，下盘水位0.78，欧赔变化不大；缺伤停、首发、近5场、H2H、PM/必发资金流；资金流未验证：沿用亚盘EV框架（无PM/必发匹配）；亚盘下注由EV漏斗决定,pending,0,0,不投,双方赛程密度、轮换深度与战意尚未完成结构化核验；独立净胜球模型/Delta及留出校准未接入,asian-risk-v3.2.1-20260908,D:\codex\outputs\football_odds_trader\raw\titan007\20260908\20260908_072956_titan007_odds_snapshot.csv
