日期,赛事,比赛分类,比赛,赛果,比分来源,模拟ID,市场框架,即时亚盘,盘口线,盘口档位,上盘方,候选标签,候选依据,候选映射方向,意图水位,意图结算,意图盈亏单位,意图均注盈亏,反向方向,反向水位,反向结算,反向盈亏单位,反向均注盈亏,有真实投注量,Polymarket/交易所情绪,流动性,开赛时间,比赛ID,赛事原始,国家,层级,五大地区筛选,是否有效亚盘结算
2026-08-23,法甲,成年联赛T1,昂热 vs 里尔,0-2,Titan007完场快照:20260824_075622_titan007_odds_snapshot.csv,20260823-TITAN-2995308-赛况更新-不新建赛前模拟,赛况更新-不新建赛前模拟,0.9/-0.75/0.99,-0.75,半球/一球,客队,平衡盘/等待临场确认,客队上盘，让球基本稳定，上盘水位0.99，下盘水位0.90，欧赔变化不大,不计-平衡/无方向,,不计,,,不计,,不计,,,否,缺失,Titan价格流；PM/必发/BTTS缺,,2995308,法甲,法国,顶级,是,False
2026-08-23,法甲,成年联赛T1,勒阿弗尔 vs 摩纳哥,0-1,Titan007完场快照:20260824_075622_titan007_odds_snapshot.csv,20260823-TITAN-2995309-盘口快照-不形成模拟,盘口快照-不形成模拟,0.89/-0.5/1.0,-0.5,半球,客队,平衡盘/等待临场确认,客队上盘，让球基本稳定，上盘水位1.00，下盘水位0.89，欧赔变化不大,不计-平衡/无方向,,不计,,,不计,,不计,,,否,缺失,Titan价格流；PM/必发/BTTS缺,,2995309,法甲,法国,顶级,是,False
2026-08-23,英超,成年联赛T1,布莱顿 vs 阿斯顿维拉,4-0,Titan007完场快照:20260824_075622_titan007_odds_snapshot.csv,20260823-TITAN-3003855-赛况更新-不新建赛前模拟,赛况更新-不新建赛前模拟,0.78/0.25/1.12,0.25,平手/半球,主队,诱上/阻下,主队上盘，让球基本稳定，上盘水位0.78，下盘水位1.12，欧赔支持上盘,下盘,1.12,输,-1.0,-1.0,上盘,0.78,赢,1.0,0.78,否,缺失,Titan价格流；PM/必发/BTTS缺,,3003855,英超,英格兰,顶级,是,True
2026-08-23,英超,成年联赛T1,曼彻斯特城 vs 伯恩茅斯,2-1,Titan007完场快照:20260824_075622_titan007_odds_snapshot.csv,20260823-TITAN-3003856-赛况更新-不新建赛前模拟,赛况更新-不新建赛前模拟,0.98/1.25/0.91,1.25,一球/球半,主队,平衡盘/等待临场确认,主队上盘，让球基本稳定，上盘水位0.98，下盘水位0.91，欧赔变化不大,不计-平衡/无方向,,不计,,,不计,,不计,,,否,缺失,Titan价格流；PM/必发/BTTS缺,,3003856,英超,英格兰,顶级,是,False
2026-08-23,英超,成年联赛T1,纽卡斯尔联 vs 利物浦,2-2,Titan007完场快照:20260824_075622_titan007_odds_snapshot.csv,20260823-TITAN-3003857-盘口快照-不形成模拟,盘口快照-不形成模拟,0.99/-0.5/0.9,-0.5,半球,客队,真实示强/阻上,客队上盘，让球加深，上盘水位0.90，下盘水位0.99，欧赔支持上盘,上盘,0.9,输,-1.0,-1.0,下盘,0.99,赢,1.0,0.99,否,缺失,Titan价格流；PM/必发/BTTS缺,,3003857,英超,英格兰,顶级,是,True
2026-08-23,英冠,成年联赛T2,西布罗姆维奇 vs 伯恩利,3-1,Titan007完场快照:20260824_075622_titan007_odds_snapshot.csv,20260823-TITAN-3008171-赛况更新-不新建赛前模拟,赛况更新-不新建赛前模拟,0.82/0.0/1.07,0.0,平手,主队,诱上/阻下,主队上盘，让球基本稳定，上盘水位0.82，下盘水位1.07，欧赔支持上盘,下盘,1.07,输,-1.0,-1.0,上盘,0.82,赢,1.0,0.82,否,缺失,Titan价格流；PM/必发/BTTS缺,,3008171,英冠,英格兰,次级,是,True
2026-08-23,西甲,成年联赛T1,马德里竞技 vs 比利亚雷亚尔,2-2,Titan007完场快照:20260824_075622_titan007_odds_snapshot.csv,20260823-TITAN-3013653-盘口快照-不形成模拟,盘口快照-不形成模拟,1.07/0.75/0.82,0.75,半球/一球,主队,阻上/诱下,主队上盘，让球加深，上盘水位1.07，下盘水位0.82，欧赔变化不大,上盘,1.07,输,-1.0,-1.0,下盘,0.82,赢,1.0,0.82,否,缺失,Titan价格流；PM/必发/BTTS缺,,3013653,西甲,西班牙,顶级,是,True
2026-08-23,西乙,成年联赛T2,埃瓦尔 vs 巴拉多利德,1-0,Titan007完场快照:20260824_075622_titan007_odds_snapshot.csv,20260823-TITAN-3014037-盘口快照-不形成模拟,盘口快照-不形成模拟,1.05/0.5/0.84,0.5,半球,主队,阻上/诱下,主队上盘，让球加深，上盘水位1.05，下盘水位0.84，欧赔支持上盘,上盘,1.05,赢,1.0,1.05,下盘,0.84,输,-1.0,-1.0,否,缺失,Titan价格流；PM/必发/BTTS缺,,3014037,西乙,西班牙,次级,是,True
2026-08-24,意甲,成年联赛T1,罗马 vs 佛罗伦萨,4-0,ledger赛果兜底,20260824-TITAN-2993755-盘口快照-不形成模拟,盘口快照-不形成模拟,0.95/0.75/0.94,0.75,半球/一球,主队,真实示弱/阻下,主队上盘，让球退盘，上盘水位0.95，下盘水位0.94，欧赔削弱上盘,下盘,0.94,输,-1.0,-1.0,上盘,0.95,赢,1.0,0.95,否,缺失,Titan价格流；PM/必发/BTTS缺,,2993755,意甲,意大利,顶级,是,True
2026-08-24,意甲,成年联赛T1,博洛尼亚 vs 拉齐奥,0-1,ledger赛果兜底,20260824-TITAN-2993757-盘口快照-不形成模拟,盘口快照-不形成模拟,1.02/0.25/0.87,0.25,平手/半球,主队,真实示弱/阻下,主队上盘，让球退盘，上盘水位1.02，下盘水位0.87，欧赔削弱上盘,下盘,0.87,赢,1.0,0.87,上盘,1.02,输,-1.0,-1.0,否,缺失,Titan价格流；PM/必发/BTTS缺,,2993757,意甲,意大利,顶级,是,True
2026-08-24,德国杯,国内杯赛,艾尔格里尼克<font color=#880000>(中)</font> vs 沃尔夫斯堡,2-2,ledger赛果兜底,20260824-TITAN-2995126-盘口快照-不形成模拟,盘口快照-不形成模拟,1.0/-2.5/0.88,-2.5,两球半,客队,真实示强/阻上,客队上盘，让球加深，上盘水位0.88，下盘水位1.00，欧赔变化不大,上盘,0.88,输,-1.0,-1.0,下盘,1.0,赢,1.0,1.0,否,缺失,Titan价格流；PM/必发/BTTS缺,,2995126,德国杯,德国,杯赛,是,True
2026-08-24,德国杯,国内杯赛,SC维尔 vs 汉堡,0-3,ledger赛果兜底,20260824-TITAN-2995127-盘口快照-不形成模拟,盘口快照-不形成模拟,0.88/-1.5/1.0,-1.5,球半,客队,阻上/诱下,客队上盘，让球加深，上盘水位1.00，下盘水位0.88，欧赔支持上盘,上盘,1.0,赢,1.0,1.0,下盘,0.88,输,-1.0,-1.0,否,缺失,Titan价格流；PM/必发/BTTS缺,,2995127,德国杯,德国,杯赛,是,True
2026-08-24,德国杯,国内杯赛,哈雷斯彻 vs 沙尔克04,2-2,ledger赛果兜底,20260824-TITAN-2995139-盘口快照-不形成模拟,盘口快照-不形成模拟,0.97/-1.75/0.91,-1.75,球半/两球,客队,真实示强/阻上,客队上盘，让球加深，上盘水位0.91，下盘水位0.97，欧赔支持上盘,上盘,0.91,输,-1.0,-1.0,下盘,0.97,赢,1.0,0.97,否,缺失,Titan价格流；PM/必发/BTTS缺,,2995139,德国杯,德国,杯赛,是,True
2026-08-24,德国杯,国内杯赛,维尔茨堡踢球者 vs 科隆,1-2,ledger赛果兜底,20260824-TITAN-2995148-盘口快照-不形成模拟,盘口快照-不形成模拟,1.08/-1.5/0.8,-1.5,球半,客队,诱上/阻下,客队上盘，让球基本稳定，上盘水位0.80，下盘水位1.08，欧赔变化不大,下盘,1.08,赢,1.0,1.08,上盘,0.8,输,-1.0,-1.0,否,缺失,Titan价格流；PM/必发/BTTS缺,,2995148,德国杯,德国,杯赛,是,True
2026-08-24,法乙,成年联赛T2,兰斯 vs 阿纳西,3-1,ledger赛果兜底,20260824-TITAN-2997696-盘口快照-不形成模拟,盘口快照-不形成模拟,1.06/0.75/0.82,0.75,半球/一球,主队,阻上/降温保护,主队上盘，让球基本稳定，上盘水位1.06，下盘水位0.82，欧赔变化不大,不计-候选冲突,,不计,,,不计,,不计,,,否,缺失,Titan价格流；PM/必发/BTTS缺,,2997696,法乙,法国,次级,是,False
2026-08-24,英超,成年联赛T1,富勒姆 vs 切尔西,2-3,ledger赛果兜底,20260824-TITAN-3003858-盘口快照-不形成模拟,盘口快照-不形成模拟,1.0/-0.5/0.89,-0.5,半球,客队,真实示强/阻上,客队上盘，让球加深，上盘水位0.89，下盘水位1.00，欧赔支持上盘,上盘,0.89,赢,1.0,0.89,下盘,1.0,输,-1.0,-1.0,否,缺失,Titan价格流；PM/必发/BTTS缺,,3003858,英超,英格兰,顶级,是,True
2026-08-24,西甲,成年联赛T1,马拉加 vs 拉科鲁尼亚,1-1,ledger赛果兜底,20260824-TITAN-3013658-盘口快照-不形成模拟,盘口快照-不形成模拟,1.02/0.25/0.87,0.25,平手/半球,主队,阻上/降温保护,主队上盘，让球基本稳定，上盘水位1.02，下盘水位0.87，欧赔支持上盘,不计-候选冲突,,不计,,,不计,,不计,,,否,缺失,Titan价格流；PM/必发/BTTS缺,,3013658,西甲,西班牙,顶级,是,False
2026-08-24,西甲,成年联赛T1,奥萨苏纳 vs 莱万特,0-0,ledger赛果兜底,20260824-TITAN-3013659-盘口快照-不形成模拟,盘口快照-不形成模拟,0.89/0.5/1.0,0.5,半球,主队,真实示弱/阻下,主队上盘，让球退盘，上盘水位0.89，下盘水位1.00，欧赔削弱上盘,下盘,1.0,赢,1.0,1.0,上盘,0.89,输,-1.0,-1.0,否,缺失,Titan价格流；PM/必发/BTTS缺,,3013659,西甲,西班牙,顶级,是,True
2026-08-24,西乙,成年联赛T2,格拉纳达 vs 马洛卡,2-0,ledger赛果兜底,20260824-TITAN-3014039-盘口快照-不形成模拟,盘口快照-不形成模拟,0.78/-0.25/1.12,-0.25,平手/半球,客队,阻上/诱下,客队上盘，让球加深，上盘水位1.12，下盘水位0.78，欧赔变化不大,上盘,1.12,输,-1.0,-1.0,下盘,0.78,赢,1.0,0.78,否,缺失,Titan价格流；PM/必发/BTTS缺,,3014039,西乙,西班牙,次级,是,True
2026-08-24,西乙,成年联赛T2,塞尔塔B队 vs 安道尔FC,4-2,ledger赛果兜底,20260824-TITAN-3014043-盘口快照-不形成模拟,盘口快照-不形成模拟,1.03/-0.25/0.86,-0.25,平手/半球,客队,阻下/上盘保护,客队上盘，让球基本稳定，上盘水位0.86，下盘水位1.03，欧赔支持上盘,上盘,0.86,输,-1.0,-1.0,下盘,1.03,赢,1.0,1.03,否,缺失,Titan价格流；PM/必发/BTTS缺,,3014043,西乙,西班牙,次级,是,True
2026-08-24,意丙,成年联赛T3,US弗格尔 vs 多洛米蒂贝卢诺,1-2,ledger赛果兜底,20260824-TITAN-3050504-盘口快照-不形成模拟,盘口快照-不形成模拟,0.8/0.25/1.02,0.25,平手/半球,主队,诱上/阻下,主队上盘，让球基本稳定，上盘水位0.80，下盘水位1.02，欧赔支持上盘,下盘,1.02,赢,1.0,1.02,上盘,0.8,输,-1.0,-1.0,否,缺失,Titan价格流；PM/必发/BTTS缺,,3050504,意丙,意大利,次次级,是,True
2026-08-24,意丙,成年联赛T3,利沃诺 vs 托里斯,2-1,ledger赛果兜底,20260824-TITAN-3050885-盘口快照-不形成模拟,盘口快照-不形成模拟,0.89/0.25/0.93,0.25,平手/半球,主队,平衡盘/等待临场确认,主队上盘，让球基本稳定，上盘水位0.89，下盘水位0.93，欧赔支持上盘,不计-平衡/无方向,,不计,,,不计,,不计,,,否,缺失,Titan价格流；PM/必发/BTTS缺,,3050885,意丙,意大利,次次级,是,False
2026-08-24,意丙,成年联赛T3,雷吉亚纳 vs 拉维纳,1-1,ledger赛果兜底,20260824-TITAN-3050888-盘口快照-不形成模拟,盘口快照-不形成模拟,0.75/0.25/1.07,0.25,平手/半球,主队,诱上/阻下,主队上盘，让球基本稳定，上盘水位0.75，下盘水位1.07，欧赔支持上盘,下盘,1.07,赢半,0.5,0.535,上盘,0.75,输半,-0.5,-0.5,否,缺失,Titan价格流；PM/必发/BTTS缺,,3050888,意丙,意大利,次次级,是,True
2026-08-24,意丙,成年联赛T3,阿尔塔穆拉 vs 摩诺波利,1-0,ledger赛果兜底,20260824-TITAN-3051261-盘口快照-不形成模拟,盘口快照-不形成模拟,0.99/-0.25/0.83,-0.25,平手/半球,客队,诱上/阻下,客队上盘，让球基本稳定，上盘水位0.83，下盘水位0.99，欧赔支持上盘,下盘,0.99,赢,1.0,0.99,上盘,0.83,输,-1.0,-1.0,否,缺失,Titan价格流；PM/必发/BTTS缺,,3051261,意丙,意大利,次次级,是,True
2026-08-24,意丙,成年联赛T3,克罗托内 vs 福贾,0-1,ledger赛果兜底,20260824-TITAN-3051266-盘口快照-不形成模拟,盘口快照-不形成模拟,0.85/0.25/0.97,0.25,平手/半球,主队,真实示弱/阻下,主队上盘，让球退盘，上盘水位0.85，下盘水位0.97，欧赔削弱上盘,下盘,0.97,赢,1.0,0.97,上盘,0.85,输,-1.0,-1.0,否,缺失,Titan价格流；PM/必发/BTTS缺,,3051266,意丙,意大利,次次级,是,True
2026-08-24,意丙,成年联赛T3,萨勒尼塔纳 vs 索伦托卡西奥,1-2,ledger赛果兜底,20260824-TITAN-3051270-盘口快照-不形成模拟,盘口快照-不形成模拟,0.83/1.0/0.99,1.0,一球,主队,诱上/阻下,主队上盘，让球基本稳定，上盘水位0.83，下盘水位0.99，欧赔变化不大,下盘,0.99,赢,1.0,0.99,上盘,0.83,输,-1.0,-1.0,否,缺失,Titan价格流；PM/必发/BTTS缺,,3051270,意丙,意大利,次次级,是,True
2026-08-25,西甲,成年联赛T1,巴伦西亚 vs 皇家贝蒂斯,0-1,ledger赛果兜底,20260825-TITAN-3013651-盘口快照-不形成模拟,盘口快照-不形成模拟,1.06/0.0/0.83,0.0,平手,客队,诱上/阻下,客队上盘，让球基本稳定，上盘水位0.83，下盘水位1.06，欧赔变化不大,下盘,1.06,输,-1.0,-1.0,上盘,0.83,赢,1.0,0.83,否,缺失,Titan价格流；PM/必发/BTTS缺,,3013651,西甲,西班牙,顶级,是,True
2026-08-25,英联杯,国内杯赛,巴恩斯利 vs 克鲁,3-2,ledger赛果兜底,20260825-TITAN-3062759-盘口快照-不形成模拟,盘口快照-不形成模拟,1.03/1.0/0.79,1.0,一球,主队,阻上/降温保护,主队上盘，让球基本稳定，上盘水位1.03，下盘水位0.79，欧赔变化不大,不计-候选冲突,,不计,,,不计,,不计,,,否,缺失,Titan价格流；PM/必发/BTTS缺,,3062759,英联杯,英格兰,杯赛,是,False
2026-08-25,英联杯,国内杯赛,伯明翰 vs 布伦特福德,1-6,ledger赛果兜底,20260825-TITAN-3062760-盘口快照-不形成模拟,盘口快照-不形成模拟,1.0/-0.5/0.82,-0.5,半球,客队,诱上/阻下,客队上盘，让球基本稳定，上盘水位0.82，下盘水位1.00，欧赔变化不大,下盘,1.0,输,-1.0,-1.0,上盘,0.82,赢,1.0,0.82,否,缺失,Titan价格流；PM/必发/BTTS缺,,3062760,英联杯,英格兰,杯赛,是,True
2026-08-25,英联杯,国内杯赛,布莱克本 vs 谢菲尔德联队,1-2,ledger赛果兜底,20260825-TITAN-3062761-盘口快照-不形成模拟,盘口快照-不形成模拟,0.93/0.0/0.89,0.0,平手,客队,平衡盘/等待临场确认,客队上盘，让球基本稳定，上盘水位0.89，下盘水位0.93，欧赔变化不大,不计-平衡/无方向,,不计,,,不计,,不计,,,否,缺失,Titan价格流；PM/必发/BTTS缺,,3062761,英联杯,英格兰,杯赛,是,False
2026-08-25,英联杯,国内杯赛,布莱克浦 vs 林肯城,1-4,ledger赛果兜底,20260825-TITAN-3062762-盘口快照-不形成模拟,盘口快照-不形成模拟,0.83/-0.5/0.99,-0.5,半球,客队,诱下/上盘降温,客队上盘，让球基本稳定，上盘水位0.99，下盘水位0.83，欧赔变化不大,上盘,0.99,赢,1.0,0.99,下盘,0.83,输,-1.0,-1.0,否,缺失,Titan价格流；PM/必发/BTTS缺,,3062762,英联杯,英格兰,杯赛,是,True
2026-08-25,英联杯,国内杯赛,剑桥联 vs 米尔沃尔,0-1,ledger赛果兜底,20260825-TITAN-3062764-盘口快照-不形成模拟,盘口快照-不形成模拟,0.88/-0.25/0.94,-0.25,平手/半球,客队,平衡盘/等待临场确认,客队上盘，让球基本稳定，上盘水位0.94，下盘水位0.88，欧赔削弱上盘,不计-平衡/无方向,,不计,,,不计,,不计,,,否,缺失,Titan价格流；PM/必发/BTTS缺,,3062764,英联杯,英格兰,杯赛,是,False
2026-08-25,英联杯,国内杯赛,卡迪夫城 vs 诺维奇,1-2,ledger赛果兜底,20260825-TITAN-3062765-盘口快照-不形成模拟,盘口快照-不形成模拟,0.84/-0.25/0.98,-0.25,平手/半球,客队,诱下/上盘降温,客队上盘，让球基本稳定，上盘水位0.98，下盘水位0.84，欧赔支持上盘,上盘,0.98,赢,1.0,0.98,下盘,0.84,输,-1.0,-1.0,否,缺失,Titan价格流；PM/必发/BTTS缺,,3062765,英联杯,英格兰,杯赛,是,True
2026-08-25,英联杯,国内杯赛,唐卡斯特 vs 米德尔斯堡,1-3,ledger赛果兜底,20260825-TITAN-3062767-盘口快照-不形成模拟,盘口快照-不形成模拟,0.79/-1.0/1.03,-1.0,一球,客队,阻上/诱下,客队上盘，让球加深，上盘水位1.03，下盘水位0.79，欧赔变化不大,上盘,1.03,赢,1.0,1.03,下盘,0.79,输,-1.0,-1.0,否,缺失,Titan价格流；PM/必发/BTTS缺,,3062767,英联杯,英格兰,杯赛,是,True
2026-08-25,英联杯,国内杯赛,弗利特伍德 vs 什鲁斯伯里,4-0,ledger赛果兜底,20260825-TITAN-3062768-盘口快照-不形成模拟,盘口快照-不形成模拟,1.04/0.5/0.78,0.5,半球,主队,阻上/降温保护,主队上盘，让球基本稳定，上盘水位1.04，下盘水位0.78，欧赔变化不大,不计-候选冲突,,不计,,,不计,,不计,,,否,缺失,Titan价格流；PM/必发/BTTS缺,,3062768,英联杯,英格兰,杯赛,是,False
2026-08-25,英联杯,国内杯赛,伊普斯维奇 vs 莱斯特城,3-1,ledger赛果兜底,20260825-TITAN-3062770-盘口快照-不形成模拟,盘口快照-不形成模拟,0.83/1.0/0.99,1.0,一球,主队,诱上/阻下,主队上盘，让球加深，上盘水位0.83，下盘水位0.99，欧赔支持上盘,下盘,0.99,输,-1.0,-1.0,上盘,0.83,赢,1.0,0.83,否,缺失,Titan价格流；PM/必发/BTTS缺,,3062770,英联杯,英格兰,杯赛,是,True
2026-08-25,英联杯,国内杯赛,诺丁汉森林 vs 利兹联,0-2,ledger赛果兜底,20260825-TITAN-3062772-盘口快照-不形成模拟,盘口快照-不形成模拟,0.81/0.25/1.01,0.25,平手/半球,主队,诱上/阻下,主队上盘，让球基本稳定，上盘水位0.81，下盘水位1.01，欧赔支持上盘,下盘,1.01,赢,1.0,1.01,上盘,0.81,输,-1.0,-1.0,否,缺失,Titan价格流；PM/必发/BTTS缺,,3062772,英联杯,英格兰,杯赛,是,True
2026-08-25,英联杯,国内杯赛,谢周三 vs 狼队,0-2,ledger赛果兜底,20260825-TITAN-3062774-盘口快照-不形成模拟,盘口快照-不形成模拟,0.81/-1.0/1.01,-1.0,一球,客队,阻上/诱下,客队上盘，让球加深，上盘水位1.01，下盘水位0.81，欧赔变化不大,上盘,1.01,赢,1.0,1.01,下盘,0.81,输,-1.0,-1.0,否,缺失,Titan价格流；PM/必发/BTTS缺,,3062774,英联杯,英格兰,杯赛,是,True
2026-08-25,英联杯,国内杯赛,南安普敦 vs 西汉姆联,1-4,ledger赛果兜底,20260825-TITAN-3062775-盘口快照-不形成模拟,盘口快照-不形成模拟,0.88/0.0/0.94,0.0,平手,主队,平衡盘/等待临场确认,主队上盘，让球基本稳定，上盘水位0.88，下盘水位0.94，欧赔支持上盘,不计-平衡/无方向,,不计,,,不计,,不计,,,否,缺失,Titan价格流；PM/必发/BTTS缺,,3062775,英联杯,英格兰,杯赛,是,False
2026-08-25,英联杯,国内杯赛,斯蒂文尼奇 vs 雷丁,0-3,ledger赛果兜底,20260825-TITAN-3062776-盘口快照-不形成模拟,盘口快照-不形成模拟,0.98/0.25/0.84,0.25,平手/半球,主队,诱下/上盘降温,主队上盘，让球基本稳定，上盘水位0.98，下盘水位0.84，欧赔变化不大,上盘,0.98,输,-1.0,-1.0,下盘,0.84,赢,1.0,0.84,否,缺失,Titan价格流；PM/必发/BTTS缺,,3062776,英联杯,英格兰,杯赛,是,True
2026-08-25,英联杯,国内杯赛,斯托克城 vs 赫尔城,1-1,ledger赛果兜底,20260825-TITAN-3062777-盘口快照-不形成模拟,盘口快照-不形成模拟,1.02/0.0/0.8,0.0,平手,客队,真实示弱/阻下,客队上盘，让球退盘，上盘水位0.80，下盘水位1.02，欧赔削弱上盘,下盘,1.02,走,-0.0,0.0,上盘,0.8,走,0.0,0.0,否,缺失,Titan价格流；PM/必发/BTTS缺,,3062777,英联杯,英格兰,杯赛,是,True
2026-08-25,英联杯,国内杯赛,沃尔索尔 vs 莱顿东方,0-0,ledger赛果兜底,20260825-TITAN-3062779-盘口快照-不形成模拟,盘口快照-不形成模拟,0.92/-0.25/0.9,-0.25,平手/半球,客队,平衡盘/等待临场确认,客队上盘，让球基本稳定，上盘水位0.90，下盘水位0.92，欧赔变化不大,不计-平衡/无方向,,不计,,,不计,,不计,,,否,缺失,Titan价格流；PM/必发/BTTS缺,,3062779,英联杯,英格兰,杯赛,是,False
2026-08-25,英联杯,国内杯赛,沃特福德 vs 彼得堡联,1-5,ledger赛果兜底,20260825-TITAN-3062780-盘口快照-不形成模拟,盘口快照-不形成模拟,1.01/1.0/0.81,1.0,一球,主队,诱下/上盘降温,主队上盘，让球基本稳定，上盘水位1.01，下盘水位0.81，欧赔变化不大,上盘,1.01,输,-1.0,-1.0,下盘,0.81,赢,1.0,0.81,否,缺失,Titan价格流；PM/必发/BTTS缺,,3062780,英联杯,英格兰,杯赛,是,True
2026-08-25,英联杯,国内杯赛,普利茅斯 vs 考文垂,2-4,ledger赛果兜底,20260825-TITAN-3062781-盘口快照-不形成模拟,盘口快照-不形成模拟,0.91/-0.75/0.91,-0.75,半球/一球,客队,平衡盘/等待临场确认,客队上盘，让球基本稳定，上盘水位0.91，下盘水位0.91，欧赔变化不大,不计-平衡/无方向,,不计,,,不计,,不计,,,否,缺失,Titan价格流；PM/必发/BTTS缺,,3062781,英联杯,英格兰,杯赛,是,False
2026-08-26,西甲,成年联赛T1,皇家马德里 vs 皇家社会,4-1,ledger赛果兜底,20260826-TITAN-3013649-盘口快照-不形成模拟,盘口快照-不形成模拟,0.85/1.5/1.03,1.5,球半,主队,诱上/阻下,主队上盘，让球加深，上盘水位0.85，下盘水位1.03，欧赔支持上盘,下盘,1.03,输,-1.0,-1.0,上盘,0.85,赢,1.0,0.85,否,缺失,Titan价格流；PM/必发/BTTS缺,,3013649,西甲,西班牙,顶级,是,True
2026-08-26,英联杯,国内杯赛,布拉德福德 vs 伯恩利,0-0,ledger赛果兜底,20260826-TITAN-3062763-盘口快照-不形成模拟,盘口快照-不形成模拟,0.97/-0.25/0.85,-0.25,平手/半球,客队,平衡盘/等待临场确认,客队上盘，让球基本稳定，上盘水位0.85，下盘水位0.97，欧赔变化不大,不计-平衡/无方向,,不计,,,不计,,不计,,,否,缺失,Titan价格流；PM/必发/BTTS缺,,3062763,英联杯,英格兰,杯赛,是,False
2026-08-26,英联杯,国内杯赛,纽卡斯尔联 vs 西布罗姆维奇,3-2,ledger赛果兜底,20260826-TITAN-3062771-盘口快照-不形成模拟,盘口快照-不形成模拟,0.94/1.5/0.88,1.5,球半,主队,真实示强/阻上,主队上盘，让球加深，上盘水位0.94，下盘水位0.88，欧赔变化不大,上盘,0.94,输,-1.0,-1.0,下盘,0.88,赢,1.0,0.88,否,缺失,Titan价格流；PM/必发/BTTS缺,,3062771,英联杯,英格兰,杯赛,是,True
2026-08-26,英联杯,国内杯赛,普雷斯顿 vs 埃弗顿,0-4,ledger赛果兜底,20260826-TITAN-3062773-盘口快照-不形成模拟,盘口快照-不形成模拟,0.92/-1.0/0.9,-1.0,一球,客队,平衡盘/等待临场确认,客队上盘，让球基本稳定，上盘水位0.90，下盘水位0.92，欧赔变化不大,不计-平衡/无方向,,不计,,,不计,,不计,,,否,缺失,Titan价格流；PM/必发/BTTS缺,,3062773,英联杯,英格兰,杯赛,是,False
2026-08-26,英联杯,国内杯赛,托特纳姆热刺 vs 查尔顿,5-1,ledger赛果兜底,20260826-TITAN-3062778-盘口快照-不形成模拟,盘口快照-不形成模拟,1.01/2.0/0.81,2.0,两球,主队,阻上/诱下,主队上盘，让球加深，上盘水位1.01，下盘水位0.81，欧赔变化不大,上盘,1.01,赢,1.0,1.01,下盘,0.81,输,-1.0,-1.0,否,缺失,Titan价格流；PM/必发/BTTS缺,,3062778,英联杯,英格兰,杯赛,是,True
2026-08-27,西甲,成年联赛T1,巴塞罗那 vs 毕尔巴鄂竞技,2-0,ledger赛果兜底,20260827-TITAN-3013644-盘口快照-不形成模拟,盘口快照-不形成模拟,0.87/1.75/1.02,1.75,球半/两球,主队,真实示强/阻上,主队上盘，让球加深，上盘水位0.87，下盘水位1.02，欧赔削弱上盘,上盘,0.87,赢半,0.5,0.435,下盘,1.02,输半,-0.5,-0.5,否,缺失,Titan价格流；PM/必发/BTTS缺,,3013644,西甲,西班牙,顶级,是,True
2026-08-27,西甲,成年联赛T1,塞尔塔 vs 奥萨苏纳,1-2,ledger赛果兜底,20260827-TITAN-3013645-盘口快照-不形成模拟,盘口快照-不形成模拟,0.99/0.5/0.9,0.5,半球,主队,平衡盘/等待临场确认,主队上盘，让球基本稳定，上盘水位0.99，下盘水位0.90，欧赔变化不大,不计-平衡/无方向,,不计,,,不计,,不计,,,否,缺失,Titan价格流；PM/必发/BTTS缺,,3013645,西甲,西班牙,顶级,是,False
2026-08-27,法丙,成年联赛T3,卡昂 vs 巴斯蒂亚,0-1,ledger赛果兜底,20260827-TITAN-3019974-盘口快照-不形成模拟,盘口快照-不形成模拟,0.78/0.25/1.08,0.25,平手/半球,主队,诱上/阻下,主队上盘，让球加深，上盘水位0.78，下盘水位1.08，欧赔削弱上盘,下盘,1.08,赢,1.0,1.08,上盘,0.78,输,-1.0,-1.0,否,缺失,Titan价格流；PM/必发/BTTS缺,,3019974,法丙,法国,次次级,是,True
2026-08-27,英联杯,国内杯赛,切尔西 vs 卢顿,2-0,ledger赛果兜底,20260827-TITAN-3062766-盘口快照-不形成模拟,盘口快照-不形成模拟,0.99/2.25/0.89,2.25,两球/两球半,主队,真实示强/阻上,主队上盘，让球加深，上盘水位0.99，下盘水位0.89，欧赔变化不大,上盘,0.99,输半,-0.5,-0.5,下盘,0.89,赢半,0.5,0.445,否,缺失,Titan价格流；PM/必发/BTTS缺,,3062766,英联杯,英格兰,杯赛,是,True
2026-08-27,英联杯,国内杯赛,富勒姆 vs AFC温布尔登,3-0,ledger赛果兜底,20260827-TITAN-3062769-盘口快照-不形成模拟,盘口快照-不形成模拟,0.91/2.0/0.97,2.0,两球,主队,平衡盘/等待临场确认,主队上盘，让球基本稳定，上盘水位0.91，下盘水位0.97，欧赔变化不大,不计-平衡/无方向,,不计,,,不计,,不计,,,否,缺失,Titan价格流；PM/必发/BTTS缺,,3062769,英联杯,英格兰,杯赛,是,False
2026-08-28,意甲,成年联赛T1,AC米兰 vs 威尼斯,2-0,ledger赛果兜底,20260828-TITAN-2993765-盘口快照-不形成模拟,盘口快照-不形成模拟,0.78/1.0/1.12,1.0,一球,主队,降温保护/诱下,主队上盘，让球退盘，上盘水位0.78，下盘水位1.12，欧赔支持上盘,上盘,0.78,赢,1.0,0.78,下盘,1.12,输,-1.0,-1.0,否,缺失,Titan价格流；PM/必发/BTTS缺,,2993765,意甲,意大利,顶级,是,True
2026-08-28,法甲,成年联赛T1,里尔 vs 巴黎圣日耳曼,2-2,ledger赛果兜底,20260828-TITAN-2995325-盘口快照-不形成模拟,盘口快照-不形成模拟,1.11/-0.75/0.79,-0.75,半球/一球,客队,诱上/阻下,客队上盘，让球基本稳定，上盘水位0.79，下盘水位1.11，欧赔削弱上盘,下盘,1.11,赢,1.0,1.11,上盘,0.79,输,-1.0,-1.0,否,缺失,Titan价格流；PM/必发/BTTS缺,,2995325,法甲,法国,顶级,是,True
2026-08-28,法乙,成年联赛T2,克莱蒙 vs 索肖,0-0,ledger赛果兜底,20260828-TITAN-2997700-盘口快照-不形成模拟,盘口快照-不形成模拟,0.8/0.0/1.08,0.0,平手,客队,阻上/降温保护,客队上盘，让球基本稳定，上盘水位1.08，下盘水位0.80，欧赔支持上盘,不计-候选冲突,,不计,,,不计,,不计,,,否,缺失,Titan价格流；PM/必发/BTTS缺,,2997700,法乙,法国,次级,是,False
2026-08-28,法乙,成年联赛T2,拉瓦勒 vs 格勒诺布尔,0-3,ledger赛果兜底,20260828-TITAN-2997703-盘口快照-不形成模拟,盘口快照-不形成模拟,0.86/0.25/1.02,0.25,平手/半球,主队,阻下/上盘保护,主队上盘，让球基本稳定，上盘水位0.86，下盘水位1.02，欧赔变化不大,上盘,0.86,输,-1.0,-1.0,下盘,1.02,赢,1.0,1.02,否,缺失,Titan价格流；PM/必发/BTTS缺,,2997703,法乙,法国,次级,是,True
2026-08-28,法乙,成年联赛T2,蒙彼利埃 vs 布洛涅,0-0,ledger赛果兜底,20260828-TITAN-2997704-盘口快照-不形成模拟,盘口快照-不形成模拟,1.08/0.75/0.8,0.75,半球/一球,主队,阻上/降温保护,主队上盘，让球基本稳定，上盘水位1.08，下盘水位0.80，欧赔支持上盘,不计-候选冲突,,不计,,,不计,,不计,,,否,缺失,Titan价格流；PM/必发/BTTS缺,,2997704,法乙,法国,次级,是,False
2026-08-28,法乙,成年联赛T2,南锡 vs USL敦刻尔克,2-0,ledger赛果兜底,20260828-TITAN-2997705-盘口快照-不形成模拟,盘口快照-不形成模拟,0.86/0.0/1.02,0.0,平手,主队,阻下/上盘保护,主队上盘，让球基本稳定，上盘水位0.86，下盘水位1.02，欧赔变化不大,上盘,0.86,赢,1.0,0.86,下盘,1.02,输,-1.0,-1.0,否,缺失,Titan价格流；PM/必发/BTTS缺,,2997705,法乙,法国,次级,是,True
2026-08-28,法乙,成年联赛T2,罗德兹 vs 波城,2-2,ledger赛果兜底,20260828-TITAN-2997707-盘口快照-不形成模拟,盘口快照-不形成模拟,1.02/0.75/0.86,0.75,半球/一球,主队,阻上/降温保护,主队上盘，让球基本稳定，上盘水位1.02，下盘水位0.86，欧赔变化不大,不计-候选冲突,,不计,,,不计,,不计,,,否,缺失,Titan价格流；PM/必发/BTTS缺,,2997707,法乙,法国,次级,是,False
2026-08-28,英超,成年联赛T1,水晶宫 vs 曼彻斯特城,1-4,ledger赛果兜底,20260828-TITAN-3003863-盘口快照-不形成模拟,盘口快照-不形成模拟,1.05/-0.75/0.84,-0.75,半球/一球,客队,降温保护/诱下,客队上盘，让球退盘，上盘水位0.84，下盘水位1.05，欧赔变化不大,上盘,0.84,赢,1.0,0.84,下盘,1.05,输,-1.0,-1.0,否,缺失,Titan价格流；PM/必发/BTTS缺,,3003863,英超,英格兰,顶级,是,True
2026-08-28,英冠,成年联赛T2,雷克瑟姆 vs 伯明翰,1-2,ledger赛果兜底,20260828-TITAN-3008187-盘口快照-不形成模拟,盘口快照-不形成模拟,0.9/0.25/0.98,0.25,平手/半球,主队,平衡盘/等待临场确认,主队上盘，让球基本稳定，上盘水位0.90，下盘水位0.98，欧赔削弱上盘,不计-平衡/无方向,,不计,,,不计,,不计,,,否,缺失,Titan价格流；PM/必发/BTTS缺,,3008187,英冠,英格兰,次级,是,False
2026-08-28,西甲,成年联赛T1,阿拉维斯 vs 比利亚雷亚尔,1-0,ledger赛果兜底,20260828-TITAN-3013662-盘口快照-不形成模拟,盘口快照-不形成模拟,0.96/-0.25/0.93,-0.25,平手/半球,客队,平衡盘/等待临场确认,客队上盘，让球基本稳定，上盘水位0.93，下盘水位0.96，欧赔削弱上盘,不计-平衡/无方向,,不计,,,不计,,不计,,,否,缺失,Titan价格流；PM/必发/BTTS缺,,3013662,西甲,西班牙,顶级,是,False
2026-08-28,西甲,成年联赛T1,桑坦德竞技 vs 埃尔切,3-2,ledger赛果兜底,20260828-TITAN-3013668-盘口快照-不形成模拟,盘口快照-不形成模拟,1.06/0.5/0.83,0.5,半球,主队,阻上/诱下,主队上盘，让球加深，上盘水位1.06，下盘水位0.83，欧赔削弱上盘,上盘,1.06,赢,1.0,1.06,下盘,0.83,输,-1.0,-1.0,否,缺失,Titan价格流；PM/必发/BTTS缺,,3013668,西甲,西班牙,顶级,是,True
2026-08-28,西乙,成年联赛T2,特内里费 vs 希洪竞技,0-1,ledger赛果兜底,20260828-TITAN-3014053-盘口快照-不形成模拟,盘口快照-不形成模拟,0.98/0.25/0.91,0.25,平手/半球,主队,平衡盘/等待临场确认,主队上盘，让球基本稳定，上盘水位0.98，下盘水位0.91，欧赔支持上盘,不计-平衡/无方向,,不计,,,不计,,不计,,,否,缺失,Titan价格流；PM/必发/BTTS缺,,3014053,西乙,西班牙,次级,是,False
2026-08-28,西协甲,成年联赛T3,卡些连奴 vs 米兰德斯,1-0,ledger赛果兜底,20260828-TITAN-3014486-盘口快照-不形成模拟,盘口快照-不形成模拟,0.76/-0.25/1.06,-0.25,平手/半球,客队,阻上/诱下,客队上盘，让球加深，上盘水位1.06，下盘水位0.76，欧赔变化不大,上盘,1.06,输,-1.0,-1.0,下盘,0.76,赢,1.0,0.76,否,缺失,Titan价格流；PM/必发/BTTS缺,,3014486,西协甲,西班牙,次次级,是,True
2026-08-28,西协甲,成年联赛T3,皇家阿维勒斯 vs 庞特贝德拉,0-1,ledger赛果兜底,20260828-TITAN-3014489-盘口快照-不形成模拟,盘口快照-不形成模拟,0.72/0.0/1.11,0.0,平手,客队,阻上/降温保护,客队上盘，让球基本稳定，上盘水位1.11，下盘水位0.72，欧赔支持上盘,不计-候选冲突,,不计,,,不计,,不计,,,否,缺失,Titan价格流；PM/必发/BTTS缺,,3014489,西协甲,西班牙,次次级,是,False
2026-08-28,德甲,成年联赛T1,拜仁慕尼黑 vs 斯图加特,5-1,ledger赛果兜底,20260828-TITAN-3018786-盘口快照-不形成模拟,盘口快照-不形成模拟,1.03/2.25/0.86,2.25,两球/两球半,主队,阻上/诱下,主队上盘，让球加深，上盘水位1.03，下盘水位0.86，欧赔变化不大,上盘,1.03,赢,1.0,1.03,下盘,0.86,输,-1.0,-1.0,否,缺失,Titan价格流；PM/必发/BTTS缺,,3018786,德甲,德国,顶级,是,True
2026-08-28,德乙,成年联赛T2,波鸿 vs 奥斯纳布鲁克,0-1,ledger赛果兜底,20260828-TITAN-3019110-盘口快照-不形成模拟,盘口快照-不形成模拟,1.01/0.75/0.88,0.75,半球/一球,主队,平衡盘/等待临场确认,主队上盘，让球基本稳定，上盘水位1.01，下盘水位0.88，欧赔支持上盘,不计-平衡/无方向,,不计,,,不计,,不计,,,否,缺失,Titan价格流；PM/必发/BTTS缺,,3019110,德乙,德国,次级,是,False
2026-08-28,德乙,成年联赛T2,布伦瑞克 vs 柏林赫塔,3-5,ledger赛果兜底,20260828-TITAN-3019111-盘口快照-不形成模拟,盘口快照-不形成模拟,0.79/-0.25/1.11,-0.25,平手/半球,客队,阻上/诱下,客队上盘，让球加深，上盘水位1.11，下盘水位0.79，欧赔削弱上盘,上盘,1.11,赢,1.0,1.11,下盘,0.79,输,-1.0,-1.0,否,缺失,Titan价格流；PM/必发/BTTS缺,,3019111,德乙,德国,次级,是,True
2026-08-28,意乙,成年联赛T2,克雷莫纳 vs 摩德纳,0-3,ledger赛果兜底,20260828-TITAN-3040719-盘口快照-不形成模拟,盘口快照-不形成模拟,0.98/0.25/0.9,0.25,平手/半球,主队,降温保护/诱下,主队上盘，让球退盘，上盘水位0.98，下盘水位0.90，欧赔支持上盘,上盘,0.98,输,-1.0,-1.0,下盘,0.9,赢,1.0,0.9,否,缺失,Titan价格流；PM/必发/BTTS缺,,3040719,意乙,意大利,次级,是,True
2026-08-28,意丙,成年联赛T3,皮阿尼斯 vs 瓦多,0-0,ledger赛果兜底,20260828-TITAN-3050895-盘口快照-不形成模拟,盘口快照-不形成模拟,0.94/0.25/0.88,0.25,平手/半球,主队,平衡盘/等待临场确认,主队上盘，让球基本稳定，上盘水位0.94，下盘水位0.88，欧赔变化不大,不计-平衡/无方向,,不计,,,不计,,不计,,,否,缺失,Titan价格流；PM/必发/BTTS缺,,3050895,意丙,意大利,次次级,是,False
2026-08-28,意丙,成年联赛T3,巴勒塔 vs 巴里,3-0,ledger赛果兜底,20260828-TITAN-3051271-盘口快照-不形成模拟,盘口快照-不形成模拟,0.78/-0.25/1.04,-0.25,平手/半球,客队,阻上/降温保护,客队上盘，让球基本稳定，上盘水位1.04，下盘水位0.78，欧赔支持上盘,不计-候选冲突,,不计,,,不计,,不计,,,否,缺失,Titan价格流；PM/必发/BTTS缺,,3051271,意丙,意大利,次次级,是,False
2026-08-28,意丙,成年联赛T3,卡萨拉诺 vs 久加连奴,4-3,ledger赛果兜底,20260828-TITAN-3051272-盘口快照-不形成模拟,盘口快照-不形成模拟,0.7/0.25/1.13,0.25,平手/半球,主队,诱上/阻下,主队上盘，让球基本稳定，上盘水位0.70，下盘水位1.13，欧赔变化不大,下盘,1.13,输,-1.0,-1.0,上盘,0.7,赢,1.0,0.7,否,缺失,Titan价格流；PM/必发/BTTS缺,,3051272,意丙,意大利,次次级,是,True
2026-08-28,意丙,成年联赛T3,卡维塞 vs 切里尼奥拉,3-1,ledger赛果兜底,20260828-TITAN-3051273-盘口快照-不形成模拟,盘口快照-不形成模拟,0.87/0.0/0.95,0.0,平手,主队,平衡盘/等待临场确认,主队上盘，让球基本稳定，上盘水位0.87，下盘水位0.95，欧赔变化不大,不计-平衡/无方向,,不计,,,不计,,不计,,,否,缺失,Titan价格流；PM/必发/BTTS缺,,3051273,意丙,意大利,次次级,是,False
2026-08-28,意丙,成年联赛T3,斯卡法塔森 vs AZ皮切尔诺,0-2,ledger赛果兜底,20260828-TITAN-3051279-盘口快照-不形成模拟,盘口快照-不形成模拟,0.84/0.25/0.98,0.25,平手/半球,主队,诱上/阻下,主队上盘，让球基本稳定，上盘水位0.84，下盘水位0.98，欧赔削弱上盘,下盘,0.98,赢,1.0,0.98,上盘,0.84,输,-1.0,-1.0,否,缺失,Titan价格流；PM/必发/BTTS缺,,3051279,意丙,意大利,次次级,是,True
2026-08-29,意甲,成年联赛T1,佛罗伦萨 vs 弗洛西诺尼,0-3,ledger赛果兜底,20260829-TITAN-2993768-盘口快照-不形成模拟,盘口快照-不形成模拟,0.82/0.75/1.07,0.75,半球/一球,主队,诱上/阻下,主队上盘，让球基本稳定，上盘水位0.82，下盘水位1.07，欧赔变化不大,下盘,1.07,赢,1.0,1.07,上盘,0.82,输,-1.0,-1.0,否,缺失,Titan价格流；PM/必发/BTTS缺,,2993768,意甲,意大利,顶级,是,True
2026-08-29,意甲,成年联赛T1,尤文图斯 vs 帕尔马,2-0,ledger赛果兜底,20260829-TITAN-2993769-盘口快照-不形成模拟,盘口快照-不形成模拟,1.01/1.75/0.88,1.75,球半/两球,主队,平衡盘/等待临场确认,主队上盘，让球基本稳定，上盘水位1.01，下盘水位0.88，欧赔变化不大,不计-平衡/无方向,,不计,,,不计,,不计,,,否,缺失,Titan价格流；PM/必发/BTTS缺,,2993769,意甲,意大利,顶级,是,False
2026-08-29,意甲,成年联赛T1,蒙扎 vs 乌迪内斯,2-3,ledger赛果兜底,20260829-TITAN-2993772-盘口快照-不形成模拟,盘口快照-不形成模拟,0.77/-0.25/1.13,-0.25,平手/半球,客队,阻上/降温保护,客队上盘，让球基本稳定，上盘水位1.13，下盘水位0.77，欧赔支持上盘,不计-候选冲突,,不计,,,不计,,不计,,,否,缺失,Titan价格流；PM/必发/BTTS缺,,2993772,意甲,意大利,顶级,是,False
2026-08-29,意甲,成年联赛T1,萨索洛 vs 都灵,2-1,ledger赛果兜底,20260829-TITAN-2993774-盘口快照-不形成模拟,盘口快照-不形成模拟,1.0/0.25/0.89,0.25,平手/半球,主队,平衡盘/等待临场确认,主队上盘，让球基本稳定，上盘水位1.00，下盘水位0.89，欧赔变化不大,不计-平衡/无方向,,不计,,,不计,,不计,,,否,缺失,Titan价格流；PM/必发/BTTS缺,,2993774,意甲,意大利,顶级,是,False
2026-08-29,法甲,成年联赛T1,欧塞尔 vs 昂热,1-3,ledger赛果兜底,20260829-TITAN-2995317-盘口快照-不形成模拟,盘口快照-不形成模拟,1.03/0.5/0.86,0.5,半球,主队,阻上/降温保护,主队上盘，让球基本稳定，上盘水位1.03，下盘水位0.86，欧赔支持上盘,不计-候选冲突,,不计,,,不计,,不计,,,否,缺失,Titan价格流；PM/必发/BTTS缺,,2995317,法甲,法国,顶级,是,False
2026-08-29,法甲,成年联赛T1,布雷斯特 vs 图卢兹,2-2,ledger赛果兜底,20260829-TITAN-2995318-盘口快照-不形成模拟,盘口快照-不形成模拟,0.94/0.0/0.95,0.0,平手,未判定,平衡盘/等待临场确认,两边接近，让球基本稳定，上盘水位0.94，下盘水位0.95，欧赔方向未确认,不计-上盘无法确定,,不计,,,不计,,不计,,,否,缺失,Titan价格流；PM/必发/BTTS缺,,2995318,法甲,法国,顶级,是,False
2026-08-29,法甲,成年联赛T1,洛里昂 vs 特鲁瓦,1-2,ledger赛果兜底,20260829-TITAN-2995319-盘口快照-不形成模拟,盘口快照-不形成模拟,0.87/0.5/1.02,0.5,半球,主队,阻下/上盘保护,主队上盘，让球基本稳定，上盘水位0.87，下盘水位1.02，欧赔变化不大,上盘,0.87,输,-1.0,-1.0,下盘,1.02,赢,1.0,1.02,否,缺失,Titan价格流；PM/必发/BTTS缺,,2995319,法甲,法国,顶级,是,True
2026-08-29,法甲,成年联赛T1,里昂 vs 勒阿弗尔,1-1,ledger赛果兜底,20260829-TITAN-2995320-盘口快照-不形成模拟,盘口快照-不形成模拟,1.07/1.25/0.82,1.25,一球/球半,主队,阻上/降温保护,主队上盘，让球基本稳定，上盘水位1.07，下盘水位0.82，欧赔变化不大,不计-候选冲突,,不计,,,不计,,不计,,,否,缺失,Titan价格流；PM/必发/BTTS缺,,2995320,法甲,法国,顶级,是,False
2026-08-29,法甲,成年联赛T1,斯特拉斯堡 vs 朗斯,2-1,ledger赛果兜底,20260829-TITAN-2995324-盘口快照-不形成模拟,盘口快照-不形成模拟,0.85/-0.5/1.04,-0.5,半球,客队,阻上/诱下,客队上盘，让球加深，上盘水位1.04，下盘水位0.85，欧赔削弱上盘,上盘,1.04,输,-1.0,-1.0,下盘,0.85,赢,1.0,0.85,否,缺失,Titan价格流；PM/必发/BTTS缺,,2995324,法甲,法国,顶级,是,True
2026-08-29,法乙,成年联赛T2,阿纳西 vs 梅斯,1-1,ledger赛果兜底,20260829-TITAN-2997699-盘口快照-不形成模拟,盘口快照-不形成模拟,0.9/0.0/0.98,0.0,平手,主队,平衡盘/等待临场确认,主队上盘，让球基本稳定，上盘水位0.90，下盘水位0.98，欧赔支持上盘,不计-平衡/无方向,,不计,,,不计,,不计,,,否,缺失,Titan价格流；PM/必发/BTTS缺,,2997699,法乙,法国,次级,是,False
2026-08-29,法乙,成年联赛T2,甘冈 vs 南特,3-3,ledger赛果兜底,20260829-TITAN-2997702-盘口快照-不形成模拟,盘口快照-不形成模拟,1.04/0.0/0.84,0.0,平手,客队,降温保护/诱下,客队上盘，让球退盘，上盘水位0.84，下盘水位1.04，欧赔支持上盘,上盘,0.84,走,0.0,0.0,下盘,1.04,走,-0.0,0.0,否,缺失,Titan价格流；PM/必发/BTTS缺,,2997702,法乙,法国,次级,是,True
2026-08-29,法乙,成年联赛T2,红星 vs 兰斯,1-4,ledger赛果兜底,20260829-TITAN-2997706-盘口快照-不形成模拟,盘口快照-不形成模拟,0.8/-0.25/1.08,-0.25,平手/半球,客队,阻上/诱下,客队上盘，让球加深，上盘水位1.08，下盘水位0.80，欧赔削弱上盘,上盘,1.08,赢,1.0,1.08,下盘,0.8,输,-1.0,-1.0,否,缺失,Titan价格流；PM/必发/BTTS缺,,2997706,法乙,法国,次级,是,True
2026-08-29,英超,成年联赛T1,伯恩茅斯 vs 埃弗顿,1-1,ledger赛果兜底,20260829-TITAN-3003859-盘口快照-不形成模拟,盘口快照-不形成模拟,1.08/0.5/0.81,0.5,半球,主队,阻上/降温保护,主队上盘，让球基本稳定，上盘水位1.08，下盘水位0.81，欧赔支持上盘,不计-候选冲突,,不计,,,不计,,不计,,,否,缺失,Titan价格流；PM/必发/BTTS缺,,3003859,英超,英格兰,顶级,是,False
2026-08-29,英超,成年联赛T1,考文垂 vs 赫尔城,0-1,ledger赛果兜底,20260829-TITAN-3003862-盘口快照-不形成模拟,盘口快照-不形成模拟,1.03/0.75/0.86,0.75,半球/一球,主队,阻上/诱下,主队上盘，让球加深，上盘水位1.03，下盘水位0.86，欧赔削弱上盘,上盘,1.03,输,-1.0,-1.0,下盘,0.86,赢,1.0,0.86,否,缺失,Titan价格流；PM/必发/BTTS缺,,3003862,英超,英格兰,顶级,是,True
2026-08-29,英超,成年联赛T1,利物浦 vs 诺丁汉森林,2-2,ledger赛果兜底,20260829-TITAN-3003865-盘口快照-不形成模拟,盘口快照-不形成模拟,1.05/1.25/0.84,1.25,一球/球半,主队,阻上/降温保护,主队上盘，让球基本稳定，上盘水位1.05，下盘水位0.84，欧赔变化不大,不计-候选冲突,,不计,,,不计,,不计,,,否,缺失,Titan价格流；PM/必发/BTTS缺,,3003865,英超,英格兰,顶级,是,False
2026-08-29,英超,成年联赛T1,托特纳姆热刺 vs 纽卡斯尔联,0-2,ledger赛果兜底,20260829-TITAN-3003868-盘口快照-不形成模拟,盘口快照-不形成模拟,0.91/0.25/0.98,0.25,平手/半球,主队,平衡盘/等待临场确认,主队上盘，让球基本稳定，上盘水位0.91，下盘水位0.98，欧赔变化不大,不计-平衡/无方向,,不计,,,不计,,不计,,,否,缺失,Titan价格流；PM/必发/BTTS缺,,3003868,英超,英格兰,顶级,是,False
2026-08-29,英甲,成年联赛T3,布莱克浦 vs 彼得堡联,4-0,ledger赛果兜底,20260829-TITAN-3007056-盘口快照-不形成模拟,盘口快照-不形成模拟,1.0/0.75/0.82,0.75,半球/一球,主队,诱下/上盘降温,主队上盘，让球基本稳定，上盘水位1.00，下盘水位0.82，欧赔变化不大,上盘,1.0,赢,1.0,1.0,下盘,0.82,输,-1.0,-1.0,否,缺失,Titan价格流；PM/必发/BTTS缺,,3007056,英甲,英格兰,次次级,是,True
2026-08-29,英甲,成年联赛T3,剑桥联 vs 哈德斯菲尔德,1-2,ledger赛果兜底,20260829-TITAN-3007057-盘口快照-不形成模拟,盘口快照-不形成模拟,1.04/0.0/0.78,0.0,平手,客队,诱上/阻下,客队上盘，让球基本稳定，上盘水位0.78，下盘水位1.04，欧赔变化不大,下盘,1.04,输,-1.0,-1.0,上盘,0.78,赢,1.0,0.78,否,缺失,Titan价格流；PM/必发/BTTS缺,,3007057,英甲,英格兰,次次级,是,True
2026-08-29,英甲,成年联赛T3,莱顿东方 vs 巴恩斯利,1-3,ledger赛果兜底,20260829-TITAN-3007058-盘口快照-不形成模拟,盘口快照-不形成模拟,0.94/0.25/0.88,0.25,平手/半球,主队,平衡盘/等待临场确认,主队上盘，让球基本稳定，上盘水位0.94，下盘水位0.88，欧赔变化不大,不计-平衡/无方向,,不计,,,不计,,不计,,,否,缺失,Titan价格流；PM/必发/BTTS缺,,3007058,英甲,英格兰,次次级,是,False
2026-08-29,英甲,成年联赛T3,米尔顿凯恩斯 vs 莱斯特城,0-0,ledger赛果兜底,20260829-TITAN-3007060-盘口快照-不形成模拟,盘口快照-不形成模拟,0.8/0.0/1.02,0.0,平手,客队,降温保护/诱下,客队上盘，让球退盘，上盘水位1.02，下盘水位0.80，欧赔支持上盘,上盘,1.02,走,0.0,0.0,下盘,0.8,走,-0.0,0.0,否,缺失,Titan价格流；PM/必发/BTTS缺,,3007060,英甲,英格兰,次次级,是,True
2026-08-29,英甲,成年联赛T3,诺茨郡 vs 伯顿,2-1,ledger赛果兜底,20260829-TITAN-3007061-盘口快照-不形成模拟,盘口快照-不形成模拟,0.98/0.25/0.84,0.25,平手/半球,主队,诱下/上盘降温,主队上盘，让球基本稳定，上盘水位0.98，下盘水位0.84，欧赔变化不大,上盘,0.98,赢,1.0,0.98,下盘,0.84,输,-1.0,-1.0,否,缺失,Titan价格流；PM/必发/BTTS缺,,3007061,英甲,英格兰,次次级,是,True
2026-08-29,英甲,成年联赛T3,普利茅斯 vs 布拉德福德,2-0,ledger赛果兜底,20260829-TITAN-3007063-盘口快照-不形成模拟,盘口快照-不形成模拟,0.9/0.25/0.92,0.25,平手/半球,主队,平衡盘/等待临场确认,主队上盘，让球基本稳定，上盘水位0.90，下盘水位0.92，欧赔变化不大,不计-平衡/无方向,,不计,,,不计,,不计,,,否,缺失,Titan价格流；PM/必发/BTTS缺,,3007063,英甲,英格兰,次次级,是,False
2026-08-29,英甲,成年联赛T3,谢周三 vs 布罗姆利,7-2,ledger赛果兜底,20260829-TITAN-3007064-盘口快照-不形成模拟,盘口快照-不形成模拟,0.84/0.5/0.98,0.5,半球,主队,诱上/阻下,主队上盘，让球基本稳定，上盘水位0.84，下盘水位0.98，欧赔变化不大,下盘,0.98,输,-1.0,-1.0,上盘,0.84,赢,1.0,0.84,否,缺失,Titan价格流；PM/必发/BTTS缺,,3007064,英甲,英格兰,次次级,是,True
2026-08-29,英甲,成年联赛T3,斯蒂文尼奇 vs 唐卡斯特,2-2,ledger赛果兜底,20260829-TITAN-3007065-盘口快照-不形成模拟,盘口快照-不形成模拟,1.0/0.25/0.82,0.25,平手/半球,主队,诱下/上盘降温,主队上盘，让球基本稳定，上盘水位1.00，下盘水位0.82，欧赔支持上盘,上盘,1.0,输半,-0.5,-0.5,下盘,0.82,赢半,0.5,0.41,否,缺失,Titan价格流；PM/必发/BTTS缺,,3007065,英甲,英格兰,次次级,是,True
2026-08-29,英甲,成年联赛T3,斯托克港 vs 韦康比流浪者,5-1,ledger赛果兜底,20260829-TITAN-3007066-盘口快照-不形成模拟,盘口快照-不形成模拟,0.88/0.5/0.94,0.5,半球,主队,平衡盘/等待临场确认,主队上盘，让球基本稳定，上盘水位0.88，下盘水位0.94，欧赔变化不大,不计-平衡/无方向,,不计,,,不计,,不计,,,否,缺失,Titan价格流；PM/必发/BTTS缺,,3007066,英甲,英格兰,次次级,是,False
2026-08-29,英冠,成年联赛T2,布莱克本 vs 女王公园巡游者,1-2,ledger赛果兜底,20260829-TITAN-3008176-盘口快照-不形成模拟,盘口快照-不形成模拟,1.09/0.25/0.79,0.25,平手/半球,主队,阻上/降温保护,主队上盘，让球基本稳定，上盘水位1.09，下盘水位0.79，欧赔支持上盘,不计-候选冲突,,不计,,,不计,,不计,,,否,缺失,Titan价格流；PM/必发/BTTS缺,,3008176,英冠,英格兰,次级,是,False
2026-08-29,英冠,成年联赛T2,博尔顿 vs 林肯城,0-1,ledger赛果兜底,20260829-TITAN-3008177-盘口快照-不形成模拟,盘口快照-不形成模拟,0.79/0.0/1.09,0.0,平手,主队,降温保护/诱下,主队上盘，让球退盘，上盘水位0.79，下盘水位1.09，欧赔变化不大,上盘,0.79,输,-1.0,-1.0,下盘,1.09,赢,1.0,1.09,否,缺失,Titan价格流；PM/必发/BTTS缺,,3008177,英冠,英格兰,次级,是,True
2026-08-29,英冠,成年联赛T2,布里斯托城 vs 朴茨茅斯,2-1,ledger赛果兜底,20260829-TITAN-3008178-盘口快照-不形成模拟,盘口快照-不形成模拟,0.94/0.25/0.94,0.25,平手/半球,主队,平衡盘/等待临场确认,主队上盘，让球基本稳定，上盘水位0.94，下盘水位0.94，欧赔变化不大,不计-平衡/无方向,,不计,,,不计,,不计,,,否,缺失,Titan价格流；PM/必发/BTTS缺,,3008178,英冠,英格兰,次级,是,False
2026-08-29,英冠,成年联赛T2,查尔顿 vs 普雷斯顿,1-0,ledger赛果兜底,20260829-TITAN-3008179-盘口快照-不形成模拟,盘口快照-不形成模拟,0.82/0.25/1.06,0.25,平手/半球,主队,诱上/阻下,主队上盘，让球基本稳定，上盘水位0.82，下盘水位1.06，欧赔变化不大,下盘,1.06,输,-1.0,-1.0,上盘,0.82,赢,1.0,0.82,否,缺失,Titan价格流；PM/必发/BTTS缺,,3008179,英冠,英格兰,次级,是,True
2026-08-29,英冠,成年联赛T2,米德尔斯堡 vs 西布罗姆维奇,3-1,ledger赛果兜底,20260829-TITAN-3008180-盘口快照-不形成模拟,盘口快照-不形成模拟,0.98/0.75/0.9,0.75,半球/一球,主队,平衡盘/等待临场确认,主队上盘，让球基本稳定，上盘水位0.98，下盘水位0.90，欧赔变化不大,不计-平衡/无方向,,不计,,,不计,,不计,,,否,缺失,Titan价格流；PM/必发/BTTS缺,,3008180,英冠,英格兰,次级,是,False
2026-08-29,英冠,成年联赛T2,诺维奇 vs 伯恩利,4-1,ledger赛果兜底,20260829-TITAN-3008181-盘口快照-不形成模拟,盘口快照-不形成模拟,0.96/0.25/0.92,0.25,平手/半球,主队,平衡盘/等待临场确认,主队上盘，让球基本稳定，上盘水位0.96，下盘水位0.92，欧赔削弱上盘,不计-平衡/无方向,,不计,,,不计,,不计,,,否,缺失,Titan价格流；PM/必发/BTTS缺,,3008181,英冠,英格兰,次级,是,False
2026-08-29,英冠,成年联赛T2,南安普敦 vs 米尔沃尔,5-1,ledger赛果兜底,20260829-TITAN-3008182-盘口快照-不形成模拟,盘口快照-不形成模拟,1.02/0.5/0.86,0.5,半球,主队,阻上/降温保护,主队上盘，让球基本稳定，上盘水位1.02，下盘水位0.86，欧赔支持上盘,不计-候选冲突,,不计,,,不计,,不计,,,否,缺失,Titan价格流；PM/必发/BTTS缺,,3008182,英冠,英格兰,次级,是,False
2026-08-29,英冠,成年联赛T2,沃特福德 vs 西汉姆联,1-1,ledger赛果兜底,20260829-TITAN-3008183-盘口快照-不形成模拟,盘口快照-不形成模拟,1.03/-0.5/0.85,-0.5,半球,客队,阻下/上盘保护,客队上盘，让球基本稳定，上盘水位0.85，下盘水位1.03，欧赔变化不大,上盘,0.85,输,-1.0,-1.0,下盘,1.03,赢,1.0,1.03,否,缺失,Titan价格流；PM/必发/BTTS缺,,3008183,英冠,英格兰,次级,是,True
2026-08-29,英冠,成年联赛T2,狼队 vs 斯托克城,4-1,ledger赛果兜底,20260829-TITAN-3008184-盘口快照-不形成模拟,盘口快照-不形成模拟,0.97/1.0/0.91,1.0,一球,主队,降温保护/诱下,主队上盘，让球退盘，上盘水位0.97，下盘水位0.91，欧赔支持上盘,上盘,0.97,赢,1.0,0.97,下盘,0.91,输,-1.0,-1.0,否,缺失,Titan价格流；PM/必发/BTTS缺,,3008184,英冠,英格兰,次级,是,True
2026-08-29,英冠,成年联赛T2,卡迪夫城 vs 谢菲尔德联队,2-2,ledger赛果兜底,20260829-TITAN-3008185-盘口快照-不形成模拟,盘口快照-不形成模拟,0.81/-0.25/1.07,-0.25,平手/半球,客队,阻上/诱下,客队上盘，让球加深，上盘水位1.07，下盘水位0.81，欧赔削弱上盘,上盘,1.07,输半,-0.5,-0.5,下盘,0.81,赢半,0.5,0.405,否,缺失,Titan价格流；PM/必发/BTTS缺,,3008185,英冠,英格兰,次级,是,True
2026-08-29,英冠,成年联赛T2,德比郡 vs 斯旺西,0-3,ledger赛果兜底,20260829-TITAN-3008186-盘口快照-不形成模拟,盘口快照-不形成模拟,1.0/0.25/0.88,0.25,平手/半球,主队,平衡盘/等待临场确认,主队上盘，让球基本稳定，上盘水位1.00，下盘水位0.88，欧赔支持上盘,不计-平衡/无方向,,不计,,,不计,,不计,,,否,缺失,Titan价格流；PM/必发/BTTS缺,,3008186,英冠,英格兰,次级,是,False
2026-08-29,西甲,成年联赛T1,莱万特 vs 皇家贝蒂斯,5-2,ledger赛果兜底,20260829-TITAN-3013666-盘口快照-不形成模拟,盘口快照-不形成模拟,0.98/-0.25/0.91,-0.25,平手/半球,客队,平衡盘/等待临场确认,客队上盘，让球基本稳定，上盘水位0.91，下盘水位0.98，欧赔削弱上盘,不计-平衡/无方向,,不计,,,不计,,不计,,,否,缺失,Titan价格流；PM/必发/BTTS缺,,3013666,西甲,西班牙,顶级,是,False
2026-08-29,西甲,成年联赛T1,皇家社会 vs 西班牙人,2-1,ledger赛果兜底,20260829-TITAN-3013670-盘口快照-不形成模拟,盘口快照-不形成模拟,1.04/0.75/0.85,0.75,半球/一球,主队,阻上/诱下,主队上盘，让球加深，上盘水位1.04，下盘水位0.85，欧赔变化不大,上盘,1.04,赢半,0.5,0.52,下盘,0.85,输半,-0.5,-0.5,否,缺失,Titan价格流；PM/必发/BTTS缺,,3013670,西甲,西班牙,顶级,是,True
2026-08-29,西甲,成年联赛T1,塞维利亚 vs 马德里竞技,1-3,ledger赛果兜底,20260829-TITAN-3013671-盘口快照-不形成模拟,盘口快照-不形成模拟,0.81/-0.5/1.08,-0.5,半球,客队,阻上/降温保护,客队上盘，让球基本稳定，上盘水位1.08，下盘水位0.81，欧赔削弱上盘,不计-候选冲突,,不计,,,不计,,不计,,,否,缺失,Titan价格流；PM/必发/BTTS缺,,3013671,西甲,西班牙,顶级,是,False
2026-08-29,西乙,成年联赛T2,阿尔巴塞特 vs 皇家奥维耶多,0-1,ledger赛果兜底,20260829-TITAN-3014044-盘口快照-不形成模拟,盘口快照-不形成模拟,1.12/0.25/0.78,0.25,平手/半球,主队,阻上/降温保护,主队上盘，让球基本稳定，上盘水位1.12，下盘水位0.78，欧赔变化不大,不计-候选冲突,,不计,,,不计,,不计,,,否,缺失,Titan价格流；PM/必发/BTTS缺,,3014044,西乙,西班牙,次级,是,False
2026-08-29,西乙,成年联赛T2,赫罗纳 vs 拉斯帕尔马斯,5-2,ledger赛果兜底,20260829-TITAN-3014049-盘口快照-不形成模拟,盘口快照-不形成模拟,0.98/0.75/0.91,0.75,半球/一球,主队,平衡盘/等待临场确认,主队上盘，让球基本稳定，上盘水位0.98，下盘水位0.91，欧赔变化不大,不计-平衡/无方向,,不计,,,不计,,不计,,,否,缺失,Titan价格流；PM/必发/BTTS缺,,3014049,西乙,西班牙,次级,是,False
2026-08-29,西乙,成年联赛T2,莱加内斯 vs 埃登斯,1-0,ledger赛果兜底,20260829-TITAN-3014050-盘口快照-不形成模拟,盘口快照-不形成模拟,0.96/0.5/0.93,0.5,半球,主队,平衡盘/等待临场确认,主队上盘，让球基本稳定，上盘水位0.96，下盘水位0.93，欧赔削弱上盘,不计-平衡/无方向,,不计,,,不计,,不计,,,否,缺失,Titan价格流；PM/必发/BTTS缺,,3014050,西乙,西班牙,次级,是,False
2026-08-29,西乙,成年联赛T2,萨瓦德尔 vs 阿尔梅里亚,1-0,ledger赛果兜底,20260829-TITAN-3014052-盘口快照-不形成模拟,盘口快照-不形成模拟,0.85/0.0/1.04,0.0,平手,客队,阻上/降温保护,客队上盘，让球基本稳定，上盘水位1.04，下盘水位0.85，欧赔支持上盘,不计-候选冲突,,不计,,,不计,,不计,,,否,缺失,Titan价格流；PM/必发/BTTS缺,,3014052,西乙,西班牙,次级,是,False
2026-08-29,西协甲,成年联赛T3,亚勒那斯 vs 费罗尔竞技,1-1,ledger赛果兜底,20260829-TITAN-3014484-盘口快照-不形成模拟,盘口快照-不形成模拟,0.79/0.0/1.03,0.0,平手,主队,诱上/阻下,主队上盘，让球基本稳定，上盘水位0.79，下盘水位1.03，欧赔变化不大,下盘,1.03,走,-0.0,0.0,上盘,0.79,走,0.0,0.0,否,缺失,Titan价格流；PM/必发/BTTS缺,,3014484,西协甲,西班牙,次次级,是,True
2026-08-29,西协甲,成年联赛T3,梅里达AD vs 拉科鲁尼亚B队,1-0,ledger赛果兜底,20260829-TITAN-3014487-盘口快照-不形成模拟,盘口快照-不形成模拟,0.94/0.25/0.88,0.25,平手/半球,主队,平衡盘/等待临场确认,主队上盘，让球基本稳定，上盘水位0.94，下盘水位0.88，欧赔变化不大,不计-平衡/无方向,,不计,,,不计,,不计,,,否,缺失,Titan价格流；PM/必发/BTTS缺,,3014487,西协甲,西班牙,次次级,是,False
2026-08-29,西协甲,成年联赛T3,UD欧云斯 vs 邦弗拉甸拿,0-1,ledger赛果兜底,20260829-TITAN-3014488-盘口快照-不形成模拟,盘口快照-不形成模拟,0.91/0.0/0.91,0.0,平手,主队,平衡盘/等待临场确认,主队上盘，让球基本稳定，上盘水位0.91，下盘水位0.91，欧赔变化不大,不计-平衡/无方向,,不计,,,不计,,不计,,,否,缺失,Titan价格流；PM/必发/BTTS缺,,3014488,西协甲,西班牙,次次级,是,False
2026-08-29,西协甲,成年联赛T3,萨莫拉 vs 毕尔巴鄂竞技B队,1-1,ledger赛果兜底,20260829-TITAN-3014493-盘口快照-不形成模拟,盘口快照-不形成模拟,0.96/0.5/0.86,0.5,半球,主队,平衡盘/等待临场确认,主队上盘，让球基本稳定，上盘水位0.96，下盘水位0.86，欧赔削弱上盘,不计-平衡/无方向,,不计,,,不计,,不计,,,否,缺失,Titan价格流；PM/必发/BTTS缺,,3014493,西协甲,西班牙,次次级,是,False
2026-08-29,西协甲,成年联赛T3,艾基史拉斯 vs 卡塔赫纳,1-3,ledger赛果兜底,20260829-TITAN-3014865-盘口快照-不形成模拟,盘口快照-不形成模拟,0.92/0.25/0.9,0.25,平手/半球,主队,平衡盘/等待临场确认,主队上盘，让球基本稳定，上盘水位0.92，下盘水位0.90，欧赔变化不大,不计-平衡/无方向,,不计,,,不计,,不计,,,否,缺失,Titan价格流；PM/必发/BTTS缺,,3014865,西协甲,西班牙,次次级,是,False
2026-08-29,西协甲,成年联赛T3,赫库斯 vs 穆尔西亚,1-2,ledger赛果兜底,20260829-TITAN-3014869-盘口快照-不形成模拟,盘口快照-不形成模拟,0.98/0.0/0.84,0.0,平手,客队,诱上/阻下,客队上盘，让球基本稳定，上盘水位0.84，下盘水位0.98，欧赔支持上盘,下盘,0.98,输,-1.0,-1.0,上盘,0.84,赢,1.0,0.84,否,缺失,Titan价格流；PM/必发/BTTS缺,,3014869,西协甲,西班牙,次次级,是,True
2026-08-29,西协甲,成年联赛T3,韦斯卡 vs 圣特安德雷,1-0,ledger赛果兜底,20260829-TITAN-3014870-盘口快照-不形成模拟,盘口快照-不形成模拟,0.81/0.75/1.01,0.75,半球/一球,主队,诱上/阻下,主队上盘，让球基本稳定，上盘水位0.81，下盘水位1.01，欧赔变化不大,下盘,1.01,输半,-0.5,-0.5,上盘,0.81,赢半,0.5,0.405,否,缺失,Titan价格流；PM/必发/BTTS缺,,3014870,西协甲,西班牙,次次级,是,True
2026-08-29,西协甲,成年联赛T3,瑞欧马加达宏达 vs 比利亚雷亚尔B队,1-2,ledger赛果兜底,20260829-TITAN-3014871-盘口快照-不形成模拟,盘口快照-不形成模拟,0.9/-0.25/0.92,-0.25,平手/半球,客队,平衡盘/等待临场确认,客队上盘，让球基本稳定，上盘水位0.92，下盘水位0.90，欧赔变化不大,不计-平衡/无方向,,不计,,,不计,,不计,,,否,缺失,Titan价格流；PM/必发/BTTS缺,,3014871,西协甲,西班牙,次次级,是,False
2026-08-29,德甲,成年联赛T1,多特蒙德 vs 汉堡,2-0,ledger赛果兜底,20260829-TITAN-3018788-盘口快照-不形成模拟,盘口快照-不形成模拟,0.91/1.5/0.98,1.5,球半,主队,平衡盘/等待临场确认,主队上盘，让球基本稳定，上盘水位0.91，下盘水位0.98，欧赔变化不大,不计-平衡/无方向,,不计,,,不计,,不计,,,否,缺失,Titan价格流；PM/必发/BTTS缺,,3018788,德甲,德国,顶级,是,False
2026-08-29,德甲,成年联赛T1,埃弗斯堡 vs 勒沃库森,3-2,ledger赛果兜底,20260829-TITAN-3018789-盘口快照-不形成模拟,盘口快照-不形成模拟,0.92/-1.0/0.97,-1.0,一球,客队,平衡盘/等待临场确认,客队上盘，让球基本稳定，上盘水位0.97，下盘水位0.92，欧赔变化不大,不计-平衡/无方向,,不计,,,不计,,不计,,,否,缺失,Titan价格流；PM/必发/BTTS缺,,3018789,德甲,德国,顶级,是,False
2026-08-29,德甲,成年联赛T1,科隆 vs 霍芬海姆,3-2,ledger赛果兜底,20260829-TITAN-3018790-盘口快照-不形成模拟,盘口快照-不形成模拟,0.93/-0.25/0.96,-0.25,平手/半球,客队,平衡盘/等待临场确认,客队上盘，让球基本稳定，上盘水位0.96，下盘水位0.93，欧赔变化不大,不计-平衡/无方向,,不计,,,不计,,不计,,,否,缺失,Titan价格流；PM/必发/BTTS缺,,3018790,德甲,德国,顶级,是,False
2026-08-29,德甲,成年联赛T1,美因茨 vs 帕德博恩,0-0,ledger赛果兜底,20260829-TITAN-3018792-盘口快照-不形成模拟,盘口快照-不形成模拟,0.92/1.0/0.97,1.0,一球,主队,真实示强/阻上,主队上盘，让球加深，上盘水位0.92，下盘水位0.97，欧赔变化不大,上盘,0.92,输,-1.0,-1.0,下盘,0.97,赢,1.0,0.97,否,缺失,Titan价格流；PM/必发/BTTS缺,,3018792,德甲,德国,顶级,是,True
2026-08-29,德甲,成年联赛T1,RB莱比锡 vs 门兴格拉德巴赫,3-0,ledger赛果兜底,20260829-TITAN-3018793-盘口快照-不形成模拟,盘口快照-不形成模拟,0.97/1.0/0.92,1.0,一球,主队,平衡盘/等待临场确认,主队上盘，让球基本稳定，上盘水位0.97，下盘水位0.92，欧赔变化不大,不计-平衡/无方向,,不计,,,不计,,不计,,,否,缺失,Titan价格流；PM/必发/BTTS缺,,3018793,德甲,德国,顶级,是,False
2026-08-29,德甲,成年联赛T1,柏林联合 vs 法兰克福,3-3,ledger赛果兜底,20260829-TITAN-3018794-盘口快照-不形成模拟,盘口快照-不形成模拟,0.95/0.0/0.94,0.0,平手,主队,降温保护/诱下,主队上盘，让球退盘，上盘水位0.95，下盘水位0.94，欧赔支持上盘,上盘,0.95,走,0.0,0.0,下盘,0.94,走,-0.0,0.0,否,缺失,Titan价格流；PM/必发/BTTS缺,,3018794,德甲,德国,顶级,是,True
2026-08-29,德乙,成年联赛T2,科特布斯 vs 菲尔特,3-4,ledger赛果兜底,20260829-TITAN-3019112-盘口快照-不形成模拟,盘口快照-不形成模拟,0.92/0.0/0.97,0.0,平手,客队,平衡盘/等待临场确认,客队上盘，让球基本稳定，上盘水位0.97，下盘水位0.92，欧赔变化不大,不计-平衡/无方向,,不计,,,不计,,不计,,,否,缺失,Titan价格流；PM/必发/BTTS缺,,3019112,德乙,德国,次级,是,False
2026-08-29,德乙,成年联赛T2,海登海姆 vs 德累斯顿,5-3,ledger赛果兜底,20260829-TITAN-3019114-盘口快照-不形成模拟,盘口快照-不形成模拟,0.94/0.25/0.95,0.25,平手/半球,主队,平衡盘/等待临场确认,主队上盘，让球基本稳定，上盘水位0.94，下盘水位0.95，欧赔支持上盘,不计-平衡/无方向,,不计,,,不计,,不计,,,否,缺失,Titan价格流；PM/必发/BTTS缺,,3019114,德乙,德国,次级,是,False
2026-08-29,德乙,成年联赛T2,卡尔斯鲁厄 vs 沃尔夫斯堡,2-5,ledger赛果兜底,20260829-TITAN-3019115-盘口快照-不形成模拟,盘口快照-不形成模拟,1.05/-0.25/0.84,-0.25,平手/半球,客队,降温保护/诱下,客队上盘，让球退盘，上盘水位0.84，下盘水位1.05，欧赔支持上盘,上盘,0.84,赢,1.0,0.84,下盘,1.05,输,-1.0,-1.0,否,缺失,Titan价格流；PM/必发/BTTS缺,,3019115,德乙,德国,次级,是,True
2026-08-29,德乙,成年联赛T2,纽伦堡 vs 比勒菲尔德,4-1,ledger赛果兜底,20260829-TITAN-3019117-盘口快照-不形成模拟,盘口快照-不形成模拟,0.93/0.25/0.96,0.25,平手/半球,主队,平衡盘/等待临场确认,主队上盘，让球基本稳定，上盘水位0.93，下盘水位0.96，欧赔支持上盘,不计-平衡/无方向,,不计,,,不计,,不计,,,否,缺失,Titan价格流；PM/必发/BTTS缺,,3019117,德乙,德国,次级,是,False
2026-08-29,法丙,成年联赛T3,亚眠 vs 维尔赛斯,3-0,ledger赛果兜底,20260829-TITAN-3019972-盘口快照-不形成模拟,盘口快照-不形成模拟,1.05/0.0/0.81,0.0,平手,客队,诱上/阻下,客队上盘，让球基本稳定，上盘水位0.81，下盘水位1.05，欧赔削弱上盘,下盘,1.05,赢,1.0,1.05,上盘,0.81,输,-1.0,-1.0,否,缺失,Titan价格流；PM/必发/BTTS缺,,3019972,法丙,法国,次次级,是,True
2026-08-29,法丙,成年联赛T3,欧巴涅 vs 普瑞兰斯,2-0,ledger赛果兜底,20260829-TITAN-3019973-盘口快照-不形成模拟,盘口快照-不形成模拟,1.04/0.25/0.82,0.25,平手/半球,主队,阻上/降温保护,主队上盘，让球基本稳定，上盘水位1.04，下盘水位0.82，欧赔变化不大,不计-候选冲突,,不计,,,不计,,不计,,,否,缺失,Titan价格流；PM/必发/BTTS缺,,3019973,法丙,法国,次次级,是,False
2026-08-29,法丙,成年联赛T3,戛纳 vs 奥维涅,2-0,ledger赛果兜底,20260829-TITAN-3019975-盘口快照-不形成模拟,盘口快照-不形成模拟,0.94/0.25/0.92,0.25,平手/半球,主队,平衡盘/等待临场确认,主队上盘，让球基本稳定，上盘水位0.94，下盘水位0.92，欧赔变化不大,不计-平衡/无方向,,不计,,,不计,,不计,,,否,缺失,Titan价格流；PM/必发/BTTS缺,,3019975,法丙,法国,次次级,是,False
2026-08-29,法丙,成年联赛T3,奥兰斯 vs 永河畔拉罗什,0-1,ledger赛果兜底,20260829-TITAN-3019976-盘口快照-不形成模拟,盘口快照-不形成模拟,0.86/0.25/1.0,0.25,平手/半球,主队,平衡盘/等待临场确认,主队上盘，让球基本稳定，上盘水位0.86，下盘水位1.00，欧赔变化不大,不计-平衡/无方向,,不计,,,不计,,不计,,,否,缺失,Titan价格流；PM/必发/BTTS缺,,3019976,法丙,法国,次次级,是,False
2026-08-29,法丙,成年联赛T3,克维伊 vs 弗勒里梅洛吉斯,2-1,ledger赛果兜底,20260829-TITAN-3019977-盘口快照-不形成模拟,盘口快照-不形成模拟,1.03/0.0/0.83,0.0,平手,客队,诱上/阻下,客队上盘，让球基本稳定，上盘水位0.83，下盘水位1.03，欧赔支持上盘,下盘,1.03,赢,1.0,1.03,上盘,0.83,输,-1.0,-1.0,否,缺失,Titan价格流；PM/必发/BTTS缺,,3019977,法丙,法国,次次级,是,True
2026-08-29,法丙,成年联赛T3,蒂翁维尔 vs 巴黎13区竞技,1-1,ledger赛果兜底,20260829-TITAN-3019978-盘口快照-不形成模拟,盘口快照-不形成模拟,1.02/0.5/0.84,0.5,半球,主队,阻上/降温保护,主队上盘，让球基本稳定，上盘水位1.02，下盘水位0.84，欧赔支持上盘,不计-候选冲突,,不计,,,不计,,不计,,,否,缺失,Titan价格流；PM/必发/BTTS缺,,3019978,法丙,法国,次次级,是,False
2026-08-29,法丙,成年联赛T3,瓦朗谢纳 vs 孔卡诺,0-0,ledger赛果兜底,20260829-TITAN-3019979-盘口快照-不形成模拟,盘口快照-不形成模拟,1.05/0.25/0.81,0.25,平手/半球,主队,阻上/降温保护,主队上盘，让球基本稳定，上盘水位1.05，下盘水位0.81，欧赔变化不大,不计-候选冲突,,不计,,,不计,,不计,,,否,缺失,Titan价格流；PM/必发/BTTS缺,,3019979,法丙,法国,次次级,是,False
2026-08-29,法丙,成年联赛T3,维利法兰 vs 鲁昂,0-2,ledger赛果兜底,20260829-TITAN-3019980-盘口快照-不形成模拟,盘口快照-不形成模拟,1.0/-0.25/0.86,-0.25,平手/半球,客队,平衡盘/等待临场确认,客队上盘，让球基本稳定，上盘水位0.86，下盘水位1.00，欧赔支持上盘,不计-平衡/无方向,,不计,,,不计,,不计,,,否,缺失,Titan价格流；PM/必发/BTTS缺,,3019980,法丙,法国,次次级,是,False
2026-08-29,德丙,成年联赛T3,亚琛 vs 梅彭,0-3,ledger赛果兜底,20260829-TITAN-3026015-盘口快照-不形成模拟,盘口快照-不形成模拟,1.02/1.25/0.8,1.25,一球/球半,主队,阻上/诱下,主队上盘，让球加深，上盘水位1.02，下盘水位0.80，欧赔变化不大,上盘,1.02,输,-1.0,-1.0,下盘,0.8,赢,1.0,0.8,否,缺失,Titan价格流；PM/必发/BTTS缺,,3026015,德丙,德国,次次级,是,True
2026-08-29,德丙,成年联赛T3,杜伊斯堡 vs 维尔茨堡踢球者,3-0,ledger赛果兜底,20260829-TITAN-3026016-盘口快照-不形成模拟,盘口快照-不形成模拟,0.9/1.0/0.92,1.0,一球,主队,降温保护/诱下,主队上盘，让球退盘，上盘水位0.90，下盘水位0.92，欧赔变化不大,上盘,0.9,赢,1.0,0.9,下盘,0.92,输,-1.0,-1.0,否,缺失,Titan价格流；PM/必发/BTTS缺,,3026016,德丙,德国,次次级,是,True
2026-08-29,德丙,成年联赛T3,格罗巴斯帕奇 vs 因戈尔施塔特,0-2,ledger赛果兜底,20260829-TITAN-3026018-盘口快照-不形成模拟,盘口快照-不形成模拟,1.16/0.0/0.68,0.0,平手,客队,诱上/阻下,客队上盘，让球基本稳定，上盘水位0.68，下盘水位1.16，欧赔削弱上盘,下盘,1.16,输,-1.0,-1.0,上盘,0.68,赢,1.0,0.68,否,缺失,Titan价格流；PM/必发/BTTS缺,,3026018,德丙,德国,次次级,是,True
2026-08-29,德丙,成年联赛T3,霍芬海姆业馀队 vs 雷根斯堡,5-1,ledger赛果兜底,20260829-TITAN-3026019-盘口快照-不形成模拟,盘口快照-不形成模拟,0.8/-0.25/1.02,-0.25,平手/半球,客队,阻上/降温保护,客队上盘，让球基本稳定，上盘水位1.02，下盘水位0.80，欧赔变化不大,不计-候选冲突,,不计,,,不计,,不计,,,否,缺失,Titan价格流；PM/必发/BTTS缺,,3026019,德丙,德国,次次级,是,False
2026-08-29,德丙,成年联赛T3,SC维尔 vs 幸运科隆,1-2,ledger赛果兜底,20260829-TITAN-3026022-盘口快照-不形成模拟,盘口快照-不形成模拟,0.86/0.5/0.96,0.5,半球,主队,真实示弱/阻下,主队上盘，让球退盘，上盘水位0.86，下盘水位0.96，欧赔削弱上盘,下盘,0.96,赢,1.0,0.96,上盘,0.86,输,-1.0,-1.0,否,缺失,Titan价格流；PM/必发/BTTS缺,,3026022,德丙,德国,次次级,是,True
2026-08-29,德丙,成年联赛T3,韦恩 vs 埃森,0-0,ledger赛果兜底,20260829-TITAN-3026024-盘口快照-不形成模拟,盘口快照-不形成模拟,0.84/-0.25/0.98,-0.25,平手/半球,客队,诱下/上盘降温,客队上盘，让球基本稳定，上盘水位0.98，下盘水位0.84，欧赔变化不大,上盘,0.98,输半,-0.5,-0.5,下盘,0.84,赢半,0.5,0.42,否,缺失,Titan价格流；PM/必发/BTTS缺,,3026024,德丙,德国,次次级,是,True
2026-08-29,意乙,成年联赛T2,阿斯科利 vs 凯勒雷斯,1-1,ledger赛果兜底,20260829-TITAN-3040716-盘口快照-不形成模拟,盘口快照-不形成模拟,0.98/0.5/0.9,0.5,半球,主队,平衡盘/等待临场确认,主队上盘，让球基本稳定，上盘水位0.98，下盘水位0.90，欧赔变化不大,不计-平衡/无方向,,不计,,,不计,,不计,,,否,缺失,Titan价格流；PM/必发/BTTS缺,,3040716,意乙,意大利,次级,是,False
2026-08-29,意乙,成年联赛T2,阿维利诺 vs 维琴察,3-0,ledger赛果兜底,20260829-TITAN-3040717-盘口快照-不形成模拟,盘口快照-不形成模拟,0.93/0.25/0.95,0.25,平手/半球,主队,真实示强/阻上,主队上盘，让球加深，上盘水位0.93，下盘水位0.95，欧赔削弱上盘,上盘,0.93,赢,1.0,0.93,下盘,0.95,输,-1.0,-1.0,否,缺失,Titan价格流；PM/必发/BTTS缺,,3040717,意乙,意大利,次级,是,True
2026-08-29,意乙,成年联赛T2,恩特拉 vs 切塞纳,1-2,ledger赛果兜底,20260829-TITAN-3040720-盘口快照-不形成模拟,盘口快照-不形成模拟,0.94/0.25/0.94,0.25,平手/半球,主队,平衡盘/等待临场确认,主队上盘，让球基本稳定，上盘水位0.94，下盘水位0.94，欧赔变化不大,不计-平衡/无方向,,不计,,,不计,,不计,,,否,缺失,Titan价格流；PM/必发/BTTS缺,,3040720,意乙,意大利,次级,是,False
2026-08-29,意乙,成年联赛T2,帕多瓦 vs 维罗纳,1-1,ledger赛果兜底,20260829-TITAN-3040722-盘口快照-不形成模拟,盘口快照-不形成模拟,1.07/0.0/0.81,0.0,平手,客队,诱上/阻下,客队上盘，让球基本稳定，上盘水位0.81，下盘水位1.07，欧赔变化不大,下盘,1.07,走,-0.0,0.0,上盘,0.81,走,0.0,0.0,否,缺失,Titan价格流；PM/必发/BTTS缺,,3040722,意乙,意大利,次级,是,True
2026-08-29,意乙,成年联赛T2,桑普多利亚 vs 史泰比亚,1-2,ledger赛果兜底,20260829-TITAN-3040724-盘口快照-不形成模拟,盘口快照-不形成模拟,0.95/0.5/0.93,0.5,半球,主队,平衡盘/等待临场确认,主队上盘，让球基本稳定，上盘水位0.95，下盘水位0.93，欧赔变化不大,不计-平衡/无方向,,不计,,,不计,,不计,,,否,缺失,Titan价格流；PM/必发/BTTS缺,,3040724,意乙,意大利,次级,是,False
2026-08-29,意丙,成年联赛T3,福尔利 vs 佩斯卡拉,6-3,ledger赛果兜底,20260829-TITAN-3050892-盘口快照-不形成模拟,盘口快照-不形成模拟,0.8/-0.5/0.9,-0.5,半球,客队,诱下/上盘降温,客队上盘，让球基本稳定，上盘水位0.90，下盘水位0.80，欧赔变化不大,上盘,0.9,输,-1.0,-1.0,下盘,0.8,赢,1.0,0.8,否,缺失,Titan价格流；PM/必发/BTTS缺,,3050892,意丙,意大利,次次级,是,True
2026-08-29,意丙,成年联赛T3,AS奥斯提亚马尔 vs 格罗瑟托,1-2,ledger赛果兜底,20260829-TITAN-3050894-盘口快照-不形成模拟,盘口快照-不形成模拟,0.8/0.0/0.9,0.0,平手,主队,诱上/阻下,主队上盘，让球基本稳定，上盘水位0.80，下盘水位0.90，欧赔支持上盘,下盘,0.9,赢,1.0,0.9,上盘,0.8,输,-1.0,-1.0,否,缺失,Titan价格流；PM/必发/BTTS缺,,3050894,意丙,意大利,次次级,是,True
2026-08-29,意丙,成年联赛T3,皮内托 vs 利沃诺,0-0,ledger赛果兜底,20260829-TITAN-3050896-盘口快照-不形成模拟,盘口快照-不形成模拟,0.85/0.0/0.85,0.0,平手,主队,平衡盘/等待临场确认,主队上盘，让球基本稳定，上盘水位0.85，下盘水位0.85，欧赔支持上盘,不计-平衡/无方向,,不计,,,不计,,不计,,,否,缺失,Titan价格流；PM/必发/BTTS缺,,3050896,意丙,意大利,次次级,是,False
2026-08-29,意丙,成年联赛T3,拉维纳 vs 拉蒂那,3-1,ledger赛果兜底,20260829-TITAN-3050897-盘口快照-不形成模拟,盘口快照-不形成模拟,0.7/0.5/1.0,0.5,半球,主队,诱上/阻下,主队上盘，让球基本稳定，上盘水位0.70，下盘水位1.00，欧赔变化不大,下盘,1.0,输,-1.0,-1.0,上盘,0.7,赢,1.0,0.7,否,缺失,Titan价格流；PM/必发/BTTS缺,,3050897,意丙,意大利,次次级,是,True
2026-08-29,意丙,成年联赛T3,斯佩齐亚 vs 坎伯巴索,1-0,ledger赛果兜底,20260829-TITAN-3050898-盘口快照-不形成模拟,盘口快照-不形成模拟,0.75/0.5/0.95,0.5,半球,主队,诱上/阻下,主队上盘，让球基本稳定，上盘水位0.75，下盘水位0.95，欧赔变化不大,下盘,0.95,输,-1.0,-1.0,上盘,0.75,赢,1.0,0.75,否,缺失,Titan价格流；PM/必发/BTTS缺,,3050898,意丙,意大利,次次级,是,True
2026-08-29,意丙,成年联赛T3,托里斯 vs 萨比尼迪特斯,1-0,ledger赛果兜底,20260829-TITAN-3050899-盘口快照-不形成模拟,盘口快照-不形成模拟,0.85/0.25/0.85,0.25,平手/半球,主队,平衡盘/等待临场确认,主队上盘，让球基本稳定，上盘水位0.85，下盘水位0.85，欧赔支持上盘,不计-平衡/无方向,,不计,,,不计,,不计,,,否,缺失,Titan价格流；PM/必发/BTTS缺,,3050899,意丙,意大利,次次级,是,False
2026-08-29,意丙,成年联赛T3,科森扎 vs 波坦察,1-2,ledger赛果兜底,20260829-TITAN-3051274-盘口快照-不形成模拟,盘口快照-不形成模拟,0.65/-0.25/1.05,-0.25,平手/半球,客队,真实示弱/阻下,客队上盘，让球退盘，上盘水位1.05，下盘水位0.65，欧赔削弱上盘,下盘,0.65,输,-1.0,-1.0,上盘,1.05,赢,1.0,1.05,否,缺失,Titan价格流；PM/必发/BTTS缺,,3051274,意丙,意大利,次次级,是,True
2026-08-29,意丙,成年联赛T3,福贾 vs 萨勒尼塔纳,1-1,ledger赛果兜底,20260829-TITAN-3051275-盘口快照-不形成模拟,盘口快照-不形成模拟,0.72/-0.25/0.98,-0.25,平手/半球,客队,诱下/上盘降温,客队上盘，让球基本稳定，上盘水位0.98，下盘水位0.72，欧赔变化不大,上盘,0.98,输半,-0.5,-0.5,下盘,0.72,赢半,0.5,0.36,否,缺失,Titan价格流；PM/必发/BTTS缺,,3051275,意丙,意大利,次次级,是,True
2026-08-29,意丙,成年联赛T3,摩诺波利 vs 卡塔尼亚,2-0,ledger赛果兜底,20260829-TITAN-3051277-盘口快照-不形成模拟,盘口快照-不形成模拟,0.85/-0.25/0.85,-0.25,平手/半球,客队,平衡盘/等待临场确认,客队上盘，让球基本稳定，上盘水位0.85，下盘水位0.85，欧赔支持上盘,不计-平衡/无方向,,不计,,,不计,,不计,,,否,缺失,Titan价格流；PM/必发/BTTS缺,,3051277,意丙,意大利,次次级,是,False
2026-08-29,意丙,成年联赛T3,萨沃亚 vs 卡塞塔纳,1-2,ledger赛果兜底,20260829-TITAN-3051278-盘口快照-不形成模拟,盘口快照-不形成模拟,0.72/-0.25/0.98,-0.25,平手/半球,客队,诱下/上盘降温,客队上盘，让球基本稳定，上盘水位0.98，下盘水位0.72，欧赔变化不大,上盘,0.98,赢,1.0,0.98,下盘,0.72,输,-1.0,-1.0,否,缺失,Titan价格流；PM/必发/BTTS缺,,3051278,意丙,意大利,次次级,是,True
2026-08-29,意丙,成年联赛T3,索伦托卡西奥 vs 克罗托内,1-0,ledger赛果兜底,20260829-TITAN-3051280-盘口快照-不形成模拟,盘口快照-不形成模拟,0.7/0.25/1.0,0.25,平手/半球,主队,诱上/阻下,主队上盘，让球基本稳定，上盘水位0.70，下盘水位1.00，欧赔削弱上盘,下盘,1.0,输,-1.0,-1.0,上盘,0.7,赢,1.0,0.7,否,缺失,Titan价格流；PM/必发/BTTS缺,,3051280,意丙,意大利,次次级,是,True
2026-08-31,意甲,成年联赛T1,亚特兰大 vs 博洛尼亚,1-0,ledger赛果兜底,20260831-TITAN-2993766-盘口快照-不形成模拟,盘口快照-不形成模拟,0.95/0.5/0.94,0.5,半球,主队,平衡盘/等待临场确认,主队上盘，让球基本稳定，上盘水位0.95，下盘水位0.94，欧赔支持上盘,不计-平衡/无方向,,不计,,,不计,,不计,,,否,缺失,Titan价格流；PM/必发/BTTS缺,,2993766,意甲,意大利,顶级,是,False
2026-08-31,意甲,成年联赛T1,莱切 vs 罗马,0-4,ledger赛果兜底,20260831-TITAN-2993771-盘口快照-不形成模拟,盘口快照-不形成模拟,0.82/-1.25/1.07,-1.25,一球/球半,客队,阻上/诱下,客队上盘，让球加深，上盘水位1.07，下盘水位0.82，欧赔削弱上盘,上盘,1.07,赢,1.0,1.07,下盘,0.82,输,-1.0,-1.0,否,缺失,Titan价格流；PM/必发/BTTS缺,,2993771,意甲,意大利,顶级,是,True
2026-08-31,法乙,成年联赛T2,第戎 vs 圣埃蒂安,2-3,ledger赛果兜底,20260831-TITAN-2997701-盘口快照-不形成模拟,盘口快照-不形成模拟,1.03/-0.75/0.85,-0.75,半球/一球,客队,诱上/阻下,客队上盘，让球加深，上盘水位0.85，下盘水位1.03，欧赔削弱上盘,下盘,1.03,输半,-0.5,-0.5,上盘,0.85,赢半,0.5,0.425,否,缺失,Titan价格流；PM/必发/BTTS缺,,2997701,法乙,法国,次级,是,True
2026-08-31,英超,成年联赛T1,阿斯顿维拉 vs 阿森纳,0-1,ledger赛果兜底,20260831-TITAN-3003860-盘口快照-不形成模拟,盘口快照-不形成模拟,1.07/-1.0/0.82,-1.0,一球,客队,诱上/阻下,客队上盘，让球基本稳定，上盘水位0.82，下盘水位1.07，欧赔削弱上盘,下盘,1.07,走,-0.0,0.0,上盘,0.82,走,0.0,0.0,否,缺失,Titan价格流；PM/必发/BTTS缺,,3003860,英超,英格兰,顶级,是,True
2026-08-31,西甲,成年联赛T1,巴塞罗那 vs 巴列卡诺,5-2,ledger赛果兜底,20260831-TITAN-3013665-盘口快照-不形成模拟,盘口快照-不形成模拟,0.84/2.75/1.05,2.75,两球半/三球,主队,诱上/阻下,主队上盘，让球加深，上盘水位0.84，下盘水位1.05，欧赔削弱上盘,下盘,1.05,输半,-0.5,-0.5,上盘,0.84,赢半,0.5,0.42,否,缺失,Titan价格流；PM/必发/BTTS缺,,3013665,西甲,西班牙,顶级,是,True
2026-08-31,西甲,成年联赛T1,奥萨苏纳 vs 赫塔菲,1-0,ledger赛果兜底,20260831-TITAN-3013667-盘口快照-不形成模拟,盘口快照-不形成模拟,0.85/0.25/1.04,0.25,平手/半球,主队,阻下/上盘保护,主队上盘，让球基本稳定，上盘水位0.85，下盘水位1.04，欧赔变化不大,上盘,0.85,赢,1.0,0.85,下盘,1.04,输,-1.0,-1.0,否,缺失,Titan价格流；PM/必发/BTTS缺,,3013667,西甲,西班牙,顶级,是,True
2026-08-31,西乙,成年联赛T2,布尔戈斯 vs 皇家社会B队,2-2,ledger赛果兜底,20260831-TITAN-3014045-盘口快照-不形成模拟,盘口快照-不形成模拟,0.83/0.5/1.06,0.5,半球,主队,诱上/阻下,主队上盘，让球基本稳定，上盘水位0.83，下盘水位1.06，欧赔变化不大,下盘,1.06,赢,1.0,1.06,上盘,0.83,输,-1.0,-1.0,否,缺失,Titan价格流；PM/必发/BTTS缺,,3014045,西乙,西班牙,次级,是,True
2026-08-31,西乙,成年联赛T2,塞尔塔B队 vs 卡斯迪隆,1-2,ledger赛果兜底,20260831-TITAN-3014047-盘口快照-不形成模拟,盘口快照-不形成模拟,0.84/-0.75/1.05,-0.75,半球/一球,客队,阻上/降温保护,客队上盘，让球基本稳定，上盘水位1.05，下盘水位0.84，欧赔变化不大,不计-候选冲突,,不计,,,不计,,不计,,,否,缺失,Titan价格流；PM/必发/BTTS缺,,3014047,西乙,西班牙,次级,是,False
2026-08-31,西协甲,成年联赛T3,洛格朗尼斯 vs 艾斯马度华,2-1,ledger赛果兜底,20260831-TITAN-3014491-盘口快照-不形成模拟,盘口快照-不形成模拟,0.93/0.25/0.89,0.25,平手/半球,主队,真实示强/阻上,主队上盘，让球加深，上盘水位0.93，下盘水位0.89，欧赔削弱上盘,上盘,0.93,赢,1.0,0.93,下盘,0.89,输,-1.0,-1.0,否,缺失,Titan价格流；PM/必发/BTTS缺,,3014491,西协甲,西班牙,次次级,是,True
2026-08-31,西协甲,成年联赛T3,特鲁埃尔 vs 皇家马德里B队,0-0,ledger赛果兜底,20260831-TITAN-3014873-盘口快照-不形成模拟,盘口快照-不形成模拟,0.77/-0.25/1.05,-0.25,平手/半球,客队,阻上/诱下,客队上盘，让球加深，上盘水位1.05，下盘水位0.77，欧赔支持上盘,上盘,1.05,输半,-0.5,-0.5,下盘,0.77,赢半,0.5,0.385,否,缺失,Titan价格流；PM/必发/BTTS缺,,3014873,西协甲,西班牙,次次级,是,True
2026-08-31,意丙,成年联赛T3,阿尔比诺勒菲 vs 奥斯皮塔莱托,1-1,ledger赛果兜底,20260831-TITAN-3050511-盘口快照-不形成模拟,盘口快照-不形成模拟,1.02/0.25/0.8,0.25,平手/半球,主队,阻上/降温保护,主队上盘，让球基本稳定，上盘水位1.02，下盘水位0.80，欧赔支持上盘,不计-候选冲突,,不计,,,不计,,不计,,,否,缺失,Titan价格流；PM/必发/BTTS缺,,3050511,意丙,意大利,次次级,是,False
2026-08-31,意丙,成年联赛T3,加尔维纳 vs 特伦托,0-0,ledger赛果兜底,20260831-TITAN-3050514-盘口快照-不形成模拟,盘口快照-不形成模拟,0.86/-0.25/0.96,-0.25,平手/半球,客队,平衡盘/等待临场确认,客队上盘，让球基本稳定，上盘水位0.96，下盘水位0.86，欧赔变化不大,不计-平衡/无方向,,不计,,,不计,,不计,,,否,缺失,Titan价格流；PM/必发/BTTS缺,,3050514,意丙,意大利,次次级,是,False
2026-08-31,意丙,成年联赛T3,诺瓦拉 vs US弗格尔,2-2,ledger赛果兜底,20260831-TITAN-3050517-盘口快照-不形成模拟,盘口快照-不形成模拟,0.99/0.25/0.83,0.25,平手/半球,主队,诱下/上盘降温,主队上盘，让球基本稳定，上盘水位0.99，下盘水位0.83，欧赔支持上盘,上盘,0.99,输半,-0.5,-0.5,下盘,0.83,赢半,0.5,0.415,否,缺失,Titan价格流；PM/必发/BTTS缺,,3050517,意丙,意大利,次次级,是,True
2026-08-31,意丙,成年联赛T3,AC雷纳特 vs 奇塔代拉,0-1,ledger赛果兜底,20260831-TITAN-3050519-盘口快照-不形成模拟,盘口快照-不形成模拟,0.77/-0.25/1.05,-0.25,平手/半球,客队,阻上/降温保护,客队上盘，让球基本稳定，上盘水位1.05，下盘水位0.77，欧赔变化不大,不计-候选冲突,,不计,,,不计,,不计,,,否,缺失,Titan价格流；PM/必发/BTTS缺,,3050519,意丙,意大利,次次级,是,False
2026-08-31,意丙,成年联赛T3,特雷维索 vs 莱科,1-0,ledger赛果兜底,20260831-TITAN-3050520-盘口快照-不形成模拟,盘口快照-不形成模拟,0.88/0.25/0.94,0.25,平手/半球,主队,真实示强/阻上,主队上盘，让球加深，上盘水位0.88，下盘水位0.94，欧赔削弱上盘,上盘,0.88,赢,1.0,0.88,下盘,0.94,输,-1.0,-1.0,否,缺失,Titan价格流；PM/必发/BTTS缺,,3050520,意丙,意大利,次次级,是,True
