日期,国家,层级,赛事,比赛,比分,状态,盘口档位,候选标签,赛事级样本,赛事级正向胜率,赛事级反向胜率,赛事级胜率高方,盘口标签样本,盘口标签正向胜率,盘口标签反向胜率,盘口标签胜率高方,HTML最终方向,HTML正期望方球队,HTML选中胜率,HTML选中水位,水位阈值,HTML是否可投,HTML原因
2026-08-23,英格兰,次级,英冠,西布罗姆维奇 vs 伯恩利,3-1,已结算,平手,诱上/阻下,0,,,不投,0,,,不投,不投,,,,,不投,赛事级和盘口标签历史样本都不足
2026-08-23,法国,顶级,法甲,昂热 vs 里尔,进行中 0-2,进行中,半球/一球,平衡盘/等待临场确认,0,,,不投,0,,,不投,不投,,,,,不投,赛事级和盘口标签历史样本都不足
2026-08-23,英格兰,顶级,英超,布莱顿 vs 阿斯顿维拉,进行中 4-0,进行中,平手/半球,诱上/阻下,0,,,不投,0,,,不投,不投,,,,,不投,赛事级和盘口标签历史样本都不足
2026-08-23,英格兰,顶级,英超,曼彻斯特城 vs 伯恩茅斯,进行中 0-1,进行中,一球/球半,平衡盘/等待临场确认,1,样本不足<8,样本不足<8,不投,0,,,不投,不投,,,,,不投,赛事级和盘口标签历史样本都不足
2026-08-23,西班牙,次级,西乙,埃瓦尔 vs 巴拉多利德,埃瓦尔0-3巴拉多利德,已结算,半球,阻上/诱下,0,,,不投,0,,,不投,不投,,,,,不投,赛事级和盘口标签历史样本都不足
2026-08-23,西班牙,顶级,西甲,马德里竞技 vs 比利亚雷亚尔,马德里竞技0-3比利亚雷亚尔,已结算,半球/一球,阻上/诱下,0,,,不投,0,,,不投,不投,,,,,不投,赛事级和盘口标签历史样本都不足
2026-08-23,法国,顶级,法甲,勒阿弗尔 vs 摩纳哥,勒阿弗尔0-3摩纳哥,已结算,半球,平衡盘/等待临场确认,0,,,不投,0,,,不投,不投,,,,,不投,赛事级和盘口标签历史样本都不足
2026-08-23,英格兰,顶级,英超,纽卡斯尔联 vs 利物浦,纽卡斯尔联0-3利物浦,已结算,半球,真实示强/阻上,1,样本不足<8,样本不足<8,不投,0,,,不投,不投,,,,,不投,赛事级和盘口标签历史样本都不足
2026-08-24,德国,杯赛,德国杯,SC维尔 vs 汉堡,SC维尔0-3汉堡,已结算,球半,阻上/诱下,1,样本不足<8,样本不足<8,不投,0,,,不投,不投,,,,,不投,赛事级和盘口标签历史样本都不足
2026-08-24,德国,杯赛,德国杯,维尔茨堡踢球者 vs 科隆,维尔茨堡踢球者1-2科隆,已结算,球半,诱上/阻下,3,样本不足<8,样本不足<8,不投,0,,,不投,不投,,,,,不投,赛事级和盘口标签历史样本都不足
2026-08-24,德国,杯赛,德国杯,艾尔格里尼克(中) vs 沃尔夫斯堡,艾尔格里尼克(中)2-2沃尔夫斯堡,已结算,两球半,真实示强/阻上,0,,,不投,0,,,不投,不投,,,,,不投,赛事级和盘口标签历史样本都不足
2026-08-24,意大利,顶级,意甲,博洛尼亚 vs 拉齐奥,博洛尼亚0-1拉齐奥,已结算,平手/半球,真实示弱/阻下,1,样本不足<8,样本不足<8,不投,0,,,不投,不投,,,,,不投,赛事级和盘口标签历史样本都不足
2026-08-24,西班牙,次级,西乙,塞尔塔B队 vs 安道尔FC,塞尔塔B队4-2安道尔FC,已结算,平手/半球,阻下/上盘保护,2,样本不足<8,样本不足<8,不投,0,,,不投,不投,,,,,不投,赛事级和盘口标签历史样本都不足
2026-08-24,西班牙,顶级,西甲,奥萨苏纳 vs 莱万特,奥萨苏纳0-0莱万特,已结算,半球,真实示弱/阻下,1,样本不足<8,样本不足<8,不投,0,,,不投,不投,,,,,不投,赛事级和盘口标签历史样本都不足
2026-08-24,意大利,次次级,意丙,利沃诺 vs 托里斯,利沃诺2-1托里斯,已结算,平手/半球,平衡盘/等待临场确认,1,样本不足<8,样本不足<8,不投,0,,,不投,不投,,,,,不投,赛事级和盘口标签历史样本都不足
2026-08-24,德国,杯赛,德国杯,哈雷斯彻 vs 沙尔克04,哈雷斯彻2-2沙尔克04,已结算,球半/两球,真实示强/阻上,2,样本不足<8,样本不足<8,不投,0,,,不投,不投,,,,,不投,赛事级和盘口标签历史样本都不足
2026-08-24,意大利,顶级,意甲,罗马 vs 佛罗伦萨,罗马4-0佛罗伦萨,已结算,半球/一球,真实示弱/阻下,0,,,不投,0,,,不投,不投,,,,,不投,赛事级和盘口标签历史样本都不足
2026-08-24,法国,次级,法乙,兰斯 vs 阿纳西,兰斯3-1阿纳西,已结算,半球/一球,阻上/降温保护,0,,,不投,0,,,不投,不投,,,,,不投,赛事级和盘口标签历史样本都不足
2026-08-24,意大利,次次级,意丙,US弗格尔 vs 多洛米蒂贝卢诺,US弗格尔1-2多洛米蒂贝卢诺,已结算,平手/半球,诱上/阻下,0,,,不投,0,,,不投,不投,,,,,不投,赛事级和盘口标签历史样本都不足
2026-08-24,意大利,次次级,意丙,克罗托内 vs 福贾,克罗托内0-1福贾,已结算,平手/半球,真实示弱/阻下,3,样本不足<8,样本不足<8,不投,0,,,不投,不投,,,,,不投,赛事级和盘口标签历史样本都不足
2026-08-24,意大利,次次级,意丙,萨勒尼塔纳 vs 索伦托卡西奥,萨勒尼塔纳1-2索伦托卡西奥,已结算,一球,诱上/阻下,4,样本不足<8,样本不足<8,不投,0,,,不投,不投,,,,,不投,赛事级和盘口标签历史样本都不足
2026-08-24,意大利,次次级,意丙,阿尔塔穆拉 vs 摩诺波利,阿尔塔穆拉1-0摩诺波利,已结算,平手/半球,诱上/阻下,2,样本不足<8,样本不足<8,不投,2,样本不足<8,样本不足<8,不投,不投,,,,,不投,赛事级和盘口标签历史样本都不足
2026-08-24,意大利,次次级,意丙,雷吉亚纳 vs 拉维纳,雷吉亚纳1-1拉维纳,已结算,平手/半球,诱上/阻下,1,样本不足<8,样本不足<8,不投,1,样本不足<8,样本不足<8,不投,不投,,,,,不投,赛事级和盘口标签历史样本都不足
2026-08-24,英格兰,顶级,英超,富勒姆 vs 切尔西,富勒姆2-3切尔西,已结算,半球,真实示强/阻上,2,样本不足<8,样本不足<8,不投,1,样本不足<8,样本不足<8,不投,不投,,,,,不投,赛事级和盘口标签历史样本都不足
2026-08-24,西班牙,次级,西乙,格拉纳达 vs 马洛卡,格拉纳达2-0马洛卡,已结算,平手/半球,阻上/诱下,1,样本不足<8,样本不足<8,不投,0,,,不投,不投,,,,,不投,赛事级和盘口标签历史样本都不足
2026-08-24,西班牙,顶级,西甲,马拉加 vs 拉科鲁尼亚,马拉加1-1拉科鲁尼亚,已结算,平手/半球,阻上/降温保护,1,样本不足<8,样本不足<8,不投,0,,,不投,不投,,,,,不投,赛事级和盘口标签历史样本都不足
2026-08-25,英格兰,杯赛,英联杯,卡迪夫城 vs 诺维奇,卡迪夫城1-2诺维奇,已结算,平手/半球,诱下/上盘降温,2,样本不足<8,样本不足<8,不投,0,,,不投,不投,,,,,不投,赛事级和盘口标签历史样本都不足
2026-08-25,英格兰,杯赛,英联杯,唐卡斯特 vs 米德尔斯堡,唐卡斯特1-3米德尔斯堡,已结算,一球,阻上/诱下,3,样本不足<8,样本不足<8,不投,0,,,不投,不投,,,,,不投,赛事级和盘口标签历史样本都不足
2026-08-25,英格兰,杯赛,英联杯,伊普斯维奇 vs 莱斯特城,伊普斯维奇3-1莱斯特城,已结算,一球,诱上/阻下,4,样本不足<8,样本不足<8,不投,0,,,不投,不投,,,,,不投,赛事级和盘口标签历史样本都不足
2026-08-25,英格兰,杯赛,英联杯,剑桥联 vs 米尔沃尔,剑桥联0-1米尔沃尔,已结算,平手/半球,平衡盘/等待临场确认,2,样本不足<8,样本不足<8,不投,0,,,不投,不投,,,,,不投,赛事级和盘口标签历史样本都不足
2026-08-25,英格兰,杯赛,英联杯,南安普敦 vs 西汉姆联,南安普敦1-4西汉姆联,已结算,平手,平衡盘/等待临场确认,7,样本不足<8,样本不足<8,不投,0,,,不投,不投,,,,,不投,赛事级和盘口标签历史样本都不足
2026-08-25,英格兰,杯赛,英联杯,巴恩斯利 vs 克鲁,巴恩斯利3-2克鲁,已结算,一球,阻上/降温保护,0,,,不投,0,,,不投,不投,,,,,不投,赛事级和盘口标签历史样本都不足
2026-08-25,英格兰,杯赛,英联杯,布莱克本 vs 谢菲尔德联队,布莱克本1-2谢菲尔德联队,已结算,平手,平衡盘/等待临场确认,1,样本不足<8,样本不足<8,不投,0,,,不投,不投,,,,,不投,赛事级和盘口标签历史样本都不足
2026-08-25,英格兰,杯赛,英联杯,布莱克浦 vs 林肯城,布莱克浦1-4林肯城,已结算,半球,诱下/上盘降温,1,样本不足<8,样本不足<8,不投,0,,,不投,不投,,,,,不投,赛事级和盘口标签历史样本都不足
2026-08-25,英格兰,杯赛,英联杯,弗利特伍德 vs 什鲁斯伯里,弗利特伍德4-0什鲁斯伯里,已结算,半球,阻上/降温保护,4,样本不足<8,样本不足<8,不投,0,,,不投,不投,,,,,不投,赛事级和盘口标签历史样本都不足
2026-08-25,英格兰,杯赛,英联杯,斯托克城 vs 赫尔城,斯托克城1-1赫尔城,已结算,平手,真实示弱/阻下,8,62.5%,37.5%,正向,0,,,不投,正向,,62.5%,,,不投,当前正期望方水位缺失
2026-08-25,英格兰,杯赛,英联杯,斯蒂文尼奇 vs 雷丁,斯蒂文尼奇0-3雷丁,已结算,平手/半球,诱下/上盘降温,7,样本不足<8,样本不足<8,不投,1,样本不足<8,样本不足<8,不投,不投,,,,,不投,赛事级和盘口标签历史样本都不足
2026-08-25,英格兰,杯赛,英联杯,普利茅斯 vs 考文垂,普利茅斯2-4考文垂,已结算,半球/一球,平衡盘/等待临场确认,10,55.6%,44.4%,正向,0,,,不投,正向,考文垂,55.6%,1.04,51.0%,可投,通过:55.6% >= 51.0%
2026-08-25,英格兰,杯赛,英联杯,沃尔索尔 vs 莱顿东方,沃尔索尔0-0莱顿东方,已结算,平手/半球,平衡盘/等待临场确认,9,62.5%,37.5%,正向,0,,,不投,正向,沃尔索尔,62.5%,0.96,53.0%,可投,通过:62.5% >= 53.0%
2026-08-25,英格兰,杯赛,英联杯,沃特福德 vs 彼得堡联,沃特福德1-5彼得堡联,已结算,一球,诱下/上盘降温,9,62.5%,37.5%,正向,0,,,不投,正向,彼得堡联,62.5%,0.86,55.8%,可投,通过:62.5% >= 55.8%
2026-08-25,英格兰,杯赛,英联杯,谢周三 vs 狼队,谢周三0-2狼队,已结算,一球,阻上/诱下,6,样本不足<8,样本不足<8,不投,1,样本不足<8,样本不足<8,不投,不投,,,,,不投,赛事级和盘口标签历史样本都不足
2026-08-25,英格兰,杯赛,英联杯,伯明翰 vs 布伦特福德,伯明翰1-6布伦特福德,已结算,半球,诱上/阻下,0,,,不投,0,,,不投,不投,,,,,不投,赛事级和盘口标签历史样本都不足
2026-08-25,英格兰,杯赛,英联杯,诺丁汉森林 vs 利兹联,诺丁汉森林0-2利兹联,已结算,平手/半球,诱上/阻下,5,样本不足<8,样本不足<8,不投,0,,,不投,不投,,,,,不投,赛事级和盘口标签历史样本都不足
2026-08-25,西班牙,顶级,西甲,巴伦西亚 vs 皇家贝蒂斯,巴伦西亚0-1皇家贝蒂斯,已结算,平手,诱上/阻下,2,样本不足<8,样本不足<8,不投,0,,,不投,不投,,,,,不投,赛事级和盘口标签历史样本都不足
2026-08-26,英格兰,杯赛,英联杯,布拉德福德 vs 伯恩利,布拉德福德0-0伯恩利,已结算,平手/半球,平衡盘/等待临场确认,10,55.6%,44.4%,正向,0,,,不投,正向,伯恩利,55.6%,1.11,49.4%,可投,通过:55.6% >= 49.4%
2026-08-26,英格兰,杯赛,英联杯,托特纳姆热刺 vs 查尔顿,托特纳姆热刺5-1查尔顿,已结算,两球,阻上/诱下,11,50.0%,50.0%,正向,0,,,不投,正向,托特纳姆热刺,50.0%,0.87,55.5%,不投,赛前历史胜率50.0%低于水位阈值55.5%
2026-08-26,英格兰,杯赛,英联杯,纽卡斯尔联 vs 西布罗姆维奇,纽卡斯尔联3-2西布罗姆维奇,已结算,球半,真实示强/阻上,10,55.6%,44.4%,正向,0,,,不投,正向,纽卡斯尔联,55.6%,1.08,50.1%,可投,通过:55.6% >= 50.1%
2026-08-26,英格兰,杯赛,英联杯,普雷斯顿 vs 埃弗顿,普雷斯顿0-4埃弗顿,已结算,一球,平衡盘/等待临场确认,11,50.0%,50.0%,正向,0,,,不投,正向,埃弗顿,50.0%,0.93,53.8%,不投,赛前历史胜率50.0%低于水位阈值53.8%
2026-08-26,西班牙,顶级,西甲,皇家马德里 vs 皇家社会,皇家马德里4-1皇家社会,已结算,球半,诱上/阻下,3,样本不足<8,样本不足<8,不投,0,,,不投,不投,,,,,不投,赛事级和盘口标签历史样本都不足
2026-08-27,英格兰,杯赛,英联杯,切尔西 vs 卢顿,切尔西2-0卢顿,已结算,两球/两球半,真实示强/阻上,12,54.5%,45.5%,正向,0,,,不投,正向,切尔西,54.5%,1.05,50.8%,可投,通过:54.5% >= 50.8%
2026-08-27,西班牙,顶级,西甲,塞尔塔 vs 奥萨苏纳,塞尔塔1-2奥萨苏纳,已结算,半球,平衡盘/等待临场确认,5,样本不足<8,样本不足<8,不投,0,,,不投,不投,,,,,不投,赛事级和盘口标签历史样本都不足
2026-08-27,法国,次次级,法丙,卡昂 vs 巴斯蒂亚,卡昂0-1巴斯蒂亚,已结算,平手/半球,诱上/阻下,0,,,不投,0,,,不投,不投,,,,,不投,赛事级和盘口标签历史样本都不足
2026-08-27,英格兰,杯赛,英联杯,富勒姆 vs AFC温布尔登,富勒姆3-0AFC温布尔登,已结算,两球,平衡盘/等待临场确认,13,50.0%,45.8%,正向,0,,,不投,正向,AFC温布尔登,50.0%,1.11,49.4%,可投,通过:50.0% >= 49.4%
2026-08-27,西班牙,顶级,西甲,巴塞罗那 vs 毕尔巴鄂竞技,巴塞罗那2-0毕尔巴鄂竞技,已结算,球半/两球,真实示强/阻上,4,样本不足<8,样本不足<8,不投,0,,,不投,不投,,,,,不投,赛事级和盘口标签历史样本都不足
2026-08-28,德国,次级,德乙,布伦瑞克 vs 柏林赫塔,布伦瑞克3-5柏林赫塔,已结算,平手/半球,阻上/诱下,0,,,不投,0,,,不投,不投,,,,,不投,赛事级和盘口标签历史样本都不足
2026-08-28,德国,次级,德乙,波鸿 vs 奥斯纳布鲁克,波鸿0-1奥斯纳布鲁克,已结算,半球/一球,平衡盘/等待临场确认,0,,,不投,0,,,不投,不投,,,,,不投,赛事级和盘口标签历史样本都不足
2026-08-28,西班牙,次次级,西协甲,皇家阿维勒斯 vs 庞特贝德拉,皇家阿维勒斯0-1庞特贝德拉,已结算,平手,阻上/降温保护,1,样本不足<8,样本不足<8,不投,0,,,不投,不投,,,,,不投,赛事级和盘口标签历史样本都不足
2026-08-28,西班牙,顶级,西甲,桑坦德竞技 vs 埃尔切,桑坦德竞技3-2埃尔切,已结算,半球,阻上/诱下,5,样本不足<8,样本不足<8,不投,0,,,不投,不投,,,,,不投,赛事级和盘口标签历史样本都不足
2026-08-28,法国,次级,法乙,克莱蒙 vs 索肖,克莱蒙0-0索肖,已结算,平手,阻上/降温保护,0,,,不投,0,,,不投,不投,,,,,不投,赛事级和盘口标签历史样本都不足
2026-08-28,法国,次级,法乙,南锡 vs USL敦刻尔克,南锡2-0USL敦刻尔克,已结算,平手,阻下/上盘保护,1,样本不足<8,样本不足<8,不投,0,,,不投,不投,,,,,不投,赛事级和盘口标签历史样本都不足
2026-08-28,法国,次级,法乙,拉瓦勒 vs 格勒诺布尔,拉瓦勒0-3格勒诺布尔,已结算,平手/半球,阻下/上盘保护,0,,,不投,0,,,不投,不投,,,,,不投,赛事级和盘口标签历史样本都不足
2026-08-28,法国,次级,法乙,罗德兹 vs 波城,罗德兹2-2波城,已结算,半球/一球,阻上/降温保护,2,样本不足<8,样本不足<8,不投,0,,,不投,不投,,,,,不投,赛事级和盘口标签历史样本都不足
2026-08-28,法国,次级,法乙,蒙彼利埃 vs 布洛涅,蒙彼利埃0-0布洛涅,已结算,半球/一球,阻上/降温保护,1,样本不足<8,样本不足<8,不投,0,,,不投,不投,,,,,不投,赛事级和盘口标签历史样本都不足
2026-08-28,德国,顶级,德甲,拜仁慕尼黑 vs 斯图加特,拜仁慕尼黑5-1斯图加特,已结算,两球/两球半,阻上/诱下,0,,,不投,0,,,不投,不投,,,,,不投,赛事级和盘口标签历史样本都不足
2026-08-28,意大利,次级,意乙,克雷莫纳 vs 摩德纳,克雷莫纳0-3摩德纳,已结算,平手/半球,降温保护/诱下,0,,,不投,0,,,不投,不投,,,,,不投,赛事级和盘口标签历史样本都不足
2026-08-28,意大利,顶级,意甲,AC米兰 vs 威尼斯,AC米兰2-0威尼斯,已结算,一球,降温保护/诱下,2,样本不足<8,样本不足<8,不投,0,,,不投,不投,,,,,不投,赛事级和盘口标签历史样本都不足
2026-08-28,意大利,次次级,意丙,卡维塞 vs 切里尼奥拉,卡维塞3-1切里尼奥拉,已结算,平手,平衡盘/等待临场确认,6,样本不足<8,样本不足<8,不投,0,,,不投,不投,,,,,不投,赛事级和盘口标签历史样本都不足
2026-08-28,意大利,次次级,意丙,卡萨拉诺 vs 久加连奴,卡萨拉诺4-3久加连奴,已结算,平手/半球,诱上/阻下,5,样本不足<8,样本不足<8,不投,3,样本不足<8,样本不足<8,不投,不投,,,,,不投,赛事级和盘口标签历史样本都不足
2026-08-28,意大利,次次级,意丙,巴勒塔 vs 巴里,巴勒塔3-0巴里,已结算,平手/半球,阻上/降温保护,5,样本不足<8,样本不足<8,不投,0,,,不投,不投,,,,,不投,赛事级和盘口标签历史样本都不足
2026-08-28,意大利,次次级,意丙,斯卡法塔森 vs AZ皮切尔诺,斯卡法塔森0-2AZ皮切尔诺,已结算,平手/半球,诱上/阻下,6,样本不足<8,样本不足<8,不投,4,样本不足<8,样本不足<8,不投,不投,,,,,不投,赛事级和盘口标签历史样本都不足
2026-08-28,意大利,次次级,意丙,皮阿尼斯 vs 瓦多,皮阿尼斯0-0瓦多,已结算,平手/半球,平衡盘/等待临场确认,5,样本不足<8,样本不足<8,不投,0,,,不投,不投,,,,,不投,赛事级和盘口标签历史样本都不足
2026-08-28,法国,顶级,法甲,里尔 vs 巴黎圣日耳曼,里尔2-2巴黎圣日耳曼,已结算,半球/一球,诱上/阻下,0,,,不投,0,,,不投,不投,,,,,不投,赛事级和盘口标签历史样本都不足
2026-08-28,英格兰,次级,英冠,雷克瑟姆 vs 伯明翰,雷克瑟姆1-2伯明翰,已结算,平手/半球,平衡盘/等待临场确认,1,样本不足<8,样本不足<8,不投,0,,,不投,不投,,,,,不投,赛事级和盘口标签历史样本都不足
2026-08-28,英格兰,顶级,英超,水晶宫 vs 曼彻斯特城,水晶宫1-4曼彻斯特城,已结算,半球/一球,降温保护/诱下,3,样本不足<8,样本不足<8,不投,0,,,不投,不投,,,,,不投,赛事级和盘口标签历史样本都不足
2026-08-28,西班牙,次级,西乙,特内里费 vs 希洪竞技,特内里费0-1希洪竞技,已结算,平手/半球,平衡盘/等待临场确认,3,样本不足<8,样本不足<8,不投,0,,,不投,不投,,,,,不投,赛事级和盘口标签历史样本都不足
2026-08-28,西班牙,次次级,西协甲,卡些连奴 vs 米兰德斯,卡些连奴1-0米兰德斯,已结算,平手/半球,阻上/诱下,0,,,不投,0,,,不投,不投,,,,,不投,赛事级和盘口标签历史样本都不足
2026-08-28,西班牙,顶级,西甲,阿拉维斯 vs 比利亚雷亚尔,阿拉维斯1-0比利亚雷亚尔,已结算,平手/半球,平衡盘/等待临场确认,5,样本不足<8,样本不足<8,不投,0,,,不投,不投,,,,,不投,赛事级和盘口标签历史样本都不足
2026-08-29,德国,次级,德乙,卡尔斯鲁厄 vs 沃尔夫斯堡,2-5,已结算,平手/半球,降温保护/诱下,1,样本不足<8,样本不足<8,不投,0,,,不投,不投,,,,,不投,赛事级和盘口标签历史样本都不足
2026-08-29,德国,次级,德乙,海登海姆 vs 德累斯顿,5-3,已结算,平手/半球,平衡盘/等待临场确认,1,样本不足<8,样本不足<8,不投,0,,,不投,不投,,,,,不投,赛事级和盘口标签历史样本都不足
2026-08-29,德国,次级,德乙,科特布斯 vs 菲尔特,3-4,已结算,平手,平衡盘/等待临场确认,1,样本不足<8,样本不足<8,不投,0,,,不投,不投,,,,,不投,赛事级和盘口标签历史样本都不足
2026-08-29,英格兰,次级,英冠,德比郡 vs 斯旺西,0-3,已结算,平手/半球,平衡盘/等待临场确认,6,样本不足<8,样本不足<8,不投,0,,,不投,不投,,,,,不投,赛事级和盘口标签历史样本都不足
2026-08-29,英格兰,次级,英冠,狼队 vs 斯托克城,4-1,已结算,一球,降温保护/诱下,4,样本不足<8,样本不足<8,不投,0,,,不投,不投,,,,,不投,赛事级和盘口标签历史样本都不足
2026-08-29,英格兰,次级,英冠,米德尔斯堡 vs 西布罗姆维奇,3-1,已结算,半球/一球,平衡盘/等待临场确认,3,样本不足<8,样本不足<8,不投,0,,,不投,不投,,,,,不投,赛事级和盘口标签历史样本都不足
2026-08-29,英格兰,次次级,英甲,布莱克浦 vs 彼得堡联,4-0,已结算,半球/一球,诱下/上盘降温,0,,,不投,0,,,不投,不投,,,,,不投,赛事级和盘口标签历史样本都不足
2026-08-29,英格兰,次次级,英甲,米尔顿凯恩斯 vs 莱斯特城,0-0,已结算,平手,降温保护/诱下,2,样本不足<8,样本不足<8,不投,0,,,不投,不投,,,,,不投,赛事级和盘口标签历史样本都不足
2026-08-29,英格兰,顶级,英超,利物浦 vs 诺丁汉森林,2-2,已结算,一球/球半,阻上/降温保护,5,样本不足<8,样本不足<8,不投,0,,,不投,不投,,,,,不投,赛事级和盘口标签历史样本都不足
2026-08-29,德国,次次级,德丙,SC维尔 vs 幸运科隆,1-2,已结算,半球,真实示弱/阻下,3,样本不足<8,样本不足<8,不投,0,,,不投,不投,,,,,不投,赛事级和盘口标签历史样本都不足
2026-08-29,德国,次次级,德丙,亚琛 vs 梅彭,0-3,已结算,一球/球半,阻上/诱下,0,,,不投,0,,,不投,不投,,,,,不投,赛事级和盘口标签历史样本都不足
2026-08-29,德国,次次级,德丙,杜伊斯堡 vs 维尔茨堡踢球者,3-0,已结算,一球,降温保护/诱下,1,样本不足<8,样本不足<8,不投,0,,,不投,不投,,,,,不投,赛事级和盘口标签历史样本都不足
2026-08-29,德国,次次级,德丙,格罗巴斯帕奇 vs 因戈尔施塔特,0-2,已结算,平手,诱上/阻下,2,样本不足<8,样本不足<8,不投,0,,,不投,不投,,,,,不投,赛事级和盘口标签历史样本都不足
2026-08-29,德国,次次级,德丙,韦恩 vs 埃森,0-0,已结算,平手/半球,诱下/上盘降温,4,样本不足<8,样本不足<8,不投,0,,,不投,不投,,,,,不投,赛事级和盘口标签历史样本都不足
2026-08-29,法国,次级,法乙,红星 vs 兰斯,1-4,已结算,平手/半球,阻上/诱下,3,样本不足<8,样本不足<8,不投,0,,,不投,不投,,,,,不投,赛事级和盘口标签历史样本都不足
2026-08-29,法国,次级,法乙,阿纳西 vs 梅斯,1-1,已结算,平手,平衡盘/等待临场确认,2,样本不足<8,样本不足<8,不投,0,,,不投,不投,,,,,不投,赛事级和盘口标签历史样本都不足
2026-08-29,法国,次次级,法丙,亚眠 vs 维尔赛斯,3-0,已结算,平手,诱上/阻下,1,样本不足<8,样本不足<8,不投,0,,,不投,不投,,,,,不投,赛事级和盘口标签历史样本都不足
2026-08-29,法国,次次级,法丙,克维伊 vs 弗勒里梅洛吉斯,2-1,已结算,平手,诱上/阻下,2,样本不足<8,样本不足<8,不投,1,样本不足<8,样本不足<8,不投,不投,,,,,不投,赛事级和盘口标签历史样本都不足
2026-08-29,法国,次次级,法丙,奥兰斯 vs 永河畔拉罗什,0-1,已结算,平手/半球,平衡盘/等待临场确认,2,样本不足<8,样本不足<8,不投,0,,,不投,不投,,,,,不投,赛事级和盘口标签历史样本都不足
2026-08-29,法国,次次级,法丙,戛纳 vs 奥维涅,2-0,已结算,平手/半球,平衡盘/等待临场确认,2,样本不足<8,样本不足<8,不投,0,,,不投,不投,,,,,不投,赛事级和盘口标签历史样本都不足
2026-08-29,法国,次次级,法丙,欧巴涅 vs 普瑞兰斯,2-0,已结算,平手/半球,阻上/降温保护,2,样本不足<8,样本不足<8,不投,0,,,不投,不投,,,,,不投,赛事级和盘口标签历史样本都不足
2026-08-29,法国,次次级,法丙,瓦朗谢纳 vs 孔卡诺,0-0,已结算,平手/半球,阻上/降温保护,3,样本不足<8,样本不足<8,不投,0,,,不投,不投,,,,,不投,赛事级和盘口标签历史样本都不足
2026-08-29,法国,次次级,法丙,维利法兰 vs 鲁昂,0-2,已结算,平手/半球,平衡盘/等待临场确认,3,样本不足<8,样本不足<8,不投,0,,,不投,不投,,,,,不投,赛事级和盘口标签历史样本都不足
2026-08-29,法国,次次级,法丙,蒂翁维尔 vs 巴黎13区竞技,1-1,已结算,半球,阻上/降温保护,3,样本不足<8,样本不足<8,不投,0,,,不投,不投,,,,,不投,赛事级和盘口标签历史样本都不足
2026-08-29,德国,顶级,德甲,RB莱比锡 vs 门兴格拉德巴赫,3-0,已结算,一球,平衡盘/等待临场确认,2,样本不足<8,样本不足<8,不投,0,,,不投,不投,,,,,不投,赛事级和盘口标签历史样本都不足
2026-08-29,德国,顶级,德甲,埃弗斯堡 vs 勒沃库森,3-2,已结算,一球,平衡盘/等待临场确认,1,样本不足<8,样本不足<8,不投,0,,,不投,不投,,,,,不投,赛事级和盘口标签历史样本都不足
2026-08-29,德国,顶级,德甲,柏林联合 vs 法兰克福,3-3,已结算,平手,降温保护/诱下,2,样本不足<8,样本不足<8,不投,0,,,不投,不投,,,,,不投,赛事级和盘口标签历史样本都不足
2026-08-29,德国,顶级,德甲,科隆 vs 霍芬海姆,3-2,已结算,平手/半球,平衡盘/等待临场确认,1,样本不足<8,样本不足<8,不投,0,,,不投,不投,,,,,不投,赛事级和盘口标签历史样本都不足
2026-08-29,德国,顶级,德甲,美因茨 vs 帕德博恩,0-0,已结算,一球,真实示强/阻上,1,样本不足<8,样本不足<8,不投,0,,,不投,不投,,,,,不投,赛事级和盘口标签历史样本都不足
2026-08-29,英格兰,次级,英冠,南安普敦 vs 米尔沃尔,5-1,已结算,半球,阻上/降温保护,3,样本不足<8,样本不足<8,不投,0,,,不投,不投,,,,,不投,赛事级和盘口标签历史样本都不足
2026-08-29,英格兰,次级,英冠,博尔顿 vs 林肯城,0-1,已结算,平手,降温保护/诱下,1,样本不足<8,样本不足<8,不投,0,,,不投,不投,,,,,不投,赛事级和盘口标签历史样本都不足
2026-08-29,英格兰,次级,英冠,卡迪夫城 vs 谢菲尔德联队,2-2,已结算,平手/半球,阻上/诱下,5,样本不足<8,样本不足<8,不投,0,,,不投,不投,,,,,不投,赛事级和盘口标签历史样本都不足
2026-08-29,英格兰,次级,英冠,布莱克本 vs 女王公园巡游者,1-2,已结算,平手/半球,阻上/降温保护,1,样本不足<8,样本不足<8,不投,0,,,不投,不投,,,,,不投,赛事级和盘口标签历史样本都不足
2026-08-29,英格兰,次级,英冠,布里斯托城 vs 朴茨茅斯,2-1,已结算,平手/半球,平衡盘/等待临场确认,2,样本不足<8,样本不足<8,不投,0,,,不投,不投,,,,,不投,赛事级和盘口标签历史样本都不足
2026-08-29,英格兰,次级,英冠,查尔顿 vs 普雷斯顿,1-0,已结算,平手/半球,诱上/阻下,2,样本不足<8,样本不足<8,不投,0,,,不投,不投,,,,,不投,赛事级和盘口标签历史样本都不足
2026-08-29,英格兰,次级,英冠,沃特福德 vs 西汉姆联,1-1,已结算,半球,阻下/上盘保护,3,样本不足<8,样本不足<8,不投,0,,,不投,不投,,,,,不投,赛事级和盘口标签历史样本都不足
2026-08-29,英格兰,次级,英冠,诺维奇 vs 伯恩利,4-1,已结算,平手/半球,平衡盘/等待临场确认,3,样本不足<8,样本不足<8,不投,0,,,不投,不投,,,,,不投,赛事级和盘口标签历史样本都不足
2026-08-29,英格兰,次次级,英甲,剑桥联 vs 哈德斯菲尔德,1-2,已结算,平手,诱上/阻下,1,样本不足<8,样本不足<8,不投,0,,,不投,不投,,,,,不投,赛事级和盘口标签历史样本都不足
2026-08-29,英格兰,次次级,英甲,斯托克港 vs 韦康比流浪者,5-1,已结算,半球,平衡盘/等待临场确认,6,样本不足<8,样本不足<8,不投,0,,,不投,不投,,,,,不投,赛事级和盘口标签历史样本都不足
2026-08-29,英格兰,次次级,英甲,斯蒂文尼奇 vs 唐卡斯特,2-2,已结算,平手/半球,诱下/上盘降温,5,样本不足<8,样本不足<8,不投,1,样本不足<8,样本不足<8,不投,不投,,,,,不投,赛事级和盘口标签历史样本都不足
2026-08-29,英格兰,次次级,英甲,普利茅斯 vs 布拉德福德,2-0,已结算,平手/半球,平衡盘/等待临场确认,4,样本不足<8,样本不足<8,不投,0,,,不投,不投,,,,,不投,赛事级和盘口标签历史样本都不足
2026-08-29,英格兰,次次级,英甲,莱顿东方 vs 巴恩斯利,1-3,已结算,平手/半球,平衡盘/等待临场确认,2,样本不足<8,样本不足<8,不投,0,,,不投,不投,,,,,不投,赛事级和盘口标签历史样本都不足
2026-08-29,英格兰,次次级,英甲,诺茨郡 vs 伯顿,2-1,已结算,平手/半球,诱下/上盘降温,3,样本不足<8,样本不足<8,不投,0,,,不投,不投,,,,,不投,赛事级和盘口标签历史样本都不足
2026-08-29,英格兰,次次级,英甲,谢周三 vs 布罗姆利,7-2,已结算,半球,诱上/阻下,4,样本不足<8,样本不足<8,不投,0,,,不投,不投,,,,,不投,赛事级和盘口标签历史样本都不足
2026-08-29,英格兰,顶级,英超,伯恩茅斯 vs 埃弗顿,1-1,已结算,半球,阻上/降温保护,4,样本不足<8,样本不足<8,不投,0,,,不投,不投,,,,,不投,赛事级和盘口标签历史样本都不足
2026-08-29,英格兰,顶级,英超,考文垂 vs 赫尔城,0-1,已结算,半球/一球,阻上/诱下,4,样本不足<8,样本不足<8,不投,0,,,不投,不投,,,,,不投,赛事级和盘口标签历史样本都不足
2026-08-29,德国,次次级,德丙,霍芬海姆业馀队 vs 雷根斯堡,5-1,已结算,平手/半球,阻上/降温保护,3,样本不足<8,样本不足<8,不投,0,,,不投,不投,,,,,不投,赛事级和盘口标签历史样本都不足
2026-08-29,西班牙,次级,西乙,萨瓦德尔 vs 阿尔梅里亚,1-0,已结算,平手,阻上/降温保护,3,样本不足<8,样本不足<8,不投,0,,,不投,不投,,,,,不投,赛事级和盘口标签历史样本都不足
2026-08-29,西班牙,次次级,西协甲,UD欧云斯 vs 邦弗拉甸拿,0-1,已结算,平手,平衡盘/等待临场确认,2,样本不足<8,样本不足<8,不投,0,,,不投,不投,,,,,不投,赛事级和盘口标签历史样本都不足
2026-08-29,西班牙,顶级,西甲,莱万特 vs 皇家贝蒂斯,5-2,已结算,平手/半球,平衡盘/等待临场确认,6,样本不足<8,样本不足<8,不投,0,,,不投,不投,,,,,不投,赛事级和盘口标签历史样本都不足
2026-08-29,法国,顶级,法甲,斯特拉斯堡 vs 朗斯,2-1,已结算,半球,阻上/诱下,2,样本不足<8,样本不足<8,不投,0,,,不投,不投,,,,,不投,赛事级和盘口标签历史样本都不足
2026-08-29,意大利,次次级,意丙,AS奥斯提亚马尔 vs 格罗瑟托,1-2,已结算,平手,诱上/阻下,8,68.8%,25.0%,正向,0,,,不投,正向,格罗瑟托,68.8%,0.9,54.6%,可投,通过:68.8% >= 54.6%
2026-08-29,意大利,次次级,意丙,托里斯 vs 萨比尼迪特斯,1-0,已结算,平手/半球,平衡盘/等待临场确认,11,59.1%,36.4%,正向,0,,,不投,正向,,59.1%,,,不投,当前正期望方水位缺失
2026-08-29,意大利,次次级,意丙,拉维纳 vs 拉蒂那,3-1,已结算,半球,诱上/阻下,9,72.2%,22.2%,正向,0,,,不投,正向,拉蒂那,72.2%,1.0,52.0%,可投,通过:72.2% >= 52.0%
2026-08-29,意大利,次次级,意丙,福贾 vs 萨勒尼塔纳,1-1,已结算,平手/半球,诱下/上盘降温,12,54.2%,41.7%,正向,0,,,不投,正向,萨勒尼塔纳,54.2%,0.98,52.5%,可投,通过:54.2% >= 52.5%
2026-08-29,意大利,次次级,意丙,索伦托卡西奥 vs 克罗托内,1-0,已结算,平手/半球,诱上/阻下,14,53.6%,39.3%,正向,5,样本不足<8,样本不足<8,不投,正向,克罗托内,53.6%,1.0,52.0%,可投,通过:53.6% >= 52.0%
2026-08-29,意大利,次次级,意丙,萨沃亚 vs 卡塞塔纳,1-2,已结算,平手/半球,诱下/上盘降温,13,50.0%,42.3%,正向,1,样本不足<8,样本不足<8,不投,正向,卡塞塔纳,50.0%,0.98,52.5%,不投,赛前历史胜率50.0%低于水位阈值52.5%
2026-08-29,德国,顶级,德甲,多特蒙德 vs 汉堡,2-0,已结算,球半,平衡盘/等待临场确认,1,样本不足<8,样本不足<8,不投,0,,,不投,不投,,,,,不投,赛事级和盘口标签历史样本都不足
2026-08-29,意大利,顶级,意甲,佛罗伦萨 vs 弗洛西诺尼,0-3,已结算,半球/一球,诱上/阻下,3,样本不足<8,样本不足<8,不投,0,,,不投,不投,,,,,不投,赛事级和盘口标签历史样本都不足
2026-08-29,意大利,顶级,意甲,萨索洛 vs 都灵,2-1,已结算,平手/半球,平衡盘/等待临场确认,4,样本不足<8,样本不足<8,不投,0,,,不投,不投,,,,,不投,赛事级和盘口标签历史样本都不足
2026-08-29,意大利,顶级,意甲,蒙扎 vs 乌迪内斯,2-3,已结算,平手/半球,阻上/降温保护,4,样本不足<8,样本不足<8,不投,0,,,不投,不投,,,,,不投,赛事级和盘口标签历史样本都不足
2026-08-29,英格兰,顶级,英超,托特纳姆热刺 vs 纽卡斯尔联,0-2,已结算,平手/半球,平衡盘/等待临场确认,5,样本不足<8,样本不足<8,不投,0,,,不投,不投,,,,,不投,赛事级和盘口标签历史样本都不足
2026-08-29,西班牙,次次级,西协甲,亚勒那斯 vs 费罗尔竞技,1-1,已结算,平手,诱上/阻下,1,样本不足<8,样本不足<8,不投,0,,,不投,不投,,,,,不投,赛事级和盘口标签历史样本都不足
2026-08-29,意大利,次级,意乙,恩特拉 vs 切塞纳,1-2,已结算,平手/半球,平衡盘/等待临场确认,2,样本不足<8,样本不足<8,不投,0,,,不投,不投,,,,,不投,赛事级和盘口标签历史样本都不足
2026-08-29,意大利,次级,意乙,桑普多利亚 vs 史泰比亚,1-2,已结算,半球,平衡盘/等待临场确认,3,样本不足<8,样本不足<8,不投,0,,,不投,不投,,,,,不投,赛事级和盘口标签历史样本都不足
2026-08-29,西班牙,次级,西乙,莱加内斯 vs 埃登斯,1-0,已结算,半球,平衡盘/等待临场确认,3,样本不足<8,样本不足<8,不投,0,,,不投,不投,,,,,不投,赛事级和盘口标签历史样本都不足
2026-08-29,西班牙,次级,西乙,阿尔巴塞特 vs 皇家奥维耶多,0-1,已结算,平手/半球,阻上/降温保护,3,样本不足<8,样本不足<8,不投,0,,,不投,不投,,,,,不投,赛事级和盘口标签历史样本都不足
2026-08-29,西班牙,顶级,西甲,皇家社会 vs 西班牙人,2-1,已结算,半球/一球,阻上/诱下,6,样本不足<8,样本不足<8,不投,1,样本不足<8,样本不足<8,不投,不投,,,,,不投,赛事级和盘口标签历史样本都不足
2026-08-29,西班牙,次次级,西协甲,梅里达AD vs 拉科鲁尼亚B队,1-0,已结算,平手/半球,平衡盘/等待临场确认,2,样本不足<8,样本不足<8,不投,0,,,不投,不投,,,,,不投,赛事级和盘口标签历史样本都不足
2026-08-29,西班牙,次次级,西协甲,瑞欧马加达宏达 vs 比利亚雷亚尔B队,1-2,已结算,平手/半球,平衡盘/等待临场确认,4,样本不足<8,样本不足<8,不投,0,,,不投,不投,,,,,不投,赛事级和盘口标签历史样本都不足
2026-08-29,西班牙,次次级,西协甲,艾基史拉斯 vs 卡塔赫纳,1-3,已结算,平手/半球,平衡盘/等待临场确认,2,样本不足<8,样本不足<8,不投,0,,,不投,不投,,,,,不投,赛事级和盘口标签历史样本都不足
2026-08-29,西班牙,次次级,西协甲,萨莫拉 vs 毕尔巴鄂竞技B队,1-1,已结算,半球,平衡盘/等待临场确认,2,样本不足<8,样本不足<8,不投,0,,,不投,不投,,,,,不投,赛事级和盘口标签历史样本都不足
2026-08-29,西班牙,次次级,西协甲,韦斯卡 vs 圣特安德雷,1-0,已结算,半球/一球,诱上/阻下,3,样本不足<8,样本不足<8,不投,0,,,不投,不投,,,,,不投,赛事级和盘口标签历史样本都不足
2026-08-29,法国,次级,法乙,甘冈 vs 南特,3-3,已结算,平手,降温保护/诱下,2,样本不足<8,样本不足<8,不投,0,,,不投,不投,,,,,不投,赛事级和盘口标签历史样本都不足
2026-08-29,德国,次级,德乙,纽伦堡 vs 比勒菲尔德,4-1,已结算,平手/半球,平衡盘/等待临场确认,2,样本不足<8,样本不足<8,不投,0,,,不投,不投,,,,,不投,赛事级和盘口标签历史样本都不足
2026-08-29,意大利,顶级,意甲,尤文图斯 vs 帕尔马,2-0,已结算,球半/两球,平衡盘/等待临场确认,4,样本不足<8,样本不足<8,不投,0,,,不投,不投,,,,,不投,赛事级和盘口标签历史样本都不足
2026-08-29,法国,顶级,法甲,布雷斯特 vs 图卢兹,2-2,已结算,平手,平衡盘/等待临场确认,1,样本不足<8,样本不足<8,不投,0,,,不投,不投,,,,,不投,赛事级和盘口标签历史样本都不足
2026-08-29,法国,顶级,法甲,欧塞尔 vs 昂热,1-3,已结算,半球,阻上/降温保护,1,样本不足<8,样本不足<8,不投,0,,,不投,不投,,,,,不投,赛事级和盘口标签历史样本都不足
2026-08-29,法国,顶级,法甲,洛里昂 vs 特鲁瓦,1-2,已结算,半球,阻下/上盘保护,1,样本不足<8,样本不足<8,不投,0,,,不投,不投,,,,,不投,赛事级和盘口标签历史样本都不足
2026-08-29,法国,顶级,法甲,里昂 vs 勒阿弗尔,1-1,已结算,一球/球半,阻上/降温保护,2,样本不足<8,样本不足<8,不投,0,,,不投,不投,,,,,不投,赛事级和盘口标签历史样本都不足
2026-08-29,意大利,次次级,意丙,摩诺波利 vs 卡塔尼亚,2-0,已结算,平手/半球,平衡盘/等待临场确认,13,50.0%,42.3%,正向,0,,,不投,正向,,50.0%,,,不投,当前正期望方水位缺失
2026-08-29,意大利,次次级,意丙,斯佩齐亚 vs 坎伯巴索,1-0,已结算,半球,诱上/阻下,10,65.0%,30.0%,正向,1,样本不足<8,样本不足<8,不投,正向,坎伯巴索,65.0%,0.95,53.3%,可投,通过:65.0% >= 53.3%
2026-08-29,意大利,次次级,意丙,皮内托 vs 利沃诺,0-0,已结算,平手,平衡盘/等待临场确认,9,72.2%,22.2%,正向,0,,,不投,正向,,72.2%,,,不投,当前正期望方水位缺失
2026-08-29,意大利,次次级,意丙,福尔利 vs 佩斯卡拉,6-3,已结算,半球,诱下/上盘降温,7,样本不足<8,样本不足<8,不投,0,,,不投,不投,,,,,不投,赛事级和盘口标签历史样本都不足
2026-08-29,意大利,次次级,意丙,科森扎 vs 波坦察,1-2,已结算,平手/半球,真实示弱/阻下,11,59.1%,36.4%,正向,1,样本不足<8,样本不足<8,不投,正向,科森扎,59.1%,0.65,62.6%,不投,赛前历史胜率59.1%低于水位阈值62.6%
2026-08-29,意大利,次级,意乙,帕多瓦 vs 维罗纳,1-1,已结算,平手,诱上/阻下,2,样本不足<8,样本不足<8,不投,0,,,不投,不投,,,,,不投,赛事级和盘口标签历史样本都不足
2026-08-29,意大利,次级,意乙,阿斯科利 vs 凯勒雷斯,1-1,已结算,半球,平衡盘/等待临场确认,1,样本不足<8,样本不足<8,不投,0,,,不投,不投,,,,,不投,赛事级和盘口标签历史样本都不足
2026-08-29,意大利,次级,意乙,阿维利诺 vs 维琴察,3-0,已结算,平手/半球,真实示强/阻上,1,样本不足<8,样本不足<8,不投,0,,,不投,不投,,,,,不投,赛事级和盘口标签历史样本都不足
2026-08-29,西班牙,次级,西乙,赫罗纳 vs 拉斯帕尔马斯,5-2,已结算,半球/一球,平衡盘/等待临场确认,3,样本不足<8,样本不足<8,不投,0,,,不投,不投,,,,,不投,赛事级和盘口标签历史样本都不足
2026-08-29,西班牙,次次级,西协甲,赫库斯 vs 穆尔西亚,1-2,已结算,平手,诱上/阻下,2,样本不足<8,样本不足<8,不投,1,,,不投,不投,,,,,不投,赛事级和盘口标签历史样本都不足
2026-08-29,西班牙,顶级,西甲,塞维利亚 vs 马德里竞技,1-3,已结算,半球,阻上/降温保护,7,样本不足<8,样本不足<8,不投,0,,,不投,不投,,,,,不投,赛事级和盘口标签历史样本都不足
2026-08-31,意大利,顶级,意甲,莱切 vs 罗马,0-4,已结算,一球/球半,阻上/诱下,4,样本不足<8,样本不足<8,不投,0,,,不投,不投,,,,,不投,赛事级和盘口标签历史样本都不足
2026-08-31,西班牙,次级,西乙,布尔戈斯 vs 皇家社会B队,2-2,已结算,半球,诱上/阻下,3,样本不足<8,样本不足<8,不投,0,,,不投,不投,,,,,不投,赛事级和盘口标签历史样本都不足
2026-08-31,西班牙,次次级,西协甲,洛格朗尼斯 vs 艾斯马度华,2-1,已结算,平手/半球,真实示强/阻上,4,样本不足<8,样本不足<8,不投,0,,,不投,不投,,,,,不投,赛事级和盘口标签历史样本都不足
2026-08-31,西班牙,顶级,西甲,奥萨苏纳 vs 赫塔菲,1-0,已结算,平手/半球,阻下/上盘保护,8,37.5%,43.8%,反向,0,,,不投,反向,赫塔菲,43.8%,1.04,51.0%,不投,赛前历史胜率43.8%低于水位阈值51.0%
2026-08-31,意大利,次次级,意丙,诺瓦拉 vs US弗格尔,2-2,已结算,平手/半球,诱下/上盘降温,15,50.0%,43.3%,正向,2,样本不足<8,样本不足<8,不投,正向,诺瓦拉,50.0%,0.99,52.2%,不投,赛前历史胜率50.0%低于水位阈值52.2%
2026-08-31,意大利,顶级,意甲,亚特兰大 vs 博洛尼亚,1-0,已结算,半球,平衡盘/等待临场确认,4,样本不足<8,样本不足<8,不投,0,,,不投,不投,,,,,不投,赛事级和盘口标签历史样本都不足
2026-08-31,法国,次级,法乙,第戎 vs 圣埃蒂安,2-3,已结算,半球/一球,诱上/阻下,4,样本不足<8,样本不足<8,不投,0,,,不投,不投,,,,,不投,赛事级和盘口标签历史样本都不足
2026-08-31,意大利,次次级,意丙,AC雷纳特 vs 奇塔代拉,0-1,已结算,平手/半球,阻上/降温保护,16,46.9%,43.8%,正向,0,,,不投,正向,,46.9%,,,不投,当前正期望方水位缺失
2026-08-31,意大利,次次级,意丙,加尔维纳 vs 特伦托,0-0,已结算,平手/半球,平衡盘/等待临场确认,15,50.0%,43.3%,正向,0,,,不投,正向,,50.0%,,,不投,当前正期望方水位缺失
2026-08-31,意大利,次次级,意丙,特雷维索 vs 莱科,1-0,已结算,平手/半球,真实示强/阻上,16,46.9%,43.8%,正向,0,,,不投,正向,特雷维索,46.9%,0.88,55.2%,不投,赛前历史胜率46.9%低于水位阈值55.2%
2026-08-31,意大利,次次级,意丙,阿尔比诺勒菲 vs 奥斯皮塔莱托,1-1,已结算,平手/半球,阻上/降温保护,15,50.0%,43.3%,正向,0,,,不投,正向,,50.0%,,,不投,当前正期望方水位缺失
2026-08-31,英格兰,顶级,英超,阿斯顿维拉 vs 阿森纳,0-1,已结算,一球,诱上/阻下,5,样本不足<8,样本不足<8,不投,0,,,不投,不投,,,,,不投,赛事级和盘口标签历史样本都不足
2026-08-31,西班牙,次次级,西协甲,特鲁埃尔 vs 皇家马德里B队,0-0,已结算,平手/半球,阻上/诱下,5,样本不足<8,样本不足<8,不投,1,样本不足<8,样本不足<8,不投,不投,,,,,不投,赛事级和盘口标签历史样本都不足
2026-08-31,西班牙,次级,西乙,塞尔塔B队 vs 卡斯迪隆,1-2,已结算,半球/一球,阻上/降温保护,4,样本不足<8,样本不足<8,不投,0,,,不投,不投,,,,,不投,赛事级和盘口标签历史样本都不足
2026-08-31,西班牙,顶级,西甲,巴塞罗那 vs 巴列卡诺,5-2,已结算,两球半/三球,诱上/阻下,7,样本不足<8,样本不足<8,不投,0,,,不投,不投,,,,,不投,赛事级和盘口标签历史样本都不足
