分组类型,分组,已结算投注数,胜率,负率,盈亏Unit,ROI,红,红半,走水,黑半,黑
比赛分类,国内杯赛,20,0.6316,0.3684,3.0750,0.1839,11,1,1,1,6
微观板块,拉美,14,0.6923,0.3077,2.4000,0.1618,6,3,1,0,4
微观板块+标签,拉美 / 诱上/阻下,11,0.7000,0.3000,2.0650,0.2003,5,2,1,0,3
比赛分类+标签,国内杯赛 / 诱上/阻下,13,0.5833,0.4167,1.5900,0.1604,7,0,1,0,5
盘口意图标签,诱下/上盘降温,12,0.5000,0.5000,-0.2650,-0.1038,5,1,0,2,4
盘口档位+标签,半球/一球 / 诱上/阻下,8,0.6250,0.3750,-0.4375,-0.1787,1,4,0,0,3
比赛分类,成年联赛T1,15,0.5714,0.4286,-0.4625,-0.0495,5,3,1,1,5
微观板块+标签,欧洲非五大 / 诱下/上盘降温,9,0.4444,0.5556,-0.6000,-0.1862,4,0,0,2,3
盘口档位,半球/一球,10,0.6000,0.4000,-0.9725,-0.1983,1,5,0,0,4
盘口意图标签,阻上/诱下,10,0.4000,0.6000,-1.3100,-0.1284,4,0,0,2,4
微观板块+标签,欧洲五大 / 阻上/诱下,8,0.3750,0.6250,-1.3500,-0.1527,3,0,0,2,3
微观板块,欧洲非五大,37,0.5135,0.4865,-1.5875,-0.0899,16,3,0,2,16
盘口档位+标签,半球 / 诱上/阻下,8,0.3750,0.6250,-1.5900,-0.2805,3,0,0,0,5
微观板块+标签,欧洲非五大 / 诱上/阻下,21,0.5238,0.4762,-2.1675,-0.1777,8,3,0,0,10
微观板块+标签,欧洲五大 / 诱上/阻下,8,0.4286,0.5714,-2.2300,-0.3890,1,2,1,0,4
盘口档位,半球,13,0.3846,0.6154,-2.7900,-0.2648,5,0,0,0,8
盘口档位+标签,平手 / 诱上/阻下,8,0.2857,0.7143,-2.9400,-0.4243,2,0,1,0,5
盘口档位,平手/半球,22,0.4091,0.5909,-3.0750,-0.1741,9,0,0,4,9
盘口意图标签,诱上/阻下,41,0.5385,0.4615,-3.3325,-0.1339,14,7,2,0,18
盘口档位,平手,9,0.2500,0.7500,-3.4400,-0.4589,2,0,1,0,6
比赛分类+标签,成年联赛T2 / 诱上/阻下,14,0.4286,0.5714,-4.7450,-0.4861,2,4,0,0,8
微观板块,欧洲五大,21,0.4000,0.6000,-4.8400,-0.2531,6,2,1,2,10
比赛分类,成年联赛T3,8,0.1250,0.8750,-5.1000,-0.7167,1,0,0,1,6
比赛分类,成年联赛T2,26,0.4231,0.5769,-5.4200,-0.2910,7,4,0,1,14
比赛分类,洲际杯赛,4,1.0000,0.0000,2.8800,0.8229,4,0,0,0,0
比赛分类+标签,洲际杯赛 / 诱上/阻下,4,1.0000,0.0000,2.8800,0.8229,4,0,0,0,0
赛事,欧罗巴杯,3,1.0000,0.0000,2.4700,0.8233,3,0,0,0,0
赛事+标签,欧罗巴杯 / 诱上/阻下,3,1.0000,0.0000,2.4700,0.8233,3,0,0,0,0
盘口档位,球半/两球,4,1.0000,0.0000,2.0450,0.7002,2,2,0,0,0
盘口档位+标签,球半/两球 / 诱上/阻下,4,1.0000,0.0000,2.0450,0.7002,2,2,0,0,0
微观板块+盘口档位+标签,欧洲非五大 / 球半/两球 / 诱上/阻下,4,1.0000,0.0000,2.0450,0.7002,2,2,0,0,0
微观板块+盘口档位+标签,拉美 / 半球 / 诱上/阻下,4,0.7500,0.2500,1.9100,0.4824,3,0,0,0,1
微观板块+标签,欧洲五大 / 降温保护/诱下,2,1.0000,0.0000,1.7400,0.8700,2,0,0,0,0
赛事,委内杯,3,1.0000,0.0000,1.6500,0.5500,2,0,1,0,0
盘口意图标签,降温保护/诱下,5,0.6000,0.4000,1.5900,0.4369,3,0,0,0,2
盘口档位,一球,7,0.6667,0.3333,1.5750,0.3645,4,0,1,0,2
赛事,法乙,2,1.0000,0.0000,1.5050,0.7795,1,1,0,0,0
比赛分类+标签,国内杯赛 / 诱下/上盘降温,7,0.7143,0.2857,1.4850,0.2418,4,1,0,1,1
赛事,德乙,2,1.0000,0.0000,1.3950,0.9503,2,0,0,0,0
盘口意图标签,阻下/下盘保护,2,1.0000,0.0000,1.2900,0.8600,2,0,0,0,0
微观板块+标签,欧洲非五大 / 阻下/下盘保护,2,1.0000,0.0000,1.2900,0.8600,2,0,0,0,0
比赛分类+标签,成年联赛T1 / 阻下/下盘保护,2,1.0000,0.0000,1.2900,0.8600,2,0,0,0,0
赛事+标签,欧女杯 / 诱下/上盘降温,4,0.7500,0.2500,1.1500,0.5750,3,0,0,1,0
赛事+标签,法乙 / 阻上/诱下,1,1.0000,0.0000,1.0800,1.0800,1,0,0,0,0
盘口档位,两球/两球半,2,1.0000,0.0000,0.9950,1.0008,2,0,0,0,0
赛事,德丙,1,1.0000,0.0000,0.9000,0.9000,1,0,0,0,0
盘口档位+标签,一球 / 降温保护/诱下,1,1.0000,0.0000,0.9000,0.9000,1,0,0,0,0
赛事+标签,德丙 / 降温保护/诱下,1,1.0000,0.0000,0.9000,0.9000,1,0,0,0,0
比赛分类+标签,成年联赛T3 / 降温保护/诱下,1,1.0000,0.0000,0.9000,0.9000,1,0,0,0,0
微观板块+盘口档位+标签,欧洲五大 / 一球 / 降温保护/诱下,1,1.0000,0.0000,0.9000,0.9000,1,0,0,0,0
盘口档位,球半,2,1.0000,0.0000,0.8950,0.8950,2,0,0,0,0
赛事+标签,委内杯 / 诱下/上盘降温,1,1.0000,0.0000,0.8700,0.8700,1,0,0,0,0
微观板块+盘口档位+标签,拉美 / 平手/半球 / 诱下/上盘降温,1,1.0000,0.0000,0.8700,0.8700,1,0,0,0,0
赛事,比甲,1,1.0000,0.0000,0.8600,0.8600,1,0,0,0,0
盘口档位+标签,一球 / 阻下/下盘保护,1,1.0000,0.0000,0.8600,0.8600,1,0,0,0,0
赛事+标签,比甲 / 阻下/下盘保护,1,1.0000,0.0000,0.8600,0.8600,1,0,0,0,0
微观板块+盘口档位+标签,欧洲非五大 / 一球 / 阻下/下盘保护,1,1.0000,0.0000,0.8600,0.8600,1,0,0,0,0
赛事,西甲,2,1.0000,0.0000,0.8450,0.5782,1,1,0,0,0
赛事+标签,西甲 / 诱上/阻下,2,1.0000,0.0000,0.8450,0.5782,1,1,0,0,0
赛事,瑞典杯,1,1.0000,0.0000,0.8400,0.8400,1,0,0,0,0
赛事+标签,瑞典杯 / 诱上/阻下,1,1.0000,0.0000,0.8400,0.8400,1,0,0,0,0
赛事+标签,德乙 / 降温保护/诱下,1,1.0000,0.0000,0.8400,0.8400,1,0,0,0,0
微观板块+盘口档位+标签,欧洲五大 / 平手/半球 / 降温保护/诱下,1,1.0000,0.0000,0.8400,0.8400,1,0,0,0,0
赛事,巴拉杯,1,1.0000,0.0000,0.8200,0.8200,1,0,0,0,0
盘口档位+标签,一球/球半 / 诱上/阻下,1,1.0000,0.0000,0.8200,0.8200,1,0,0,0,0
赛事+标签,巴拉杯 / 诱上/阻下,1,1.0000,0.0000,0.8200,0.8200,1,0,0,0,0
微观板块+盘口档位+标签,欧洲非五大 / 一球/球半 / 诱上/阻下,1,1.0000,0.0000,0.8200,0.8200,1,0,0,0,0
赛事+标签,委内杯 / 诱上/阻下,2,1.0000,0.0000,0.7800,0.3900,1,0,1,0,0
比赛分类+标签,成年联赛T2 / 降温保护/诱下,4,0.5000,0.5000,0.6900,0.2999,2,0,0,0,2
盘口档位+标签,平手/半球 / 阻上/诱下,6,0.5000,0.5000,0.6750,0.1633,3,0,0,2,1
赛事,欧女杯,5,0.6000,0.4000,0.6500,0.2600,3,0,0,1,1
比赛分类+标签,成年联赛T2 / 阻上/诱下,4,0.5000,0.5000,0.6350,0.2653,2,0,0,1,1
微观板块+盘口档位+标签,欧洲非五大 / 平手/半球 / 诱上/阻下,3,0.6667,0.3333,0.6100,0.1477,2,0,0,0,1
微观板块+盘口档位+标签,拉美 / 半球/一球 / 诱上/阻下,2,1.0000,0.0000,0.5950,0.3971,0,2,0,0,0
赛事,挪甲,2,1.0000,0.0000,0.5800,0.5800,1,1,0,0,0
赛事+标签,挪甲 / 诱上/阻下,2,1.0000,0.0000,0.5800,0.5800,1,1,0,0,0
赛事+标签,德乙 / 阻上/诱下,1,1.0000,0.0000,0.5550,1.1100,1,0,0,0,0
赛事,荷甲,1,1.0000,0.0000,0.5400,1.0800,1,0,0,0,0
赛事+标签,荷甲 / 阻上/诱下,1,1.0000,0.0000,0.5400,1.0800,1,0,0,0,0
微观板块+盘口档位+标签,欧洲非五大 / 平手/半球 / 阻上/诱下,1,1.0000,0.0000,0.5400,1.0800,1,0,0,0,0
赛事+标签,乌拉杯 / 诱上/阻下,3,0.6667,0.3333,0.5300,0.1767,2,0,0,0,1
赛事,德甲,1,1.0000,0.0000,0.5150,1.0300,1,0,0,0,0
盘口档位+标签,两球/两球半 / 阻上/诱下,1,1.0000,0.0000,0.5150,1.0300,1,0,0,0,0
赛事+标签,德甲 / 阻上/诱下,1,1.0000,0.0000,0.5150,1.0300,1,0,0,0,0
微观板块+盘口档位+标签,欧洲五大 / 两球/两球半 / 阻上/诱下,1,1.0000,0.0000,0.5150,1.0300,1,0,0,0,0
赛事+标签,俄甲 / 诱下/上盘降温,1,1.0000,0.0000,0.5000,1.0000,1,0,0,0,0
盘口档位+标签,两球/两球半 / 诱下/上盘降温,1,1.0000,0.0000,0.4800,0.9600,1,0,0,0,0
微观板块+盘口档位+标签,欧洲非五大 / 两球/两球半 / 诱下/上盘降温,1,1.0000,0.0000,0.4800,0.9600,1,0,0,0,0
盘口档位+标签,球半 / 诱下/上盘降温,1,1.0000,0.0000,0.4700,0.9400,1,0,0,0,0
微观板块+盘口档位+标签,欧洲非五大 / 球半 / 诱下/上盘降温,1,1.0000,0.0000,0.4700,0.9400,1,0,0,0,0
盘口档位+标签,半球/一球 / 诱下/上盘降温,1,1.0000,0.0000,0.4650,0.4650,0,1,0,0,0
微观板块+盘口档位+标签,拉美 / 半球/一球 / 诱下/上盘降温,1,1.0000,0.0000,0.4650,0.4650,0,1,0,0,0
微观板块+盘口档位+标签,欧洲非五大 / 半球 / 诱下/上盘降温,1,1.0000,0.0000,0.4500,0.9000,1,0,0,0,0
赛事,葡超,1,1.0000,0.0000,0.4300,0.8600,1,0,0,0,0
盘口档位+标签,平手/半球 / 阻下/下盘保护,1,1.0000,0.0000,0.4300,0.8600,1,0,0,0,0
赛事+标签,葡超 / 阻下/下盘保护,1,1.0000,0.0000,0.4300,0.8600,1,0,0,0,0
微观板块+盘口档位+标签,欧洲非五大 / 平手/半球 / 阻下/下盘保护,1,1.0000,0.0000,0.4300,0.8600,1,0,0,0,0
盘口档位+标签,球半 / 诱上/阻下,1,1.0000,0.0000,0.4250,0.8500,1,0,0,0,0
赛事+标签,法乙 / 诱上/阻下,1,1.0000,0.0000,0.4250,0.4250,0,1,0,0,0
微观板块+盘口档位+标签,欧洲五大 / 球半 / 诱上/阻下,1,1.0000,0.0000,0.4250,0.8500,1,0,0,0,0
盘口档位,两球半/三球,1,1.0000,0.0000,0.4200,0.4200,0,1,0,0,0
盘口档位+标签,两球半/三球 / 诱上/阻下,1,1.0000,0.0000,0.4200,0.4200,0,1,0,0,0
微观板块+盘口档位+标签,欧洲五大 / 两球半/三球 / 诱上/阻下,1,1.0000,0.0000,0.4200,0.4200,0,1,0,0,0
赛事,欧冠杯,1,1.0000,0.0000,0.4100,0.8200,1,0,0,0,0
赛事+标签,欧冠杯 / 诱上/阻下,1,1.0000,0.0000,0.4100,0.8200,1,0,0,0,0
赛事,哥伦甲秋,1,1.0000,0.0000,0.3950,0.3950,0,1,0,0,0
赛事+标签,哥伦甲秋 / 诱上/阻下,1,1.0000,0.0000,0.3950,0.3950,0,1,0,0,0
盘口档位+标签,半球 / 降温保护/诱下,2,0.5000,0.5000,0.3500,0.3583,1,0,0,0,1
赛事+标签,捷乙 / 降温保护/诱下,2,0.5000,0.5000,0.3500,0.3583,1,0,0,0,1
微观板块+盘口档位+标签,欧洲非五大 / 半球 / 降温保护/诱下,2,0.5000,0.5000,0.3500,0.3583,1,0,0,0,1
盘口档位+标签,平手/半球 / 降温保护/诱下,2,0.5000,0.5000,0.3400,0.2267,1,0,0,0,1
微观板块+标签,拉美 / 诱下/上盘降温,3,0.6667,0.3333,0.3350,0.0350,1,1,0,0,1
盘口档位,一球/球半,2,0.5000,0.5000,0.3200,0.2865,1,0,0,0,1
盘口档位+标签,一球 / 诱上/阻下,4,0.6667,0.3333,0.3150,0.1335,2,0,1,0,1
微观板块+盘口档位+标签,欧洲非五大 / 一球 / 诱上/阻下,3,0.6667,0.3333,0.3150,0.2100,2,0,0,0,1
赛事+标签,冰岛甲 / 诱上/阻下,1,1.0000,0.0000,0.2100,0.4200,0,1,0,0,0
赛事+标签,捷甲 / 诱上/阻下,1,1.0000,0.0000,0.2025,0.4050,0,1,0,0,0
微观板块+盘口档位+标签,欧洲五大 / 平手/半球 / 阻上/诱下,5,0.4000,0.6000,0.1350,0.0549,2,0,0,2,1
赛事,丹麦杯,4,0.5000,0.5000,0.1200,0.0737,2,0,0,0,2
赛事+标签,丹麦杯 / 诱上/阻下,4,0.5000,0.5000,0.1200,0.0737,2,0,0,0,2
微观板块+标签,欧洲非五大 / 阻上/诱下,2,0.5000,0.5000,0.0400,0.0400,1,0,0,0,1
赛事+标签,英超 / 诱上/阻下,1,,,0.0000,0.0000,0,0,1,0,0
微观板块+盘口档位+标签,欧洲五大 / 一球 / 诱上/阻下,1,,,0.0000,0.0000,0,0,1,0,0
赛事,乌拉杯,5,0.6000,0.4000,-0.0050,-0.0435,2,1,0,0,2
赛事,捷甲,2,0.5000,0.5000,-0.0475,-0.0475,0,1,0,1,0
比赛分类+标签,成年联赛T1 / 诱上/阻下,7,0.6667,0.3333,-0.0575,-0.1226,1,3,1,0,2
微观板块+盘口档位+标签,欧洲五大 / 半球/一球 / 诱上/阻下,2,0.5000,0.5000,-0.0750,-0.2148,0,1,0,0,1
盘口档位+标签,平手/半球 / 诱下/上盘降温,5,0.4000,0.6000,-0.1300,-0.1346,2,0,0,2,1
赛事,捷乙,3,0.3333,0.6667,-0.1500,0.0731,1,0,0,0,2
微观板块+标签,欧洲非五大 / 降温保护/诱下,3,0.3333,0.6667,-0.1500,0.0731,1,0,0,0,2
赛事,阿乙曼特秋,2,0.5000,0.5000,-0.1600,-0.0800,1,0,0,0,1
赛事+标签,阿乙曼特秋 / 诱上/阻下,2,0.5000,0.5000,-0.1600,-0.0800,1,0,0,0,1
赛事+标签,捷甲 / 诱下/上盘降温,1,0.0000,1.0000,-0.2500,-0.5000,0,0,0,1,0
赛事,冰岛甲,2,0.5000,0.5000,-0.2900,-0.2900,0,1,0,0,1
赛事,哥伦乙秋,2,0.5000,0.5000,-0.3000,-0.3000,0,1,0,0,1
赛事+标签,哥伦乙秋 / 诱上/阻下,2,0.5000,0.5000,-0.3000,-0.3000,0,1,0,0,1
微观板块+盘口档位+标签,拉美 / 平手 / 诱上/阻下,5,0.5000,0.5000,-0.4400,-0.0880,2,0,1,0,2
赛事,俄甲,2,0.5000,0.5000,-0.5000,-0.4684,1,0,0,0,1
赛事,克亚甲,1,0.0000,1.0000,-0.5000,-1.0000,0,0,0,0,1
赛事,丹麦甲,1,0.0000,1.0000,-0.5000,-1.0000,0,0,0,0,1
赛事,英冠,1,0.0000,1.0000,-0.5000,-0.5000,0,0,0,1,0
盘口档位+标签,一球/球半 / 诱下/上盘降温,1,0.0000,1.0000,-0.5000,-1.0000,0,0,0,0,1
盘口档位+标签,一球 / 阻上/诱下,1,0.0000,1.0000,-0.5000,-1.0000,0,0,0,0,1
盘口档位+标签,平手 / 诱下/上盘降温,1,0.0000,1.0000,-0.5000,-1.0000,0,0,0,0,1
赛事+标签,欧女杯 / 诱上/阻下,1,0.0000,1.0000,-0.5000,-1.0000,0,0,0,0,1
赛事+标签,法甲 / 诱上/阻下,1,0.0000,1.0000,-0.5000,-1.0000,0,0,0,0,1
赛事+标签,冰岛甲 / 降温保护/诱下,1,0.0000,1.0000,-0.5000,-1.0000,0,0,0,0,1
赛事+标签,克亚甲 / 诱下/上盘降温,1,0.0000,1.0000,-0.5000,-1.0000,0,0,0,0,1
赛事+标签,丹麦甲 / 阻上/诱下,1,0.0000,1.0000,-0.5000,-1.0000,0,0,0,0,1
赛事+标签,比乙 / 诱下/上盘降温,1,0.0000,1.0000,-0.5000,-1.0000,0,0,0,0,1
赛事+标签,英冠 / 阻上/诱下,1,0.0000,1.0000,-0.5000,-0.5000,0,0,0,1,0
赛事+标签,捷乙 / 诱上/阻下,1,0.0000,1.0000,-0.5000,-1.0000,0,0,0,0,1
微观板块+盘口档位+标签,欧洲非五大 / 一球/球半 / 诱下/上盘降温,1,0.0000,1.0000,-0.5000,-1.0000,0,0,0,0,1
微观板块+盘口档位+标签,欧洲非五大 / 一球 / 阻上/诱下,1,0.0000,1.0000,-0.5000,-1.0000,0,0,0,0,1
微观板块+盘口档位+标签,欧洲非五大 / 平手 / 诱下/上盘降温,1,0.0000,1.0000,-0.5000,-1.0000,0,0,0,0,1
微观板块+盘口档位+标签,欧洲非五大 / 平手/半球 / 降温保护/诱下,1,0.0000,1.0000,-0.5000,-1.0000,0,0,0,0,1
赛事+标签,乌拉杯 / 诱下/上盘降温,2,0.5000,0.5000,-0.5350,-0.3408,0,1,0,0,1
盘口档位+标签,半球 / 诱下/上盘降温,2,0.5000,0.5000,-0.5500,-0.4484,1,0,0,0,1
比赛分类+标签,成年联赛T1 / 诱下/上盘降温,2,0.0000,1.0000,-0.7500,-0.7500,0,0,0,1,1
比赛分类+标签,成年联赛T1 / 阻上/诱下,4,0.5000,0.5000,-0.9450,-0.2347,2,0,0,0,2
微观板块+盘口档位+标签,欧洲非五大 / 半球/一球 / 诱上/阻下,4,0.5000,0.5000,-0.9575,-0.3899,1,1,0,0,2
比赛分类+标签,成年联赛T2 / 诱下/上盘降温,3,0.3333,0.6667,-1.0000,-0.5800,1,0,0,0,2
微观板块+盘口档位+标签,欧洲非五大 / 平手/半球 / 诱下/上盘降温,4,0.2500,0.7500,-1.0000,-0.4793,1,0,0,2,1
赛事,英超,2,0.0000,1.0000,-1.0000,-0.5412,0,0,1,0,1
赛事+标签,西协甲 / 阻上/诱下,2,0.0000,1.0000,-1.0000,-0.7245,0,0,0,1,1
比赛分类+标签,成年联赛T3 / 阻上/诱下,2,0.0000,1.0000,-1.0000,-0.7245,0,0,0,1,1
微观板块,东亚,1,0.0000,1.0000,-1.0000,-1.0000,0,0,0,0,1
盘口档位,两球半,1,0.0000,1.0000,-1.0000,-1.0000,0,0,0,0,1
赛事,英联杯,1,0.0000,1.0000,-1.0000,-1.0000,0,0,0,0,1
赛事,法丙,1,0.0000,1.0000,-1.0000,-1.0000,0,0,0,0,1
赛事,俄超,1,0.0000,1.0000,-1.0000,-1.0000,0,0,0,0,1
赛事,丹麦乙,1,0.0000,1.0000,-1.0000,-1.0000,0,0,0,0,1
赛事,捷丙,1,0.0000,1.0000,-1.0000,-1.0000,0,0,0,0,1
赛事,克亚乙,1,0.0000,1.0000,-1.0000,-1.0000,0,0,0,0,1
赛事,日职乙,1,0.0000,1.0000,-1.0000,-1.0000,0,0,0,0,1
赛事,意乙,1,0.0000,1.0000,-1.0000,-1.0000,0,0,0,0,1
赛事,西乙,1,0.0000,1.0000,-1.0000,-1.0000,0,0,0,0,1
赛事,意丙,1,0.0000,1.0000,-1.0000,-1.0000,0,0,0,0,1
微观板块+标签,东亚 / 诱上/阻下,1,0.0000,1.0000,-1.0000,-1.0000,0,0,0,0,1
盘口档位+标签,两球半 / 诱上/阻下,1,0.0000,1.0000,-1.0000,-1.0000,0,0,0,0,1
盘口档位+标签,半球 / 阻上/诱下,1,0.0000,1.0000,-1.0000,-1.0000,0,0,0,0,1
盘口档位+标签,半球/一球 / 阻上/诱下,1,0.0000,1.0000,-1.0000,-1.0000,0,0,0,0,1
赛事+标签,英联杯 / 诱上/阻下,1,0.0000,1.0000,-1.0000,-1.0000,0,0,0,0,1
赛事+标签,法丙 / 诱上/阻下,1,0.0000,1.0000,-1.0000,-1.0000,0,0,0,0,1
赛事+标签,俄超 / 诱上/阻下,1,0.0000,1.0000,-1.0000,-1.0000,0,0,0,0,1
赛事+标签,丹麦乙 / 诱上/阻下,1,0.0000,1.0000,-1.0000,-1.0000,0,0,0,0,1
赛事+标签,俄甲 / 诱上/阻下,1,0.0000,1.0000,-1.0000,-1.0000,0,0,0,0,1
赛事+标签,捷丙 / 诱上/阻下,1,0.0000,1.0000,-1.0000,-1.0000,0,0,0,0,1
赛事+标签,克亚乙 / 诱下/上盘降温,1,0.0000,1.0000,-1.0000,-1.0000,0,0,0,0,1
赛事+标签,法甲 / 阻上/诱下,1,0.0000,1.0000,-1.0000,-1.0000,0,0,0,0,1
赛事+标签,日职乙 / 诱上/阻下,1,0.0000,1.0000,-1.0000,-1.0000,0,0,0,0,1
赛事+标签,英超 / 阻上/诱下,1,0.0000,1.0000,-1.0000,-1.0000,0,0,0,0,1
赛事+标签,意乙 / 真实示强/阻上,1,0.0000,1.0000,-1.0000,-1.0000,0,0,0,0,1
赛事+标签,西乙 / 诱上/阻下,1,0.0000,1.0000,-1.0000,-1.0000,0,0,0,0,1
赛事+标签,西协甲 / 真实示强/阻上,1,0.0000,1.0000,-1.0000,-1.0000,0,0,0,0,1
赛事+标签,意丙 / 真实示强/阻上,1,0.0000,1.0000,-1.0000,-1.0000,0,0,0,0,1
比赛分类+标签,成年联赛T2 / 真实示强/阻上,1,0.0000,1.0000,-1.0000,-1.0000,0,0,0,0,1
微观板块+盘口档位+标签,欧洲非五大 / 两球半 / 诱上/阻下,1,0.0000,1.0000,-1.0000,-1.0000,0,0,0,0,1
微观板块+盘口档位+标签,拉美 / 半球 / 诱下/上盘降温,1,0.0000,1.0000,-1.0000,-1.0000,0,0,0,0,1
微观板块+盘口档位+标签,欧洲五大 / 半球 / 阻上/诱下,1,0.0000,1.0000,-1.0000,-1.0000,0,0,0,0,1
微观板块+盘口档位+标签,东亚 / 平手 / 诱上/阻下,1,0.0000,1.0000,-1.0000,-1.0000,0,0,0,0,1
微观板块+盘口档位+标签,欧洲五大 / 半球/一球 / 阻上/诱下,1,0.0000,1.0000,-1.0000,-1.0000,0,0,0,0,1
微观板块+盘口档位+标签,欧洲五大 / 半球 / 诱上/阻下,1,0.0000,1.0000,-1.0000,-1.0000,0,0,0,0,1
盘口档位+标签,平手/半球 / 诱上/阻下,5,0.4000,0.6000,-1.3900,-0.2800,2,0,0,0,3
赛事,法甲,2,0.0000,1.0000,-1.5000,-1.0000,0,0,0,0,2
微观板块+盘口档位+标签,欧洲非五大 / 平手 / 诱上/阻下,2,0.0000,1.0000,-1.5000,-1.0000,0,0,0,0,2
赛事,西协甲,3,0.0000,1.0000,-2.0000,-0.8224,0,0,0,1,2
赛事+标签,比乙 / 诱上/阻下,2,0.0000,1.0000,-2.0000,-1.0000,0,0,0,0,2
比赛分类+标签,成年联赛T3 / 真实示强/阻上,2,0.0000,1.0000,-2.0000,-1.0000,0,0,0,0,2
微观板块+盘口档位+标签,欧洲五大 / 平手/半球 / 诱上/阻下,2,0.0000,1.0000,-2.0000,-1.0000,0,0,0,0,2
赛事,比乙,3,0.0000,1.0000,-2.5000,-1.0000,0,0,0,0,3
微观板块+盘口档位+标签,欧洲非五大 / 半球 / 诱上/阻下,3,0.0000,1.0000,-2.5000,-1.0000,0,0,0,0,3
盘口意图标签,真实示强/阻上,3,0.0000,1.0000,-3.0000,-1.0000,0,0,0,0,3
微观板块+标签,欧洲五大 / 真实示强/阻上,3,0.0000,1.0000,-3.0000,-1.0000,0,0,0,0,3
盘口档位+标签,平手/半球 / 真实示强/阻上,3,0.0000,1.0000,-3.0000,-1.0000,0,0,0,0,3
比赛分类+标签,成年联赛T3 / 诱上/阻下,3,0.0000,1.0000,-3.0000,-1.0000,0,0,0,0,3
微观板块+盘口档位+标签,欧洲五大 / 平手/半球 / 真实示强/阻上,3,0.0000,1.0000,-3.0000,-1.0000,0,0,0,0,3
