序号,日期,开赛时间,比赛ID,赛事,比赛,比赛分类,微观板块,盘口意图标签,盘口档位,正向水位,反向水位,已结算
1,2026-08-23,2026-08-23 00:00:00,20260823-TITAN-2908719-赛况更新-不新建赛前模拟,美职业,奥斯汀FC vs 费城联合,成年联赛T1,北美,真实示强/阻上,半球/一球,0.9500,0.9300,是
2,2026-08-23,2026-08-23 00:00:00,20260823-TITAN-2908720-赛况更新-不新建赛前模拟,美职业,纳什威尔SC vs 哥伦布机员,成年联赛T1,北美,诱上/阻下,半球/一球,1.0700,0.8100,是
4,2026-08-23,2026-08-23 00:00:00,20260823-TITAN-2908722-赛况更新-不新建赛前模拟,美职业,温哥华白浪 vs 达拉斯FC,成年联赛T1,北美,真实示强/阻上,球半,0.8900,0.9900,是
5,2026-08-23,2026-08-23 00:00:00,20260823-TITAN-2908723-赛况更新-不新建赛前模拟,美职业,洛杉矶FC vs 波特兰伐木者,成年联赛T1,北美,阻下/上盘保护,半球/一球,0.8600,1.0200,是
6,2026-08-23,2026-08-23 00:00:00,20260823-TITAN-2908724-赛况更新-不新建赛前模拟,美职业,圣地亚哥 vs 科罗拉多急流,成年联赛T1,北美,降温保护/诱下,平手/半球,0.8500,1.0300,是
7,2026-08-23,2026-08-23 00:00:00,20260823-TITAN-2908725-赛况更新-不新建赛前模拟,美职业,圣何塞地震 vs 明尼苏达联,成年联赛T1,北美,真实示弱/阻下,平手,0.9500,0.9300,是
10,2026-08-23,2026-08-23 00:00:00,20260823-TITAN-2912246-盘口快照-不形成模拟,瑞典超,哈马比 vs 哥德堡盖斯,成年联赛T1,欧洲非五大,阻下/上盘保护,一球/球半,0.8600,1.0300,是
11,2026-08-23,2026-08-23 00:00:00,20260823-TITAN-2912250-赛况更新-不新建赛前模拟,瑞典超,瓦斯特拉斯 vs 卡尔马,成年联赛T1,欧洲非五大,阻下/上盘保护,平手,0.8600,1.0200,是
12,2026-08-23,2026-08-23 00:00:00,20260823-TITAN-2916611-赛况更新-不新建赛前模拟,阿乙,北索尔塔中央 vs 卡塞罗斯学生队,成年联赛T2,拉美,诱上/阻下,平手,1.2100,0.6400,是
13,2026-08-23,2026-08-23 00:00:00,20260823-TITAN-2920950-赛况更新-不新建赛前模拟,澳维超,南墨尔本 vs 黑德堡,成年联赛T2,其他,阻下/上盘保护,平手,0.8600,1.0200,是
14,2026-08-23,2026-08-23 00:00:00,20260823-TITAN-2925514-赛况更新-不新建赛前模拟,韩K2联,忠南牙山 vs 龙仁FC,成年联赛T2,东亚,阻上/降温保护,半球,,,否
16,2026-08-23,2026-08-23 00:00:00,20260823-TITAN-2925516-赛况更新-不新建赛前模拟,韩K2联,全南天龙 vs 华城FC,成年联赛T2,东亚,真实示强/阻上,半球,0.9300,0.9300,是
18,2026-08-23,2026-08-23 00:00:00,20260823-TITAN-2929697-赛况更新-不新建赛前模拟,韩K联,大田市民 vs 江原FC,成年联赛T1,东亚,真实示强/阻上,平手/半球,0.9900,0.9000,是
19,2026-08-23,2026-08-23 00:00:00,20260823-TITAN-2929698-赛况更新-不新建赛前模拟,韩K联,光州FC vs 仁川联队,成年联赛T1,东亚,真实示弱/阻下,半球,0.9000,0.9900,是
23,2026-08-23,2026-08-23 00:00:00,20260823-TITAN-2942567-赛况更新-不新建赛前模拟,美冠联,伯明翰军团 vs 运动Jax,成年联赛T2,北美,诱下/上盘降温,一球,1.0100,0.8100,是
24,2026-08-23,2026-08-23 00:00:00,20260823-TITAN-2942570-赛况更新-不新建赛前模拟,美冠联,科罗拉多跃泉 vs 埃尔帕索机车,成年联赛T2,北美,真实示弱/阻下,平手/半球,1.1100,0.7200,是
25,2026-08-23,2026-08-23 00:00:00,20260823-TITAN-2942575-赛况更新-不新建赛前模拟,美冠联,奥兰治县布鲁斯 vs 塔尔萨FC,成年联赛T2,北美,真实示弱/阻下,平手,0.9900,0.8300,是
27,2026-08-23,2026-08-23 00:00:00,20260823-TITAN-2942578-赛况更新-不新建赛前模拟,美冠联,圣安东尼奥 vs 奥克兰根,成年联赛T2,北美,真实示弱/阻下,平手/半球,1.0300,0.7900,是
28,2026-08-23,2026-08-23 00:00:00,20260823-TITAN-2944796-赛况更新-不新建赛前模拟,中超,辽宁铁人 vs 河南队,成年联赛T1,东亚,真实示弱/阻下,平手,1.0600,0.8000,是
29,2026-08-23,2026-08-23 00:00:00,20260823-TITAN-2944797-赛况更新-不新建赛前模拟,中超,上海海港 vs 青岛海牛,成年联赛T1,东亚,真实示强/阻上,球半/两球,0.9100,0.9500,是
31,2026-08-23,2026-08-23 00:00:00,20260823-TITAN-2951626-赛况更新-不新建赛前模拟,中甲,深圳青年人 vs 南京城市,成年联赛T2,其他,真实示弱/阻下,半球,0.7300,1.0900,是
32,2026-08-23,2026-08-23 00:00:00,20260823-TITAN-2951627-赛况更新-不新建赛前模拟,中甲,长春亚泰 vs 佛山南狮,成年联赛T2,其他,真实示弱/阻下,半球,0.8400,0.9800,是
33,2026-08-23,2026-08-23 00:00:00,20260823-TITAN-2962584-赛况更新-不新建赛前模拟,阿甲,飓风队 vs 利斯特雷,成年联赛T1,拉美,真实示弱/阻下,平手/半球,0.8900,0.9900,是
34,2026-08-23,2026-08-23 00:00:00,20260823-TITAN-2962587-赛况更新-不新建赛前模拟,阿甲,纽维尔老男孩 vs 班菲尔德,成年联赛T1,拉美,阻上/诱下,半球,1.0800,0.8100,是
37,2026-08-23,2026-08-23 00:00:00,20260823-TITAN-2996120-赛况更新-不新建赛前模拟,荷甲,前进之鹰 vs 海牙,成年联赛T1,欧洲非五大,阻下/上盘保护,半球/一球,0.8500,1.0400,是
38,2026-08-23,2026-08-23 00:00:00,20260823-TITAN-2996121-赛况更新-不新建赛前模拟,荷甲,埃因霍温 vs 格罗宁根,成年联赛T1,欧洲非五大,真实示强/阻上,球半/两球,0.9300,0.9500,是
39,2026-08-23,2026-08-23 00:00:00,20260823-TITAN-2996122-盘口快照-不形成模拟,荷甲,坎布尔 vs 费耶诺德,成年联赛T1,欧洲非五大,真实示强/阻上,两球,0.9700,0.9200,是
40,2026-08-23,2026-08-23 00:00:00,20260823-TITAN-2996431-盘口快照-不形成模拟,荷乙,芬洛 vs 格拉夫夏普,成年联赛T2,欧洲非五大,降温保护/诱下,平手,0.8500,1.0300,是
41,2026-08-23,2026-08-23 00:00:00,20260823-TITAN-3000422-赛况更新-不新建赛前模拟,日职联,町田泽维亚<font color=#880000>(中)</font> vs 浦和红钻,成年联赛T1,东亚,降温保护/诱下,半球,0.8800,1.0000,是
42,2026-08-23,2026-08-23 00:00:00,20260823-TITAN-3001143-赛况更新-不新建赛前模拟,日职丙,高知联合 vs 赞岐,成年联赛T3,东亚,诱上/阻下,平手,1.1400,0.7500,是
43,2026-08-23,2026-08-23 00:00:00,20260823-TITAN-3001148-赛况更新-不新建赛前模拟,日职丙,SC相模原 vs 金泽,成年联赛T3,东亚,诱上/阻下,平手,1.0600,0.8200,是
44,2026-08-23,2026-08-23 00:00:00,20260823-TITAN-3003545-赛况更新-不新建赛前模拟,比甲,洛默尔 vs 韦斯特洛,成年联赛T1,欧洲非五大,阻上/诱下,平手/半球,1.0100,0.8700,是
45,2026-08-23,2026-08-23 00:00:00,20260823-TITAN-3003855-赛况更新-不新建赛前模拟,英超,布莱顿 vs 阿斯顿维拉,成年联赛T1,欧洲五大,诱上/阻下,平手/半球,1.1200,0.7800,是
47,2026-08-23,2026-08-23 00:00:00,20260823-TITAN-3003857-盘口快照-不形成模拟,英超,纽卡斯尔联 vs 利物浦,成年联赛T1,欧洲五大,真实示强/阻上,半球,0.9000,0.9900,是
48,2026-08-23,2026-08-23 00:00:00,20260823-TITAN-3005369-赛况更新-不新建赛前模拟,比乙,亨克B队 vs RFC列日,成年联赛T2,欧洲非五大,真实示弱/阻下,平手,0.9700,0.8900,是
49,2026-08-23,2026-08-23 00:00:00,20260823-TITAN-3008171-赛况更新-不新建赛前模拟,英冠,西布罗姆维奇 vs 伯恩利,成年联赛T2,欧洲五大,诱上/阻下,平手,1.0700,0.8200,是
50,2026-08-23,2026-08-23 00:00:00,20260823-TITAN-3012268-赛况更新-不新建赛前模拟,俄超,阿克伦陶里亚蒂 vs 苏维埃之翼,成年联赛T1,欧洲非五大,阻下/上盘保护,平手,0.8600,1.0200,是
53,2026-08-23,2026-08-23 00:00:00,20260823-TITAN-3013653-盘口快照-不形成模拟,西甲,马德里竞技 vs 比利亚雷亚尔,成年联赛T1,欧洲五大,阻上/诱下,半球/一球,1.0700,0.8200,是
54,2026-08-23,2026-08-23 00:00:00,20260823-TITAN-3014037-盘口快照-不形成模拟,西乙,埃瓦尔 vs 巴拉多利德,成年联赛T2,欧洲五大,阻上/诱下,半球,1.0500,0.8400,是
55,2026-08-23,2026-08-23 00:00:00,20260823-TITAN-3023457-盘口快照-不形成模拟,葡超,吉马良斯 vs 葡萄牙国民,成年联赛T1,欧洲非五大,阻上/诱下,一球,1.0700,0.8200,是
56,2026-08-23,2026-08-23 00:00:00,20260823-TITAN-3023756-赛况更新-不新建赛前模拟,葡甲,查维斯 vs AVS俱乐部,成年联赛T2,欧洲非五大,真实示弱/阻下,平手/半球,1.0400,0.8400,是
58,2026-08-23,2026-08-23 00:00:00,20260823-TITAN-3030106-赛况更新-不新建赛前模拟,土甲,班迪马士邦 vs 克斯欧仁古库,成年联赛T2,欧洲非五大,诱上/阻下,平手,1.0300,0.8300,是
59,2026-08-23,2026-08-23 00:00:00,20260823-TITAN-3068034-赛况更新-不新建赛前模拟,葡乙,帕雷德斯 vs 利卡,成年联赛T3,欧洲非五大,诱上/阻下,半球,0.9600,0.7400,是
60,2026-08-24,2026-08-24 00:00:00,20260824-TITAN-2910857-盘口快照-不形成模拟,巴西甲,博塔弗戈 vs 巴拉纳竞技,成年联赛T1,拉美,阻上/降温保护,平手/半球,,,否
61,2026-08-24,2026-08-24 00:00:00,20260824-TITAN-2912247-盘口快照-不形成模拟,瑞典超,马尔默 vs 尤尔加登,成年联赛T1,欧洲非五大,诱上/阻下,平手,1.0700,0.8200,是
64,2026-08-24,2026-08-24 00:00:00,20260824-TITAN-2914670-盘口快照-不形成模拟,瑞典甲,韦纳穆 vs 兰斯科罗纳,成年联赛T2,欧洲非五大,阻上/降温保护,平手/半球,,,否
67,2026-08-24,2026-08-24 00:00:00,20260824-TITAN-2921220-盘口快照-不形成模拟,智利甲,维尼亚德马埃弗顿 vs 康塞普西翁大学,成年联赛T1,拉美,真实示弱/阻下,半球,0.9700,0.9200,是
68,2026-08-24,2026-08-24 00:00:00,20260824-TITAN-2924634-盘口快照-不形成模拟,冰岛超,贝雷达比历克 vs 弗拉姆,成年联赛T1,欧洲非五大,阻下/上盘保护,平手,0.8500,1.0300,是
69,2026-08-24,2026-08-24 00:00:00,20260824-TITAN-2926296-盘口快照-不形成模拟,智利乙,坎尔托塔 vs 圣地亚哥漫游者,成年联赛T2,拉美,诱上/阻下,平手/半球,1.0000,0.8200,是
70,2026-08-24,2026-08-24 00:00:00,20260824-TITAN-2933125-盘口快照-不形成模拟,乌兹超,库鲁维奇科坎 vs 布哈拉,成年联赛T1,海湾,真实示强/阻上,平手/半球,0.9500,0.9100,是
73,2026-08-24,2026-08-24 00:00:00,20260824-TITAN-2940135-盘口快照-不形成模拟,巴西乙,巴西竞技 vs 诺瓦里桑蒂诺,成年联赛T2,拉美,诱上/阻下,平手,1.1300,0.7700,是
75,2026-08-24,2026-08-24 00:00:00,20260824-TITAN-2942569-盘口快照-不形成模拟,美冠联,查尔斯顿电池 vs 迈阿密FC,成年联赛T2,北美,诱下/上盘降温,一球/球半,0.9900,0.8300,是
76,2026-08-24,2026-08-24 00:00:00,20260824-TITAN-2962591-盘口快照-不形成模拟,阿甲,塔勒瑞斯 vs 罗萨里奥中央,成年联赛T1,拉美,阻下/上盘保护,平手,0.8500,1.0400,是
77,2026-08-24,2026-08-24 00:00:00,20260824-TITAN-2962592-盘口快照-不形成模拟,阿甲,泰格雷 vs 科尔多瓦中央SDE,成年联赛T1,拉美,真实示弱/阻下,半球/一球,1.0000,0.8900,是
78,2026-08-24,2026-08-24 00:00:00,20260824-TITAN-2993755-盘口快照-不形成模拟,意甲,罗马 vs 佛罗伦萨,成年联赛T1,欧洲五大,真实示弱/阻下,半球/一球,0.9400,0.9500,是
79,2026-08-24,2026-08-24 00:00:00,20260824-TITAN-2993757-盘口快照-不形成模拟,意甲,博洛尼亚 vs 拉齐奥,成年联赛T1,欧洲五大,真实示弱/阻下,平手/半球,0.8700,1.0200,是
80,2026-08-24,2026-08-24 00:00:00,20260824-TITAN-2995126-盘口快照-不形成模拟,德国杯,艾尔格里尼克<font color=#880000>(中)</font> vs 沃尔夫斯堡,国内杯赛,欧洲五大,真实示强/阻上,两球半,0.8800,1.0000,是
81,2026-08-24,2026-08-24 00:00:00,20260824-TITAN-2995127-盘口快照-不形成模拟,德国杯,SC维尔 vs 汉堡,国内杯赛,欧洲五大,阻上/诱下,球半,1.0000,0.8800,是
82,2026-08-24,2026-08-24 00:00:00,20260824-TITAN-2995139-盘口快照-不形成模拟,德国杯,哈雷斯彻 vs 沙尔克04,国内杯赛,欧洲五大,真实示强/阻上,球半/两球,0.9100,0.9700,是
83,2026-08-24,2026-08-24 00:00:00,20260824-TITAN-2995148-盘口快照-不形成模拟,德国杯,维尔茨堡踢球者 vs 科隆,国内杯赛,欧洲五大,诱上/阻下,球半,1.0800,0.8000,是
84,2026-08-24,2026-08-24 00:00:00,20260824-TITAN-2997696-盘口快照-不形成模拟,法乙,兰斯 vs 阿纳西,成年联赛T2,欧洲五大,阻上/降温保护,半球/一球,,,否
86,2026-08-24,2026-08-24 00:00:00,20260824-TITAN-3003858-盘口快照-不形成模拟,英超,富勒姆 vs 切尔西,成年联赛T1,欧洲五大,真实示强/阻上,半球,0.8900,1.0000,是
87,2026-08-24,2026-08-24 00:00:00,20260824-TITAN-3012269-盘口快照-不形成模拟,俄超,加里宁格勒巴蒂卡 vs 喀山红宝石,成年联赛T1,欧洲非五大,降温保护/诱下,平手/半球,0.8000,1.0900,是
88,2026-08-24,2026-08-24 00:00:00,20260824-TITAN-3013658-盘口快照-不形成模拟,西甲,马拉加 vs 拉科鲁尼亚,成年联赛T1,欧洲五大,阻上/降温保护,平手/半球,,,否
89,2026-08-24,2026-08-24 00:00:00,20260824-TITAN-3013659-盘口快照-不形成模拟,西甲,奥萨苏纳 vs 莱万特,成年联赛T1,欧洲五大,真实示弱/阻下,半球,1.0000,0.8900,是
90,2026-08-24,2026-08-24 00:00:00,20260824-TITAN-3014039-盘口快照-不形成模拟,西乙,格拉纳达 vs 马洛卡,成年联赛T2,欧洲五大,阻上/诱下,平手/半球,1.1200,0.7800,是
91,2026-08-24,2026-08-24 00:00:00,20260824-TITAN-3014043-盘口快照-不形成模拟,西乙,塞尔塔B队 vs 安道尔FC,成年联赛T2,欧洲五大,阻下/上盘保护,平手/半球,0.8600,1.0300,是
93,2026-08-24,2026-08-24 00:00:00,20260824-TITAN-3021954-盘口快照-不形成模拟,俄甲,下诺夫哥罗德 vs SKA哈巴罗夫斯克,成年联赛T2,欧洲非五大,诱上/阻下,球半/两球,0.9900,0.8300,是
94,2026-08-24,2026-08-24 00:00:00,20260824-TITAN-3021955-盘口快照-不形成模拟,俄甲,伏尔加格勒 vs 下卡姆斯克石油,成年联赛T2,欧洲非五大,诱上/阻下,半球/一球,1.0400,0.7800,是
95,2026-08-24,2026-08-24 00:00:00,20260824-TITAN-3021960-盘口快照-不形成模拟,俄甲,韦莱斯 vs 图拉兵工厂,成年联赛T2,欧洲非五大,诱上/阻下,平手/半球,1.0000,0.8200,是
100,2026-08-24,2026-08-24 00:00:00,20260824-TITAN-3030112-盘口快照-不形成模拟,土甲,锡瓦斯体育 vs 文尼沙BB,成年联赛T2,欧洲非五大,真实示弱/阻下,平手/半球,0.9200,0.9400,是
101,2026-08-24,2026-08-24 00:00:00,20260824-TITAN-3050504-盘口快照-不形成模拟,意丙,US弗格尔 vs 多洛米蒂贝卢诺,成年联赛T3,欧洲五大,诱上/阻下,平手/半球,1.0200,0.8000,是
103,2026-08-24,2026-08-24 00:00:00,20260824-TITAN-3050888-盘口快照-不形成模拟,意丙,雷吉亚纳 vs 拉维纳,成年联赛T3,欧洲五大,诱上/阻下,平手/半球,1.0700,0.7500,是
104,2026-08-24,2026-08-24 00:00:00,20260824-TITAN-3051261-盘口快照-不形成模拟,意丙,阿尔塔穆拉 vs 摩诺波利,成年联赛T3,欧洲五大,诱上/阻下,平手/半球,0.9900,0.8300,是
105,2026-08-24,2026-08-24 00:00:00,20260824-TITAN-3051266-盘口快照-不形成模拟,意丙,克罗托内 vs 福贾,成年联赛T3,欧洲五大,真实示弱/阻下,平手/半球,0.9700,0.8500,是
106,2026-08-24,2026-08-24 00:00:00,20260824-TITAN-3051270-盘口快照-不形成模拟,意丙,萨勒尼塔纳 vs 索伦托卡西奥,成年联赛T3,欧洲五大,诱上/阻下,一球,0.9900,0.8300,是
107,2026-08-25,2026-08-25 00:00:00,20260825-TITAN-2914667-盘口快照-不形成模拟,瑞典甲,奥雷布洛 vs 瓦尔贝里,成年联赛T2,欧洲非五大,阻上/诱下,平手/半球,1.0400,0.8400,是
108,2026-08-25,2026-08-25 00:00:00,20260825-TITAN-2914668-盘口快照-不形成模拟,瑞典甲,奥斯达 vs 松兹瓦尔,成年联赛T2,欧洲非五大,真实示弱/阻下,半球/一球,0.9900,0.8900,是
111,2026-08-25,2026-08-25 00:00:00,20260825-TITAN-2929700-盘口快照-不形成模拟,韩K联,济州SK vs 浦项制铁,成年联赛T1,东亚,阻上/降温保护,平手/半球,,,否
112,2026-08-25,2026-08-25 00:00:00,20260825-TITAN-2929701-盘口快照-不形成模拟,韩K联,FC首尔 vs 富川FC,成年联赛T1,东亚,阻上/诱下,一球/球半,1.0400,0.8500,是
115,2026-08-25,2026-08-25 00:00:00,20260825-TITAN-2933130-盘口快照-不形成模拟,乌兹超,特尔梅兹 vs 奥马利克,成年联赛T1,海湾,诱上/阻下,平手/半球,1.1600,0.6800,是
116,2026-08-25,2026-08-25 00:00:00,20260825-TITAN-2934761-盘口快照-不形成模拟,阿乙曼特秋,萨兰迪兵工厂 vs 意杜萨高,成年联赛T2,拉美,诱下/上盘降温,一球/球半,0.9500,0.7500,是
117,2026-08-25,2026-08-25 00:00:00,20260825-TITAN-2934766-盘口快照-不形成模拟,阿乙曼特秋,皇家皮拉尔 vs 布朗安德奎,成年联赛T2,拉美,阻上/降温保护,半球,,,否
118,2026-08-25,2026-08-25 00:00:00,20260825-TITAN-2934767-盘口快照-不形成模拟,阿乙曼特秋,圣马丁布萨科 vs 基尔梅斯阿根廷,成年联赛T2,拉美,真实示强/阻上,平手/半球,0.9500,0.7500,是
119,2026-08-25,2026-08-25 00:00:00,20260825-TITAN-2934768-盘口快照-不形成模拟,阿乙曼特秋,意大利亚诺 vs 联合防卫队,成年联赛T2,拉美,诱下/上盘降温,半球/一球,0.9200,0.7800,是
120,2026-08-25,2026-08-25 00:00:00,20260825-TITAN-2934769-盘口快照-不形成模拟,阿乙曼特秋,乌尔基萨大学 vs 拉费雷尔,成年联赛T2,拉美,诱上/阻下,平手,1.0000,0.7000,是
121,2026-08-25,2026-08-25 00:00:00,20260825-TITAN-2934770-盘口快照-不形成模拟,阿乙曼特秋,维拉多尔米尼 vs 埃斯卡拉达,成年联赛T2,拉美,诱上/阻下,平手,0.9300,0.7700,是
122,2026-08-25,2026-08-25 00:00:00,20260825-TITAN-2934771-盘口快照-不形成模拟,阿乙曼特秋,维拉圣卡罗斯 vs 弗朗德里亚,成年联赛T2,拉美,诱下/上盘降温,平手/半球,0.9300,0.7700,是
123,2026-08-25,2026-08-25 00:00:00,20260825-TITAN-2937893-赛况更新-不新建赛前模拟,厄瓜甲,利伯塔德洛哈 vs 马卡拉,成年联赛T1,拉美,阻下/上盘保护,平手/半球,0.8500,1.0300,是
125,2026-08-25,2026-08-25 00:00:00,20260825-TITAN-2953331-盘口快照-不形成模拟,哈萨克超,杜堡尔 vs 卡萨尔,未知分类,海湾,诱上/阻下,半球/一球,1.0300,0.8300,是
126,2026-08-25,2026-08-25 00:00:00,20260825-TITAN-2962591-赛况更新-不新建赛前模拟,阿甲,塔勒瑞斯 vs 罗萨里奥中央,成年联赛T1,拉美,诱上/阻下,平手,1.1400,0.7600,是
128,2026-08-25,2026-08-25 00:00:00,20260825-TITAN-3012165-赛况更新-不新建赛前模拟,哥伦乙秋,哥杜雷亚 vs 巴瑞库拉,成年联赛T2,拉美,阻上/降温保护,一球/球半,,,否
129,2026-08-25,2026-08-25 00:00:00,20260825-TITAN-3013651-盘口快照-不形成模拟,西甲,巴伦西亚 vs 皇家贝蒂斯,成年联赛T1,欧洲五大,诱上/阻下,平手,1.0600,0.8300,是
130,2026-08-25,2026-08-25 00:00:00,20260825-TITAN-3017117-盘口快照-不形成模拟,保乙,贝尔罗 vs 保利文斯巴达,未知分类,欧洲非五大,诱上/阻下,半球,0.9800,0.8400,是
132,2026-08-25,2026-08-25 00:00:00,20260825-TITAN-3036305-盘口快照-不形成模拟,苏挑杯,艾尔德里联 vs 艾比安斯特宁,国内杯赛,欧洲非五大,诱上/阻下,半球/一球,1.0200,0.6800,是
133,2026-08-25,2026-08-25 00:00:00,20260825-TITAN-3036307-盘口快照-不形成模拟,苏挑杯,安南竞技 vs 贝维克,国内杯赛,欧洲非五大,诱上/阻下,一球,0.9100,0.7900,是
134,2026-08-25,2026-08-25 00:00:00,20260825-TITAN-3036309-盘口快照-不形成模拟,苏挑杯,考登比亚 vs 东基尔布莱德,国内杯赛,欧洲非五大,诱上/阻下,球半/两球,0.8600,0.8400,是
135,2026-08-25,2026-08-25 00:00:00,20260825-TITAN-3036311-盘口快照-不形成模拟,苏挑杯,科莱池那库丁 vs 埃尔金城,国内杯赛,欧洲非五大,诱上/阻下,半球,0.8600,0.8400,是
136,2026-08-25,2026-08-25 00:00:00,20260825-TITAN-3036313-盘口快照-不形成模拟,苏挑杯,邓巴顿 vs 凯尔特人B队,国内杯赛,欧洲非五大,阻上/降温保护,平手/半球,,,否
137,2026-08-25,2026-08-25 00:00:00,20260825-TITAN-3036317-盘口快照-不形成模拟,苏挑杯,哈密尔顿 vs 爱丁堡,国内杯赛,欧洲非五大,诱上/阻下,半球/一球,0.9500,0.7500,是
138,2026-08-25,2026-08-25 00:00:00,20260825-TITAN-3036318-盘口快照-不形成模拟,苏挑杯,凯尔蒂赫斯 vs 克莱德班克,国内杯赛,欧洲非五大,诱下/上盘降温,半球,0.9900,0.7100,是
139,2026-08-25,2026-08-25 00:00:00,20260825-TITAN-3036319-盘口快照-不形成模拟,苏挑杯,蒙特罗斯 vs 加迪,国内杯赛,欧洲非五大,诱上/阻下,半球,0.8600,0.8400,是
140,2026-08-25,2026-08-25 00:00:00,20260825-TITAN-3036322-盘口快照-不形成模拟,苏挑杯,罗斯郡 vs 迪伊银行,国内杯赛,欧洲非五大,诱上/阻下,两球,1.0200,0.6800,是
141,2026-08-25,2026-08-25 00:00:00,20260825-TITAN-3036324-盘口快照-不形成模拟,苏挑杯,斯青威尔 vs 加拉费瑞登,国内杯赛,欧洲非五大,诱上/阻下,球半/两球,0.9500,0.7500,是
142,2026-08-25,2026-08-25 00:00:00,20260825-TITAN-3041157-盘口快照-不形成模拟,南非超,克鲁格联 vs 德班城,未知分类,其他,阻上/降温保护,平手/半球,,,否
143,2026-08-25,2026-08-25 00:00:00,20260825-TITAN-3041158-盘口快照-不形成模拟,南非超,马鲁莫加兰斯 vs TS银河,未知分类,其他,真实示弱/阻下,平手,1.0700,0.7500,是
146,2026-08-25,2026-08-25 00:00:00,20260825-TITAN-3046951-盘口快照-不形成模拟,沙特联,艾卜哈 vs 塞哈特海湾,未知分类,海湾,真实示弱/阻下,平手,0.9300,0.8900,是
147,2026-08-25,2026-08-25 00:00:00,20260825-TITAN-3046952-盘口快照-不形成模拟,沙特联,布赖代合作 vs 费哈,未知分类,海湾,真实示弱/阻下,半球,1.0000,0.8200,是
150,2026-08-25,2026-08-25 00:00:00,20260825-TITAN-3061692-盘口快照-不形成模拟,丹麦杯,布隆索伊 vs AB格莱萨克瑟,国内杯赛,欧洲非五大,诱上/阻下,半球/一球,0.9200,0.8400,是
151,2026-08-25,2026-08-25 00:00:00,20260825-TITAN-3061702-盘口快照-不形成模拟,丹麦杯,欧科斯 vs 米德法特,国内杯赛,欧洲非五大,诱上/阻下,两球半,0.9400,0.8200,是
152,2026-08-25,2026-08-25 00:00:00,20260825-TITAN-3061704-盘口快照-不形成模拟,丹麦杯,斯基夫 vs 埃斯比约,国内杯赛,欧洲非五大,诱下/上盘降温,半球/一球,0.9500,0.8100,是
153,2026-08-25,2026-08-25 00:00:00,20260825-TITAN-3062528-盘口快照-不形成模拟,欧冠杯,萨巴赫<font color=#880000>(中)</font> vs 贝尔谢巴夏普尔,洲际杯赛,欧洲非五大,真实示弱/阻下,半球,0.9600,0.9300,是
154,2026-08-25,2026-08-25 00:00:00,20260825-TITAN-3062529-盘口快照-不形成模拟,欧冠杯,LASK林茨 vs 凯尔特人,洲际杯赛,欧洲非五大,阻下/上盘保护,半球,0.8700,1.0200,是
155,2026-08-25,2026-08-25 00:00:00,20260825-TITAN-3062530-盘口快照-不形成模拟,欧冠杯,博德闪耀 vs 奈梅亨,洲际杯赛,欧洲非五大,阻上/诱下,一球/球半,1.0100,0.8800,是
156,2026-08-25,2026-08-25 00:00:00,20260825-TITAN-3062759-盘口快照-不形成模拟,英联杯,巴恩斯利 vs 克鲁,国内杯赛,欧洲五大,阻上/降温保护,一球,,,否
157,2026-08-25,2026-08-25 00:00:00,20260825-TITAN-3062760-盘口快照-不形成模拟,英联杯,伯明翰 vs 布伦特福德,国内杯赛,欧洲五大,诱上/阻下,半球,1.0000,0.8200,是
159,2026-08-25,2026-08-25 00:00:00,20260825-TITAN-3062762-盘口快照-不形成模拟,英联杯,布莱克浦 vs 林肯城,国内杯赛,欧洲五大,诱下/上盘降温,半球,0.9900,0.8300,是
161,2026-08-25,2026-08-25 00:00:00,20260825-TITAN-3062765-盘口快照-不形成模拟,英联杯,卡迪夫城 vs 诺维奇,国内杯赛,欧洲五大,诱下/上盘降温,平手/半球,0.9800,0.8400,是
162,2026-08-25,2026-08-25 00:00:00,20260825-TITAN-3062767-盘口快照-不形成模拟,英联杯,唐卡斯特 vs 米德尔斯堡,国内杯赛,欧洲五大,阻上/诱下,一球,1.0300,0.7900,是
163,2026-08-25,2026-08-25 00:00:00,20260825-TITAN-3062768-盘口快照-不形成模拟,英联杯,弗利特伍德 vs 什鲁斯伯里,国内杯赛,欧洲五大,阻上/降温保护,半球,,,否
164,2026-08-25,2026-08-25 00:00:00,20260825-TITAN-3062770-盘口快照-不形成模拟,英联杯,伊普斯维奇 vs 莱斯特城,国内杯赛,欧洲五大,诱上/阻下,一球,0.9900,0.8300,是
165,2026-08-25,2026-08-25 00:00:00,20260825-TITAN-3062772-盘口快照-不形成模拟,英联杯,诺丁汉森林 vs 利兹联,国内杯赛,欧洲五大,诱上/阻下,平手/半球,1.0100,0.8100,是
166,2026-08-25,2026-08-25 00:00:00,20260825-TITAN-3062774-盘口快照-不形成模拟,英联杯,谢周三 vs 狼队,国内杯赛,欧洲五大,阻上/诱下,一球,1.0100,0.8100,是
168,2026-08-25,2026-08-25 00:00:00,20260825-TITAN-3062776-盘口快照-不形成模拟,英联杯,斯蒂文尼奇 vs 雷丁,国内杯赛,欧洲五大,诱下/上盘降温,平手/半球,0.9800,0.8400,是
169,2026-08-25,2026-08-25 00:00:00,20260825-TITAN-3062777-盘口快照-不形成模拟,英联杯,斯托克城 vs 赫尔城,国内杯赛,欧洲五大,真实示弱/阻下,平手,1.0200,0.8000,是
171,2026-08-25,2026-08-25 00:00:00,20260825-TITAN-3062780-盘口快照-不形成模拟,英联杯,沃特福德 vs 彼得堡联,国内杯赛,欧洲五大,诱下/上盘降温,一球,1.0100,0.8100,是
173,2026-08-25,2026-08-25 00:00:00,20260825-TITAN-3062793-盘口快照-不形成模拟,巴西杯,克鲁塞罗 vs 米内罗竞技,国内杯赛,拉美,阻上/降温保护,半球,,,否
174,2026-08-25,2026-08-25 00:00:00,20260825-TITAN-3063448-盘口快照-不形成模拟,解放者杯,山谷独立 vs 托利马体育,洲际杯赛,拉美,阻上/诱下,一球,1.0100,0.8800,是
175,2026-08-25,2026-08-25 00:00:00,20260825-TITAN-3063937-盘口快照-不形成模拟,澳足总,昆士兰狮队 vs 北鹰阳光,国内杯赛,其他,阻上/诱下,球半/两球,1.0000,0.8200,是
176,2026-08-25,2026-08-25 00:00:00,20260825-TITAN-3064424-盘口快照-不形成模拟,中北美杯,蒙特雷 vs 芝加哥火焰,国家队正式赛,其他,阻上/降温保护,平手/半球,,,否
181,2026-08-25,2026-08-25 00:00:00,20260825-TITAN-3068760-盘口快照-不形成模拟,捷克杯,索史尔扎普 vs 波希米亚1905,国内杯赛,欧洲非五大,诱下/上盘降温,球半,0.9400,0.8200,是
182,2026-08-25,2026-08-25 00:00:00,20260825-TITAN-3068768-盘口快照-不形成模拟,捷克杯,FK霍尼红冰 vs 杜库拉,国内杯赛,欧洲非五大,诱下/上盘降温,两球,0.9600,0.8000,是
185,2026-08-26,2026-08-26 00:00:00,20260826-TITAN-2913114-盘口快照-不形成模拟,挪甲,阿萨纳 vs 利恩,成年联赛T2,欧洲非五大,诱上/阻下,平手/半球,1.0100,0.7500,是
186,2026-08-26,2026-08-26 00:00:00,20260826-TITAN-2913115-盘口快照-不形成模拟,挪甲,海于格松 vs 埃格尔森德,成年联赛T2,欧洲非五大,诱上/阻下,一球,0.9500,0.8100,是
187,2026-08-26,2026-08-26 00:00:00,20260826-TITAN-2913116-盘口快照-不形成模拟,挪甲,莫斯 vs 松达尔,成年联赛T2,欧洲非五大,诱上/阻下,平手,1.0800,0.6800,是
188,2026-08-26,2026-08-26 00:00:00,20260826-TITAN-2913117-盘口快照-不形成模拟,挪甲,奥德 vs 康斯文格,成年联赛T2,欧洲非五大,诱上/阻下,平手,1.0600,0.7000,是
189,2026-08-26,2026-08-26 00:00:00,20260826-TITAN-2913119-盘口快照-不形成模拟,挪甲,斯塔贝克 vs 兰黑姆,成年联赛T2,欧洲非五大,诱下/上盘降温,球半,0.9700,0.7900,是
191,2026-08-26,2026-08-26 00:00:00,20260826-TITAN-2913121-盘口快照-不形成模拟,挪甲,斯托姆加斯特 vs 禾特,成年联赛T2,欧洲非五大,诱上/阻下,球半/两球,1.0600,0.7000,是
192,2026-08-26,2026-08-26 00:00:00,20260826-TITAN-2916460-赛况更新-不新建赛前模拟,阿乙,圣胡安圣马丁 vs 新芝加哥,成年联赛T2,拉美,降温保护/诱下,平手/半球,1.0000,0.8200,是
193,2026-08-26,2026-08-26 00:00:00,20260826-TITAN-2916519-盘口快照-不形成模拟,阿乙,阿卡苏索 vs 圣德尔模,成年联赛T2,拉美,诱上/阻下,平手/半球,0.9300,0.8300,是
194,2026-08-26,2026-08-26 00:00:00,20260826-TITAN-2916523-盘口快照-不形成模拟,阿乙,北索尔塔中央 vs 玛伦,成年联赛T2,拉美,诱上/阻下,平手,0.9600,0.8000,是
195,2026-08-26,2026-08-26 00:00:00,20260826-TITAN-2916525-盘口快照-不形成模拟,阿乙,查克佛伊维 vs 圣米格尔,成年联赛T2,拉美,诱上/阻下,平手/半球,0.9800,0.7800,是
196,2026-08-26,2026-08-26 00:00:00,20260826-TITAN-2916533-盘口快照-不形成模拟,阿乙,帕特罗纳图 vs 阿特兰大竞技,成年联赛T2,拉美,诱下/上盘降温,平手/半球,0.9300,0.8300,是
202,2026-08-26,2026-08-26 00:00:00,20260826-TITAN-2933127-盘口快照-不形成模拟,乌兹超,马沙尔 vs 纳曼干新春,成年联赛T1,海湾,诱下/上盘降温,球半,0.9900,0.7700,是
204,2026-08-26,2026-08-26 00:00:00,20260826-TITAN-2934762-盘口快照-不形成模拟,阿乙曼特秋,梅洛 vs 多科苏德体育会,成年联赛T2,拉美,诱上/阻下,平手,0.9800,0.7200,是
205,2026-08-26,2026-08-26 00:00:00,20260826-TITAN-2934763-盘口快照-不形成模拟,阿乙曼特秋,卡米尼罗斯 vs BsAs交流会,成年联赛T2,拉美,诱下/上盘降温,半球,1.0000,0.7000,是
206,2026-08-26,2026-08-26 00:00:00,20260826-TITAN-2934765-盘口快照-不形成模拟,阿乙曼特秋,利涅尔斯 vs 阿梅尼奥,成年联赛T2,拉美,诱上/阻下,平手,0.8600,0.8400,是
208,2026-08-26,2026-08-26 00:00:00,20260826-TITAN-2942580-盘口快照-不形成模拟,美冠联,新墨西哥联 vs 列克星敦,成年联赛T2,北美,诱上/阻下,平手,0.9800,0.8400,是
209,2026-08-26,2026-08-26 00:00:00,20260826-TITAN-2999359-赛况更新-不新建赛前模拟,中美俱杯,肯塔吉内斯 vs CD法斯,国内杯赛,其他,诱上/阻下,半球/一球,1.0700,0.7500,是
210,2026-08-26,2026-08-26 00:00:00,20260826-TITAN-2999360-赛况更新-不新建赛前模拟,中美俱杯,穆尼斯帕尔 vs 摩塔瓜,国内杯赛,其他,诱上/阻下,平手,1.1400,0.6900,是
211,2026-08-26,2026-08-26 00:00:00,20260826-TITAN-3006352-盘口快照-不形成模拟,委内杯,艾尔维吉亚 vs 巴利纳斯竞技,国内杯赛,拉美,诱下/上盘降温,半球,0.9500,0.7500,是
212,2026-08-26,2026-08-26 00:00:00,20260826-TITAN-3006364-盘口快照-不形成模拟,委内杯,阿拉瓜 vs 亚拉库雅诺斯,国内杯赛,拉美,诱下/上盘降温,平手/半球,0.9100,0.7900,是
213,2026-08-26,2026-08-26 00:00:00,20260826-TITAN-3006365-盘口快照-不形成模拟,委内杯,加拉加斯 vs 巴基西梅托,国内杯赛,拉美,诱下/上盘降温,球半/两球,0.9300,0.7700,是
214,2026-08-26,2026-08-26 00:00:00,20260826-TITAN-3006376-盘口快照-不形成模拟,委内杯,祖利亚诺 vs 乌勒纳,国内杯赛,拉美,诱上/阻下,半球,0.9200,0.7800,是
215,2026-08-26,2026-08-26 00:00:00,20260826-TITAN-3006377-盘口快照-不形成模拟,委内杯,图积兰奴斯 vs 拉腊体育,国内杯赛,拉美,诱上/阻下,平手,0.9900,0.7100,是
216,2026-08-26,2026-08-26 00:00:00,20260826-TITAN-3006388-盘口快照-不形成模拟,委内杯,米纳文 vs 莫纳加斯,国内杯赛,拉美,诱上/阻下,平手/半球,0.9600,0.7400,是
217,2026-08-26,2026-08-26 00:00:00,20260826-TITAN-3006389-盘口快照-不形成模拟,委内杯,麦尼拉斯 vs 波多港,国内杯赛,拉美,诱下/上盘降温,平手/半球,0.8700,0.8300,是
218,2026-08-26,2026-08-26 00:00:00,20260826-TITAN-3011818-盘口快照-不形成模拟,哥伦甲秋,国民竞技 vs 卡利体育会,成年联赛T1,拉美,诱上/阻下,半球/一球,1.0300,0.7900,是
220,2026-08-26,2026-08-26 00:00:00,20260826-TITAN-3011821-赛况更新-不新建赛前模拟,哥伦甲秋,侨卡巴 vs 阿利安萨,成年联赛T1,拉美,阻上/降温保护,平手/半球,,,否
221,2026-08-26,2026-08-26 00:00:00,20260826-TITAN-3013649-盘口快照-不形成模拟,西甲,皇家马德里 vs 皇家社会,成年联赛T1,欧洲五大,诱上/阻下,球半,1.0300,0.8500,是
224,2026-08-26,2026-08-26 00:00:00,20260826-TITAN-3041162-盘口快照-不形成模拟,南非超,马梅洛迪日落 vs 阿玛祖鲁,未知分类,其他,诱上/阻下,球半,0.9400,0.7600,是
225,2026-08-26,2026-08-26 00:00:00,20260826-TITAN-3041163-盘口快照-不形成模拟,南非超,贝联 vs 米尔福德,未知分类,其他,诱下/上盘降温,半球,0.9700,0.7300,是
226,2026-08-26,2026-08-26 00:00:00,20260826-TITAN-3041164-盘口快照-不形成模拟,南非超,理查兹湾FC vs 恺撒酋长,未知分类,其他,诱下/上盘降温,半球,0.9500,0.7500,是
229,2026-08-26,2026-08-26 00:00:00,20260826-TITAN-3046956-盘口快照-不形成模拟,沙特联,迪雷禾 vs 拉斯永恒,未知分类,海湾,真实示强/阻上,半球/一球,0.9900,0.8300,是
230,2026-08-26,2026-08-26 00:00:00,20260826-TITAN-3049627-盘口快照-不形成模拟,南美杯,河床 vs 圣塔菲,洲际杯赛,拉美,阻上/诱下,一球/球半,1.0600,0.7600,是
231,2026-08-26,2026-08-26 00:00:00,20260826-TITAN-3059114-盘口快照-不形成模拟,玻利甲,圣安东尼奥布鲁布鲁 vs 最强者,未知分类,拉美,诱上/阻下,平手/半球,0.9600,0.8000,是
232,2026-08-26,2026-08-26 00:00:00,20260826-TITAN-3061693-盘口快照-不形成模拟,丹麦杯,法特列斯堡 vs 利恩比,国内杯赛,欧洲非五大,诱下/上盘降温,两球,0.9000,0.8000,是
233,2026-08-26,2026-08-26 00:00:00,20260826-TITAN-3061694-盘口快照-不形成模拟,丹麦杯,弗雷德里西亚 vs 欧登塞,国内杯赛,欧洲非五大,诱上/阻下,平手/半球,0.9200,0.7800,是
234,2026-08-26,2026-08-26 00:00:00,20260826-TITAN-3061699-盘口快照-不形成模拟,丹麦杯,马利恩尔斯特 vs VSK奥胡斯,国内杯赛,欧洲非五大,诱上/阻下,一球,0.9800,0.7200,是
235,2026-08-26,2026-08-26 00:00:00,20260826-TITAN-3062531-盘口快照-不形成模拟,欧冠杯,采列 vs 布拉迪斯拉发,洲际杯赛,欧洲非五大,降温保护/诱下,平手,0.7800,1.1100,是
236,2026-08-26,2026-08-26 00:00:00,20260826-TITAN-3062532-盘口快照-不形成模拟,欧冠杯,维京 vs 萨格勒布迪纳摩,洲际杯赛,欧洲非五大,阻上/诱下,平手/半球,1.0600,0.8200,是
237,2026-08-26,2026-08-26 00:00:00,20260826-TITAN-3062533-盘口快照-不形成模拟,欧冠杯,AEK雅典 vs 索非亚列夫斯基,洲际杯赛,欧洲非五大,诱上/阻下,一球,1.0600,0.8200,是
240,2026-08-26,2026-08-26 00:00:00,20260826-TITAN-3062771-盘口快照-不形成模拟,英联杯,纽卡斯尔联 vs 西布罗姆维奇,国内杯赛,欧洲五大,真实示强/阻上,球半,0.9400,0.8800,是
242,2026-08-26,2026-08-26 00:00:00,20260826-TITAN-3062778-盘口快照-不形成模拟,英联杯,托特纳姆热刺 vs 查尔顿,国内杯赛,欧洲五大,阻上/诱下,两球,1.0100,0.8100,是
243,2026-08-26,2026-08-26 00:00:00,20260826-TITAN-3062793-赛况更新-不新建赛前模拟,巴西杯,克鲁塞罗 vs 米内罗竞技,国内杯赛,拉美,阻上/降温保护,半球,,,否
246,2026-08-26,2026-08-26 00:00:00,20260826-TITAN-3063385-盘口快照-不形成模拟,日皇杯,札幌冈萨多 vs 甲府风林,国内杯赛,东亚,诱下/上盘降温,半球,0.9300,0.8300,是
247,2026-08-26,2026-08-26 00:00:00,20260826-TITAN-3063386-盘口快照-不形成模拟,日皇杯,今治 vs 秋田蓝色闪电,国内杯赛,东亚,诱上/阻下,平手,1.0000,0.7600,是
248,2026-08-26,2026-08-26 00:00:00,20260826-TITAN-3063388-盘口快照-不形成模拟,日皇杯,磐田喜悦 vs 宫崎棒牛鸟,国内杯赛,东亚,诱上/阻下,平手,0.9700,0.7900,是
250,2026-08-26,2026-08-26 00:00:00,20260826-TITAN-3063390-盘口快照-不形成模拟,日皇杯,RB大宫松鼠 vs 八户云罗里,国内杯赛,东亚,诱下/上盘降温,半球/一球,0.9800,0.7800,是
252,2026-08-26,2026-08-26 00:00:00,20260826-TITAN-3063392-盘口快照-不形成模拟,日皇杯,仙台维加泰 vs 枥木市FC,国内杯赛,东亚,诱下/上盘降温,半球,0.9500,0.8100,是
253,2026-08-26,2026-08-26 00:00:00,20260826-TITAN-3063448-赛况更新-不新建赛前模拟,解放者杯,山谷独立 vs 托利马体育,洲际杯赛,拉美,阻上/诱下,一球/球半,1.1100,0.7900,是
254,2026-08-26,2026-08-26 00:00:00,20260826-TITAN-3063935-盘口快照-不形成模拟,澳足总,普雷斯顿莱恩 vs 南墨尔本,国内杯赛,其他,诱上/阻下,平手/半球,1.0300,0.7900,是
255,2026-08-26,2026-08-26 00:00:00,20260826-TITAN-3064422-赛况更新-不新建赛前模拟,中北美杯,莱昂 vs 皇家盐湖城,国家队正式赛,其他,真实示弱/阻下,平手,1.0000,0.8800,是
256,2026-08-26,2026-08-26 00:00:00,20260826-TITAN-3064423-盘口快照-不形成模拟,中北美杯,托卢卡 vs 奥斯汀FC,国家队正式赛,其他,诱上/阻下,一球,0.9900,0.8300,是
257,2026-08-26,2026-08-26 00:00:00,20260826-TITAN-3064424-赛况更新-不新建赛前模拟,中北美杯,蒙特雷 vs 芝加哥火焰,国家队正式赛,其他,降温保护/诱下,平手,0.8200,1.0600,是
258,2026-08-26,2026-08-26 00:00:00,20260826-TITAN-3067677-盘口快照-不形成模拟,世俱洲际杯,吉达国民 vs 奥克兰FC,国内杯赛,其他,诱上/阻下,两球,1.1100,0.7200,是
259,2026-08-26,2026-08-26 00:00:00,20260826-TITAN-3068742-盘口快照-不形成模拟,欧女杯,切尔西女足 vs 皇家社会女足,国内杯赛,欧洲非五大,诱下/上盘降温,两球,0.9400,0.7600,是
260,2026-08-26,2026-08-26 00:00:00,20260826-TITAN-3068743-盘口快照-不形成模拟,欧女杯,沃尔夫斯堡女足 vs 国际米兰女足,国内杯赛,欧洲非五大,诱下/上盘降温,球半,0.9000,0.8000,是
261,2026-08-26,2026-08-26 00:00:00,20260826-TITAN-3068744-盘口快照-不形成模拟,欧女杯,布拉格斯巴达女足 vs 塞尔维特女足,国内杯赛,欧洲非五大,诱下/上盘降温,半球,0.9000,0.8000,是
262,2026-08-26,2026-08-26 00:00:00,20260826-TITAN-3068745-盘口快照-不形成模拟,欧女杯,法兰克福女足 vs 巴黎圣日耳曼女足,国内杯赛,欧洲非五大,诱下/上盘降温,平手/半球,0.9300,0.7700,是
263,2026-08-26,2026-08-26 00:00:00,20260826-TITAN-3068746-盘口快照-不形成模拟,欧女杯,PSV埃因霍温女足 vs 靴尔科治女足,国内杯赛,欧洲非五大,诱上/阻下,半球,0.9000,0.8000,是
264,2026-08-26,2026-08-26 00:00:00,20260826-TITAN-3068748-盘口快照-不形成模拟,欧女杯,阿贾克斯女足 vs 皇家马德里女足,国内杯赛,欧洲非五大,诱下/上盘降温,球半,0.9400,0.7600,是
265,2026-08-26,2026-08-26 00:00:00,20260826-TITAN-3068749-盘口快照-不形成模拟,欧女杯,圣珀尔滕女足 vs 尤文图斯女足,国内杯赛,欧洲非五大,诱下/上盘降温,两球/两球半,0.9600,0.7400,是
269,2026-08-26,2026-08-26 00:00:00,20260826-TITAN-3069087-盘口快照-不形成模拟,日皇杯,名古屋鲸八 vs 鸟取飞翔,国内杯赛,东亚,诱上/阻下,球半/两球,0.9600,0.8000,是
270,2026-08-26,2026-08-26 00:00:00,20260826-TITAN-3069088-盘口快照-不形成模拟,日皇杯,广岛三箭 vs 冲绳SV,国内杯赛,东亚,诱上/阻下,两球/两球半,0.9600,0.8000,是
271,2026-08-26,2026-08-26 00:00:00,20260826-TITAN-3069089-盘口快照-不形成模拟,日皇杯,德岛漩涡 vs FC德岛,国内杯赛,东亚,诱下/上盘降温,两球半,0.9200,0.8400,是
272,2026-08-26,2026-08-26 00:00:00,20260826-TITAN-3069090-盘口快照-不形成模拟,日皇杯,东京绿茵 vs 群马草津温泉,国内杯赛,东亚,诱上/阻下,一球/球半,0.9900,0.7700,是
273,2026-08-26,2026-08-26 00:00:00,20260826-TITAN-3069092-盘口快照-不形成模拟,日皇杯,新泻天鹅 vs 鹿儿岛联,国内杯赛,东亚,诱下/上盘降温,半球/一球,0.9800,0.7800,是
274,2026-08-26,2026-08-26 00:00:00,20260826-TITAN-3069097-盘口快照-不形成模拟,日皇杯,鹿岛鹿角 vs 铃鹿竞技,国内杯赛,东亚,诱上/阻下,三球,0.9600,0.8000,是
277,2026-08-26,2026-08-26 00:00:00,20260826-TITAN-3069107-盘口快照-不形成模拟,日皇杯,长崎成功丸 vs FC爱媛,国内杯赛,东亚,诱下/上盘降温,球半/两球,0.9800,0.7800,是
279,2026-08-26,2026-08-26 00:00:00,20260826-TITAN-3071630-盘口快照-不形成模拟,乌拉杯,丹奴比奥 vs 阿特纳斯,国内杯赛,拉美,诱上/阻下,半球,0.8900,0.8100,是
280,2026-08-26,2026-08-26 00:00:00,20260826-TITAN-3071637-盘口快照-不形成模拟,乌拉杯,佩莱扎 vs 塞罗拉尔戈,国内杯赛,拉美,诱上/阻下,平手,0.9800,0.7200,是
281,2026-08-26,2026-08-26 00:00:00,20260826-TITAN-3071648-盘口快照-不形成模拟,乌拉杯,尤文提度 vs 奥瑞多拉巴斯,国内杯赛,拉美,诱下/上盘降温,半球/一球,0.9300,0.7700,是
282,2026-08-26,2026-08-26 00:00:00,20260826-TITAN-3071654-盘口快照-不形成模拟,乌拉杯,普罗格雷索俱乐部 vs 蒙得维的亚河床,国内杯赛,拉美,诱上/阻下,平手,0.9700,0.7300,是
284,2026-08-27,2026-08-27 00:00:00,20260827-TITAN-2965015-赛况更新-不新建赛前模拟,哈萨克甲,卡拉特B队 vs FK阿雷斯,未知分类,海湾,降温保护/诱下,一球,0.7700,0.9300,是
285,2026-08-27,2026-08-27 00:00:00,20260827-TITAN-2965016-赛况更新-不新建赛前模拟,哈萨克甲,卡斯比阿克套B队 vs 奥杜斯基克,未知分类,海湾,诱上/阻下,平手/半球,0.9600,0.7400,是
286,2026-08-27,2026-08-27 00:00:00,20260827-TITAN-2965019-赛况更新-不新建赛前模拟,哈萨克甲,叶利迈塞米B队 vs 沙克特,未知分类,海湾,降温保护/诱下,平手/半球,2.7000,0.0700,是
287,2026-08-27,2026-08-27 00:00:00,20260827-TITAN-2971071-赛况更新-不新建赛前模拟,乌兹甲,努库斯咸海 vs 卡塔库尔甘,成年联赛T2,海湾,降温保护/诱下,半球,0.8000,1.0200,是
288,2026-08-27,2026-08-27 00:00:00,20260827-TITAN-2971072-盘口快照-不形成模拟,乌兹甲,布哈拉大学 vs 比克波德,成年联赛T2,海湾,降温保护/诱下,一球/球半,0.8300,0.9900,是
289,2026-08-27,2026-08-27 00:00:00,20260827-TITAN-2999329-赛况更新-不新建赛前模拟,中美俱杯,夏拉祖 vs 路斯天使,国内杯赛,其他,阻上/降温保护,平手/半球,,,否
290,2026-08-27,2026-08-27 00:00:00,20260827-TITAN-2999330-赛况更新-不新建赛前模拟,中美俱杯,阿拉胡埃伦斯 vs 阿马多尔广场,国内杯赛,其他,真实示弱/阻下,平手/半球,0.0200,5.0000,是
292,2026-08-27,2026-08-27 00:00:00,20260827-TITAN-3004385-盘口快照-不形成模拟,瑞典杯,胡斯华纳 vs 哥德堡盖斯,国内杯赛,欧洲非五大,诱上/阻下,球半/两球,0.9800,0.8400,是
293,2026-08-27,2026-08-27 00:00:00,20260827-TITAN-3004386-盘口快照-不形成模拟,瑞典杯,FF林度 vs 马尔默,国内杯赛,欧洲非五大,降温保护/诱下,两球半/三球,0.7200,1.1100,是
294,2026-08-27,2026-08-27 00:00:00,20260827-TITAN-3011822-盘口快照-不形成模拟,哥伦甲秋,波哥大国际 vs 帕斯托,成年联赛T1,拉美,真实示强/阻上,半球/一球,0.9400,0.8800,是
295,2026-08-27,2026-08-27 00:00:00,20260827-TITAN-3013644-盘口快照-不形成模拟,西甲,巴塞罗那 vs 毕尔巴鄂竞技,成年联赛T1,欧洲五大,真实示强/阻上,球半/两球,0.8700,1.0200,是
297,2026-08-27,2026-08-27 00:00:00,20260827-TITAN-3019974-盘口快照-不形成模拟,法丙,卡昂 vs 巴斯蒂亚,成年联赛T3,欧洲五大,诱上/阻下,平手/半球,1.0800,0.7800,是
298,2026-08-27,2026-08-27 00:00:00,20260827-TITAN-3037785-盘口快照-不形成模拟,卡塔尔联,加拉法 vs 艾沙姆,成年联赛T1,海湾,诱上/阻下,平手,1.0600,0.7600,是
300,2026-08-27,2026-08-27 00:00:00,20260827-TITAN-3059119-盘口快照-不形成模拟,玻利甲,玻利瓦尔 vs 学术DB,未知分类,拉美,降温保护/诱下,两球,1.0200,0.7400,是
301,2026-08-27,2026-08-27 00:00:00,20260827-TITAN-3061709-盘口快照-不形成模拟,丹麦杯,瓦埃勒 vs 锡尔克堡,国内杯赛,欧洲非五大,诱上/阻下,平手/半球,1.0400,0.7800,是
302,2026-08-27,2026-08-27 00:00:00,20260827-TITAN-3061724-盘口快照-不形成模拟,巴拉杯,瓜伊利纳 vs 奥杜巴雷,国内杯赛,拉美,诱上/阻下,半球,1.0000,0.8200,是
303,2026-08-27,2026-08-27 00:00:00,20260827-TITAN-3062766-盘口快照-不形成模拟,英联杯,切尔西 vs 卢顿,国内杯赛,欧洲五大,真实示强/阻上,两球/两球半,0.9900,0.8900,是
305,2026-08-27,2026-08-27 00:00:00,20260827-TITAN-3064425-赛况更新-不新建赛前模拟,中北美杯,墨西哥美洲 vs 哥伦布机员,国家队正式赛,其他,降温保护/诱下,平手/半球,7.6900,0.0100,是
306,2026-08-27,2026-08-27 00:00:00,20260827-TITAN-3064807-盘口快照-不形成模拟,欧罗巴杯,阿拉特亚美尼亚 vs 克拉约瓦大学,洲际杯赛,欧洲非五大,真实示强/阻上,半球,0.9200,0.9700,是
307,2026-08-27,2026-08-27 00:00:00,20260827-TITAN-3064808-盘口快照-不形成模拟,欧罗巴杯,伊比利亚1999 vs 比亚韦斯托克雅盖隆,洲际杯赛,欧洲非五大,降温保护/诱下,平手/半球,1.0400,0.8500,是
308,2026-08-27,2026-08-27 00:00:00,20260827-TITAN-3064809-盘口快照-不形成模拟,欧罗巴杯,比尔森胜利 vs 贝尔格莱德红星,洲际杯赛,欧洲非五大,诱上/阻下,平手/半球,1.0600,0.8300,是
309,2026-08-27,2026-08-27 00:00:00,20260827-TITAN-3064810-盘口快照-不形成模拟,欧罗巴杯,萨尔茨堡 vs 米亚尔比,洲际杯赛,欧洲非五大,诱上/阻下,球半/两球,1.0700,0.8200,是
310,2026-08-27,2026-08-27 00:00:00,20260827-TITAN-3064811-盘口快照-不形成模拟,欧罗巴杯,利勒斯特罗姆 vs 埃格纳蒂亚,洲际杯赛,欧洲非五大,阻上/降温保护,一球/球半,,,否
311,2026-08-27,2026-08-27 00:00:00,20260827-TITAN-3064812-盘口快照-不形成模拟,欧罗巴杯,奥莫尼亚 vs 圣图尔登,洲际杯赛,欧洲非五大,阻下/上盘保护,平手/半球,0.8700,1.0200,是
312,2026-08-27,2026-08-27 00:00:00,20260827-TITAN-3064813-盘口快照-不形成模拟,欧罗巴杯,考诺萨基列斯 vs 贝西克塔斯,洲际杯赛,欧洲非五大,阻下/上盘保护,一球/球半,0.8700,1.0200,是
313,2026-08-27,2026-08-27 00:00:00,20260827-TITAN-3064814-盘口快照-不形成模拟,欧罗巴杯,索非亚中央陆军 vs OFI克里特,洲际杯赛,欧洲非五大,降温保护/诱下,一球,1.0300,0.8600,是
314,2026-08-27,2026-08-27 00:00:00,20260827-TITAN-3064815-盘口快照-不形成模拟,欧罗巴杯,奥胡斯<font color=#880000>(中)</font> vs 本菲卡,洲际杯赛,欧洲非五大,阻上/诱下,球半,1.0500,0.8400,是
315,2026-08-27,2026-08-27 00:00:00,20260827-TITAN-3064816-盘口快照-不形成模拟,欧罗巴杯,安德莱赫特 vs 阿拉木图凯拉特,洲际杯赛,欧洲非五大,诱上/阻下,一球/球半,1.0700,0.8200,是
316,2026-08-27,2026-08-27 00:00:00,20260827-TITAN-3064817-盘口快照-不形成模拟,欧罗巴杯,费伦茨瓦罗斯 vs 特拉布宗体育,洲际杯赛,欧洲非五大,阻上/降温保护,平手/半球,,,否
317,2026-08-27,2026-08-27 00:00:00,20260827-TITAN-3064990-盘口快照-不形成模拟,欧罗巴杯,图恩 vs 波兹南莱赫,洲际杯赛,欧洲非五大,降温保护/诱下,平手,0.8500,1.0400,是
318,2026-08-27,2026-08-27 00:00:00,20260827-TITAN-3069280-盘口快照-不形成模拟,秘鲁联杯,AD塔尔玛 vs UCV莫克瓜,国内杯赛,拉美,阻上/诱下,一球/球半,1.0700,0.7500,是
319,2026-08-27,2026-08-27 00:00:00,20260827-TITAN-3071655-盘口快照-不形成模拟,乌拉杯,乌拉圭民族 vs 阿尔比恩,国内杯赛,拉美,诱下/上盘降温,半球,0.9200,0.7800,是
322,2026-08-28,2026-08-28 00:00:00,20260828-TITAN-2921226-盘口快照-不形成模拟,智利甲,科布雷索 vs 帕莱斯蒂诺,成年联赛T1,拉美,阻下/上盘保护,平手,0.8600,1.0300,是
324,2026-08-28,2026-08-28 00:00:00,20260828-TITAN-2925519-赛况更新-不新建赛前模拟,韩K2联,全南天龙 vs 天安城,成年联赛T2,东亚,降温保护/诱下,平手,0.8100,1.0100,是
326,2026-08-28,2026-08-28 00:00:00,20260828-TITAN-2931292-盘口快照-不形成模拟,冰岛甲,特罗图尔 vs 艾格尔,成年联赛T2,欧洲非五大,真实示强/阻上,三球,0.9900,0.8500,是
328,2026-08-28,2026-08-28 00:00:00,20260828-TITAN-2937907-盘口快照-不形成模拟,厄瓜甲,穆苏克鲁纳 vs 德芬,成年联赛T1,拉美,阻上/降温保护,一球,,,否
329,2026-08-28,2026-08-28 00:00:00,20260828-TITAN-2940150-盘口快照-不形成模拟,巴西乙,戈伊亚斯 vs 圣贝纳多,成年联赛T2,拉美,阻上/降温保护,半球,,,否
331,2026-08-28,2026-08-28 00:00:00,20260828-TITAN-2944800-赛况更新-不新建赛前模拟,中超,深圳新鹏城 vs 上海海港,成年联赛T1,东亚,真实示弱/阻下,平手/半球,0.9100,0.9500,是
332,2026-08-28,2026-08-28 00:00:00,20260828-TITAN-2944804-赛况更新-不新建赛前模拟,中超,上海申花 vs 山东泰山,成年联赛T1,东亚,真实示强/阻上,一球,0.9400,0.9200,是
333,2026-08-28,2026-08-28 00:00:00,20260828-TITAN-2955341-盘口快照-不形成模拟,美甲,夏洛特独立 vs AV阿尔塔,成年联赛T3,北美,诱下/上盘降温,一球/球半,0.9100,0.7900,是
334,2026-08-28,2026-08-28 00:00:00,20260828-TITAN-2962607-盘口快照-不形成模拟,阿甲,圣塔菲联 vs 萨尔米安杜,成年联赛T1,拉美,阻下/上盘保护,半球,0.8600,1.0300,是
335,2026-08-28,2026-08-28 00:00:00,20260828-TITAN-2965018-赛况更新-不新建赛前模拟,哈萨克甲,塔拉兹 vs 杜保尔B队,未知分类,海湾,降温保护/诱下,半球/一球,0.8100,0.8900,是
336,2026-08-28,2026-08-28 00:00:00,20260828-TITAN-2971073-盘口快照-不形成模拟,乌兹甲,FK加扎尔肯特 vs 费尔干纳大学,成年联赛T2,海湾,降温保护/诱下,平手/半球,0.9500,0.8100,是
337,2026-08-28,2026-08-28 00:00:00,20260828-TITAN-2993765-盘口快照-不形成模拟,意甲,AC米兰 vs 威尼斯,成年联赛T1,欧洲五大,降温保护/诱下,一球,0.7800,1.1200,是
338,2026-08-28,2026-08-28 00:00:00,20260828-TITAN-2995325-盘口快照-不形成模拟,法甲,里尔 vs 巴黎圣日耳曼,成年联赛T1,欧洲五大,诱上/阻下,半球/一球,1.1100,0.7900,是
340,2026-08-28,2026-08-28 00:00:00,20260828-TITAN-2996434-盘口快照-不形成模拟,荷乙,邓伯什 vs 维特斯,成年联赛T2,欧洲非五大,真实示强/阻上,平手/半球,0.9000,0.9800,是
343,2026-08-28,2026-08-28 00:00:00,20260828-TITAN-2997700-盘口快照-不形成模拟,法乙,克莱蒙 vs 索肖,成年联赛T2,欧洲五大,阻上/降温保护,平手,,,否
344,2026-08-28,2026-08-28 00:00:00,20260828-TITAN-2997703-盘口快照-不形成模拟,法乙,拉瓦勒 vs 格勒诺布尔,成年联赛T2,欧洲五大,阻下/上盘保护,平手/半球,0.8600,1.0200,是
345,2026-08-28,2026-08-28 00:00:00,20260828-TITAN-2997704-盘口快照-不形成模拟,法乙,蒙彼利埃 vs 布洛涅,成年联赛T2,欧洲五大,阻上/降温保护,半球/一球,,,否
346,2026-08-28,2026-08-28 00:00:00,20260828-TITAN-2997705-盘口快照-不形成模拟,法乙,南锡 vs USL敦刻尔克,成年联赛T2,欧洲五大,阻下/上盘保护,平手,0.8600,1.0200,是
347,2026-08-28,2026-08-28 00:00:00,20260828-TITAN-2997707-盘口快照-不形成模拟,法乙,罗德兹 vs 波城,成年联赛T2,欧洲五大,阻上/降温保护,半球/一球,,,否
349,2026-08-28,2026-08-28 00:00:00,20260828-TITAN-2999349-赛况更新-不新建赛前模拟,中美俱杯,CD奥林匹亚 vs 萨普里萨,国内杯赛,其他,阻上/诱下,平手/半球,1.0200,0.8000,是
350,2026-08-28,2026-08-28 00:00:00,20260828-TITAN-2999350-赛况更新-不新建赛前模拟,中美俱杯,拉科鲁尼亚米斯科 vs 阿利亚,国内杯赛,其他,诱上/阻下,平手/半球,1.0700,0.7500,是
351,2026-08-28,2026-08-28 00:00:00,20260828-TITAN-3000925-盘口快照-不形成模拟,瑞士甲,克里恩斯 vs 尼奈斯,成年联赛T2,欧洲非五大,降温保护/诱下,半球/一球,0.8200,1.0600,是
353,2026-08-28,2026-08-28 00:00:00,20260828-TITAN-3000927-盘口快照-不形成模拟,瑞士甲,伊韦尔东 vs 韦尔,成年联赛T2,欧洲非五大,阻上/诱下,一球,1.0500,0.8300,是
356,2026-08-28,2026-08-28 00:00:00,20260828-TITAN-3003547-盘口快照-不形成模拟,比甲,亨克 vs 华斯兰德,成年联赛T1,欧洲非五大,阻下/上盘保护,一球,0.8600,1.0300,是
357,2026-08-28,2026-08-28 00:00:00,20260828-TITAN-3003863-盘口快照-不形成模拟,英超,水晶宫 vs 曼彻斯特城,成年联赛T1,欧洲五大,降温保护/诱下,半球/一球,0.8400,1.0500,是
358,2026-08-28,2026-08-28 00:00:00,20260828-TITAN-3005371-盘口快照-不形成模拟,比乙,哈塞尔特 vs 根特B队,成年联赛T2,欧洲非五大,诱上/阻下,半球,1.2500,0.6600,是
359,2026-08-28,2026-08-28 00:00:00,20260828-TITAN-3005372-盘口快照-不形成模拟,比乙,洛克伦 vs 亨克B队,成年联赛T2,欧洲非五大,诱上/阻下,半球/一球,1.0900,0.7700,是
361,2026-08-28,2026-08-28 00:00:00,20260828-TITAN-3012172-盘口快照-不形成模拟,哥伦乙秋,尤姆博独立 vs 利昂内斯,成年联赛T2,拉美,诱上/阻下,半球/一球,1.0200,0.8000,是
362,2026-08-28,2026-08-28 00:00:00,20260828-TITAN-3012174-盘口快照-不形成模拟,哥伦乙秋,马达莱纳联 vs 奎迪奥,成年联赛T2,拉美,诱上/阻下,半球,1.0000,0.8200,是
363,2026-08-28,2026-08-28 00:00:00,20260828-TITAN-3012276-盘口快照-不形成模拟,俄超,阿克伦陶里亚蒂 vs 莫斯科中央陆军,成年联赛T1,欧洲非五大,诱上/阻下,半球/一球,1.0600,0.8300,是
366,2026-08-28,2026-08-28 00:00:00,20260828-TITAN-3013668-盘口快照-不形成模拟,西甲,桑坦德竞技 vs 埃尔切,成年联赛T1,欧洲五大,阻上/诱下,半球,1.0600,0.8300,是
368,2026-08-28,2026-08-28 00:00:00,20260828-TITAN-3014486-盘口快照-不形成模拟,西协甲,卡些连奴 vs 米兰德斯,成年联赛T3,欧洲五大,阻上/诱下,平手/半球,1.0600,0.7600,是
369,2026-08-28,2026-08-28 00:00:00,20260828-TITAN-3014489-盘口快照-不形成模拟,西协甲,皇家阿维勒斯 vs 庞特贝德拉,成年联赛T3,欧洲五大,阻上/降温保护,平手,,,否
370,2026-08-28,2026-08-28 00:00:00,20260828-TITAN-3018786-盘口快照-不形成模拟,德甲,拜仁慕尼黑 vs 斯图加特,成年联赛T1,欧洲五大,阻上/诱下,两球/两球半,1.0300,0.8600,是
372,2026-08-28,2026-08-28 00:00:00,20260828-TITAN-3019111-盘口快照-不形成模拟,德乙,布伦瑞克 vs 柏林赫塔,成年联赛T2,欧洲五大,阻上/诱下,平手/半球,1.1100,0.7900,是
373,2026-08-28,2026-08-28 00:00:00,20260828-TITAN-3020870-盘口快照-不形成模拟,丹麦乙,阿玛盖尔 vs 齐斯泰兹,成年联赛T3,欧洲非五大,诱上/阻下,半球,1.0200,0.8000,是
375,2026-08-28,2026-08-28 00:00:00,20260828-TITAN-3021963-盘口快照-不形成模拟,俄甲,下卡姆斯克石油 vs 乌法,成年联赛T2,欧洲非五大,诱上/阻下,平手,1.0400,0.7800,是
376,2026-08-28,2026-08-28 00:00:00,20260828-TITAN-3023466-盘口快照-不形成模拟,葡超,里奥阿维 vs 葡萄牙体育,成年联赛T1,欧洲非五大,阻上/降温保护,球半,,,否
378,2026-08-28,2026-08-28 00:00:00,20260828-TITAN-3026712-盘口快照-不形成模拟,土超,根克勒比利吉 vs 埃尔祖鲁姆体育,成年联赛T1,欧洲非五大,阻上/降温保护,半球,,,否
383,2026-08-28,2026-08-28 00:00:00,20260828-TITAN-3032906-盘口快照-不形成模拟,阿联酋甲,阿联酋伊蒂法格 vs 奥鲁巴,成年联赛T2,海湾,降温保护/诱下,半球,1.1200,0.5900,是
384,2026-08-28,2026-08-28 00:00:00,20260828-TITAN-3032907-盘口快照-不形成模拟,阿联酋甲,泰德 vs 城市俱乐部,成年联赛T2,海湾,诱上/阻下,一球,1.1100,0.6000,是
385,2026-08-28,2026-08-28 00:00:00,20260828-TITAN-3032908-盘口快照-不形成模拟,阿联酋甲,富查伊拉 vs 海湾联,成年联赛T2,海湾,诱下/上盘降温,球半,0.8900,0.8100,是
387,2026-08-28,2026-08-28 00:00:00,20260828-TITAN-3037788-盘口快照-不形成模拟,卡塔尔联,卡塔尔体育 vs 萨德,成年联赛T1,海湾,诱下/上盘降温,一球/球半,1.0000,0.8200,是
388,2026-08-28,2026-08-28 00:00:00,20260828-TITAN-3040101-盘口快照-不形成模拟,捷乙,杜库拉 vs 伊赫拉瓦,成年联赛T2,欧洲非五大,降温保护/诱下,半球,0.8500,0.9900,是
389,2026-08-28,2026-08-28 00:00:00,20260828-TITAN-3040719-盘口快照-不形成模拟,意乙,克雷莫纳 vs 摩德纳,成年联赛T2,欧洲五大,降温保护/诱下,平手/半球,0.9800,0.9000,是
390,2026-08-28,2026-08-28 00:00:00,20260828-TITAN-3043180-盘口快照-不形成模拟,捷丙,弗里德克 vs 奥林莫斯B队,成年联赛T3,欧洲非五大,诱上/阻下,平手/半球,1.0600,0.7600,是
392,2026-08-28,2026-08-28 00:00:00,20260828-TITAN-3046958-盘口快照-不形成模拟,沙特联,费哈 vs 艾卜哈,未知分类,海湾,阻上/降温保护,平手/半球,,,否
394,2026-08-28,2026-08-28 00:00:00,20260828-TITAN-3046960-盘口快照-不形成模拟,沙特联,利雅得胜利 vs 布赖代合作,未知分类,海湾,真实示强/阻上,球半/两球,0.9900,0.8900,是
396,2026-08-28,2026-08-28 00:00:00,20260828-TITAN-3051271-盘口快照-不形成模拟,意丙,巴勒塔 vs 巴里,成年联赛T3,欧洲五大,阻上/降温保护,平手/半球,,,否
397,2026-08-28,2026-08-28 00:00:00,20260828-TITAN-3051272-盘口快照-不形成模拟,意丙,卡萨拉诺 vs 久加连奴,成年联赛T3,欧洲五大,诱上/阻下,平手/半球,1.1300,0.7000,是
399,2026-08-28,2026-08-28 00:00:00,20260828-TITAN-3051279-盘口快照-不形成模拟,意丙,斯卡法塔森 vs AZ皮切尔诺,成年联赛T3,欧洲五大,诱上/阻下,平手/半球,0.9800,0.8400,是
400,2026-08-28,2026-08-28 00:00:00,20260828-TITAN-3057131-赛况更新-不新建赛前模拟,阿联酋超,迪拜联合 vs 伊蒂哈德卡尔巴,成年联赛T1,海湾,阻上/降温保护,平手/半球,,,否
403,2026-08-28,2026-08-28 00:00:00,20260828-TITAN-3068107-盘口快照-不形成模拟,克亚乙,雷迪塞瓦特 vs 杜国坡吉,成年联赛T2,欧洲非五大,诱下/上盘降温,平手/半球,0.9500,0.7500,是
404,2026-08-29,2026-08-29 00:00:00,20260829-TITAN-2908728-盘口快照-不形成模拟,美职业,西雅图海湾人 vs 芝加哥火焰,成年联赛T1,北美,阻上/降温保护,平手/半球,,,否
405,2026-08-29,2026-08-29 00:00:00,20260829-TITAN-2908729-盘口快照-不形成模拟,美职业,亚特兰大联 vs 夏洛特FC,成年联赛T1,北美,诱上/阻下,平手,1.0500,0.8400,是
407,2026-08-29,2026-08-29 00:00:00,20260829-TITAN-2908732-盘口快照-不形成模拟,美职业,迈阿密国际 vs CF蒙特利尔,成年联赛T1,北美,阻上/诱下,球半,1.0300,0.8600,是
409,2026-08-29,2026-08-29 00:00:00,20260829-TITAN-2908734-盘口快照-不形成模拟,美职业,多伦多FC vs 纽约城,成年联赛T1,北美,阻下/上盘保护,平手,0.8600,1.0300,是
410,2026-08-29,2026-08-29 00:00:00,20260829-TITAN-2908735-盘口快照-不形成模拟,美职业,休斯敦迪纳摩 vs 圣何塞地震,成年联赛T1,北美,诱上/阻下,半球/一球,1.0900,0.8000,是
411,2026-08-29,2026-08-29 00:00:00,20260829-TITAN-2908736-盘口快照-不形成模拟,美职业,明尼苏达联 vs 奥兰多城,成年联赛T1,北美,阻上/降温保护,半球/一球,,,否
412,2026-08-29,2026-08-29 00:00:00,20260829-TITAN-2908737-盘口快照-不形成模拟,美职业,纳什威尔SC vs 辛辛那提,成年联赛T1,北美,诱上/阻下,半球,1.0500,0.8400,是
413,2026-08-29,2026-08-29 00:00:00,20260829-TITAN-2908738-盘口快照-不形成模拟,美职业,堪萨斯城竞技 vs 温哥华白浪,成年联赛T1,北美,阻上/降温保护,一球/球半,,,否
414,2026-08-29,2026-08-29 00:00:00,20260829-TITAN-2908739-盘口快照-不形成模拟,美职业,科罗拉多急流 vs 皇家盐湖城,成年联赛T1,北美,真实示强/阻上,半球,0.9300,0.9600,是
415,2026-08-29,2026-08-29 00:00:00,20260829-TITAN-2910868-盘口快照-不形成模拟,巴西甲,米内罗竞技 vs 维多利亚,成年联赛T1,拉美,阻上/降温保护,半球/一球,,,否
417,2026-08-29,2026-08-29 00:00:00,20260829-TITAN-2910876-盘口快照-不形成模拟,巴西甲,瓦斯科达伽马 vs 克鲁塞罗,成年联赛T1,拉美,阻上/诱下,半球,1.0600,0.8300,是
419,2026-08-29,2026-08-29 00:00:00,20260829-TITAN-2912256-盘口快照-不形成模拟,瑞典超,赫根 vs 瓦斯特拉斯,成年联赛T1,欧洲非五大,阻上/诱下,一球/球半,1.0400,0.8500,是
420,2026-08-29,2026-08-29 00:00:00,20260829-TITAN-2912257-盘口快照-不形成模拟,瑞典超,哈尔姆斯塔德 vs 卡尔马,成年联赛T1,欧洲非五大,诱上/阻下,平手/半球,1.0700,0.8200,是
421,2026-08-29,2026-08-29 00:00:00,20260829-TITAN-2914671-盘口快照-不形成模拟,瑞典甲,法尔肯堡 vs 布拉格,成年联赛T2,欧洲非五大,阻上/降温保护,半球,,,否
422,2026-08-29,2026-08-29 00:00:00,20260829-TITAN-2914673-盘口快照-不形成模拟,瑞典甲,兰斯科罗纳 vs 奥斯特桑斯,成年联赛T2,欧洲非五大,诱上/阻下,平手,1.0500,0.8400,是
425,2026-08-29,2026-08-29 00:00:00,20260829-TITAN-2916630-盘口快照-不形成模拟,阿乙,拉费尔拿 vs 特里斯顿,成年联赛T2,拉美,阻上/降温保护,平手/半球,,,否
426,2026-08-29,2026-08-29 00:00:00,20260829-TITAN-2916633-盘口快照-不形成模拟,阿乙,博利瓦尔 vs 贝尔格拉诺防卫队,成年联赛T2,拉美,诱上/阻下,平手,0.9800,0.8400,是
427,2026-08-29,2026-08-29 00:00:00,20260829-TITAN-2916634-盘口快照-不形成模拟,阿乙,科勒加勒斯 vs 迈普,成年联赛T2,拉美,诱上/阻下,平手/半球,1.0400,0.7800,是
428,2026-08-29,2026-08-29 00:00:00,20260829-TITAN-2916640-盘口快照-不形成模拟,阿乙,米德兰 vs 新芝加哥,成年联赛T2,拉美,阻上/降温保护,半球/一球,,,否
429,2026-08-29,2026-08-29 00:00:00,20260829-TITAN-2920951-盘口快照-不形成模拟,澳维超,艾云达尔 vs 休城,成年联赛T2,其他,降温保护/诱下,平手/半球,0.9100,0.9800,是
430,2026-08-29,2026-08-29 00:00:00,20260829-TITAN-2920952-盘口快照-不形成模拟,澳维超,乔治十字 vs 南墨尔本,成年联赛T2,其他,降温保护/诱下,半球,1.0500,0.8400,是
431,2026-08-29,2026-08-29 00:00:00,20260829-TITAN-2920953-盘口快照-不形成模拟,澳维超,黑德堡 vs 班特列,成年联赛T2,其他,诱上/阻下,球半,0.9700,0.8500,是
432,2026-08-29,2026-08-29 00:00:00,20260829-TITAN-2920955-盘口快照-不形成模拟,澳维超,欧克莱卡诺 vs 丹德农市,成年联赛T2,其他,阻上/诱下,一球/球半,1.1200,0.7800,是
433,2026-08-29,2026-08-29 00:00:00,20260829-TITAN-2920956-盘口快照-不形成模拟,澳维超,普雷斯顿莱恩 vs 阿东那,成年联赛T2,其他,阻上/降温保护,一球,,,否
434,2026-08-29,2026-08-29 00:00:00,20260829-TITAN-2920957-盘口快照-不形成模拟,澳维超,圣奥尔本斯圣特斯 vs 丹德农迅雷,成年联赛T2,其他,诱上/阻下,球半/两球,1.0100,0.8100,是
435,2026-08-29,2026-08-29 00:00:00,20260829-TITAN-2921229-盘口快照-不形成模拟,智利甲,利马切颜色 vs 维尼亚德马埃弗顿,成年联赛T1,拉美,降温保护/诱下,平手,0.8000,1.0900,是
436,2026-08-29,2026-08-29 00:00:00,20260829-TITAN-2921230-盘口快照-不形成模拟,智利甲,奴伯伦斯 vs 康塞普西翁,成年联赛T1,拉美,诱上/阻下,平手/半球,1.0600,0.8300,是
441,2026-08-29,2026-08-29 00:00:00,20260829-TITAN-2925523-盘口快照-不形成模拟,韩K2联,城南FC vs 首尔衣恋,成年联赛T2,东亚,诱下/上盘降温,平手/半球,0.9800,0.8400,是
442,2026-08-29,2026-08-29 00:00:00,20260829-TITAN-2926303-盘口快照-不形成模拟,智利乙,圣菲利浦联 vs 圣塔克鲁兹,成年联赛T2,拉美,诱上/阻下,平手,0.9100,0.7900,是
443,2026-08-29,2026-08-29 00:00:00,20260829-TITAN-2926304-盘口快照-不形成模拟,智利乙,圣地亚哥漫游者 vs 马加拉内斯,成年联赛T2,拉美,诱下/上盘降温,平手/半球,0.8800,0.8200,是
444,2026-08-29,2026-08-29 00:00:00,20260829-TITAN-2929705-盘口快照-不形成模拟,韩K联,富川FC vs FC安养,成年联赛T1,东亚,阻上/降温保护,平手,,,否
445,2026-08-29,2026-08-29 00:00:00,20260829-TITAN-2929706-盘口快照-不形成模拟,韩K联,蔚山HD vs 金泉尚武,成年联赛T1,东亚,降温保护/诱下,平手/半球,0.8200,1.0700,是
446,2026-08-29,2026-08-29 00:00:00,20260829-TITAN-2931293-盘口快照-不形成模拟,冰岛甲,阿费查尔丁 vs 维斯特瑞,成年联赛T2,欧洲非五大,诱上/阻下,球半/两球,0.9200,0.8400,是
448,2026-08-29,2026-08-29 00:00:00,20260829-TITAN-2931295-盘口快照-不形成模拟,冰岛甲,雷克尼 vs 嘉德维克,成年联赛T2,欧洲非五大,降温保护/诱下,半球,0.8100,0.9500,是
450,2026-08-29,2026-08-29 00:00:00,20260829-TITAN-2937900-盘口快照-不形成模拟,厄瓜甲,山谷独立 vs 基多天主大学,成年联赛T1,拉美,诱上/阻下,半球/一球,1.0400,0.8400,是
451,2026-08-29,2026-08-29 00:00:00,20260829-TITAN-2937904-盘口快照-不形成模拟,厄瓜甲,曼塔 vs 瓜亚基尔巴塞罗那,成年联赛T1,拉美,阻上/诱下,半球,1.0100,0.8700,是
452,2026-08-29,2026-08-29 00:00:00,20260829-TITAN-2937906-盘口快照-不形成模拟,厄瓜甲,瓜亚基尔城 vs 基多体育大学,成年联赛T1,拉美,阻下/上盘保护,平手/半球,0.8500,1.0300,是
453,2026-08-29,2026-08-29 00:00:00,20260829-TITAN-2940147-盘口快照-不形成模拟,巴西乙,保地花高SP vs 库亚巴,成年联赛T2,拉美,诱上/阻下,平手/半球,1.0800,0.8000,是
454,2026-08-29,2026-08-29 00:00:00,20260829-TITAN-2940418-盘口快照-不形成模拟,韩K3联,唐津市民 vs 春川市民,成年联赛T3,东亚,阻上/降温保护,平手/半球,,,否
459,2026-08-29,2026-08-29 00:00:00,20260829-TITAN-2940738-盘口快照-不形成模拟,拉脱超,图库姆斯 vs 叶尔加瓦,未知分类,其他,阻上/诱下,平手/半球,1.0300,0.7900,是
461,2026-08-29,2026-08-29 00:00:00,20260829-TITAN-2942582-盘口快照-不形成模拟,美冠联,埃尔帕索机车 vs 劳顿联,成年联赛T2,北美,阻上/降温保护,半球/一球,,,否
465,2026-08-29,2026-08-29 00:00:00,20260829-TITAN-2942587-盘口快照-不形成模拟,美冠联,路易斯维尔FC vs 底特律城,成年联赛T2,北美,诱下/上盘降温,半球/一球,1.0000,0.8200,是
468,2026-08-29,2026-08-29 00:00:00,20260829-TITAN-2942590-盘口快照-不形成模拟,美冠联,奥克兰根 vs 奥兰治县布鲁斯,成年联赛T2,北美,诱上/阻下,平手/半球,1.1200,0.7100,是
470,2026-08-29,2026-08-29 00:00:00,20260829-TITAN-2944801-盘口快照-不形成模拟,中超,浙江俱乐部绿城 vs 云南玉昆,成年联赛T1,东亚,真实示强/阻上,半球,0.9900,0.8700,是
471,2026-08-29,2026-08-29 00:00:00,20260829-TITAN-2944802-盘口快照-不形成模拟,中超,天津津门虎 vs 青岛西海岸,成年联赛T1,东亚,阻上/诱下,半球,1.0000,0.8600,是
483,2026-08-29,2026-08-29 00:00:00,20260829-TITAN-2962594-盘口快照-不形成模拟,阿甲,图库曼竞技 vs 贝尔格拉诺,成年联赛T1,拉美,阻下/上盘保护,平手,0.8700,1.0200,是
484,2026-08-29,2026-08-29 00:00:00,20260829-TITAN-2962598-盘口快照-不形成模拟,阿甲,利斯特雷 vs 萨斯菲尔德,成年联赛T1,拉美,阻上/降温保护,平手,,,否
485,2026-08-29,2026-08-29 00:00:00,20260829-TITAN-2962600-盘口快照-不形成模拟,阿甲,飓风队 vs 里奥夸尔托学生队,成年联赛T1,拉美,诱上/阻下,半球/一球,1.0700,0.8200,是
486,2026-08-29,2026-08-29 00:00:00,20260829-TITAN-2962604-盘口快照-不形成模拟,阿甲,罗萨里奥中央 vs 拉普拉塔体操,成年联赛T1,拉美,真实示强/阻上,半球/一球,0.9700,0.9200,是
488,2026-08-29,2026-08-29 00:00:00,20260829-TITAN-2993768-盘口快照-不形成模拟,意甲,佛罗伦萨 vs 弗洛西诺尼,成年联赛T1,欧洲五大,诱上/阻下,半球/一球,1.0700,0.8200,是
490,2026-08-29,2026-08-29 00:00:00,20260829-TITAN-2993772-盘口快照-不形成模拟,意甲,蒙扎 vs 乌迪内斯,成年联赛T1,欧洲五大,阻上/降温保护,平手/半球,,,否
492,2026-08-29,2026-08-29 00:00:00,20260829-TITAN-2995317-盘口快照-不形成模拟,法甲,欧塞尔 vs 昂热,成年联赛T1,欧洲五大,阻上/降温保护,半球,,,否
494,2026-08-29,2026-08-29 00:00:00,20260829-TITAN-2995319-盘口快照-不形成模拟,法甲,洛里昂 vs 特鲁瓦,成年联赛T1,欧洲五大,阻下/上盘保护,半球,0.8700,1.0200,是
495,2026-08-29,2026-08-29 00:00:00,20260829-TITAN-2995320-盘口快照-不形成模拟,法甲,里昂 vs 勒阿弗尔,成年联赛T1,欧洲五大,阻上/降温保护,一球/球半,,,否
496,2026-08-29,2026-08-29 00:00:00,20260829-TITAN-2995324-盘口快照-不形成模拟,法甲,斯特拉斯堡 vs 朗斯,成年联赛T1,欧洲五大,阻上/诱下,半球,1.0400,0.8500,是
497,2026-08-29,2026-08-29 00:00:00,20260829-TITAN-2996126-盘口快照-不形成模拟,荷甲,SBV精英 vs 鹿特丹斯巴达,成年联赛T1,欧洲非五大,阻上/诱下,平手/半球,1.0800,0.8100,是
498,2026-08-29,2026-08-29 00:00:00,20260829-TITAN-2996127-盘口快照-不形成模拟,荷甲,阿尔克马尔 vs 前进之鹰,成年联赛T1,欧洲非五大,阻上/降温保护,球半,,,否
500,2026-08-29,2026-08-29 00:00:00,20260829-TITAN-2996441-盘口快照-不形成模拟,荷乙,格拉夫夏普 vs 阿尔梅勒城,成年联赛T2,欧洲非五大,降温保护/诱下,平手,0.8500,1.0300,是
501,2026-08-29,2026-08-29 00:00:00,20260829-TITAN-2997513-盘口快照-不形成模拟,克亚甲,依斯特拉 vs 萨格勒布迪纳摩,成年联赛T1,欧洲非五大,诱下/上盘降温,一球/球半,0.8600,0.8400,是
502,2026-08-29,2026-08-29 00:00:00,20260829-TITAN-2997516-盘口快照-不形成模拟,克亚甲,瓦拉日丁 vs 鲁达士,成年联赛T1,欧洲非五大,诱上/阻下,球半,0.9200,0.7800,是
504,2026-08-29,2026-08-29 00:00:00,20260829-TITAN-2997702-盘口快照-不形成模拟,法乙,甘冈 vs 南特,成年联赛T2,欧洲五大,降温保护/诱下,平手,0.8400,1.0400,是
505,2026-08-29,2026-08-29 00:00:00,20260829-TITAN-2997706-盘口快照-不形成模拟,法乙,红星 vs 兰斯,成年联赛T2,欧洲五大,阻上/诱下,平手/半球,1.0800,0.8000,是
507,2026-08-29,2026-08-29 00:00:00,20260829-TITAN-2998100-盘口快照-不形成模拟,丹麦甲,奥尔堡 vs 靴尔科治,成年联赛T2,欧洲非五大,阻上/诱下,一球,1.0100,0.8800,是
508,2026-08-29,2026-08-29 00:00:00,20260829-TITAN-3000043-盘口快照-不形成模拟,日职乙,今治 vs 山形山神,成年联赛T2,东亚,诱上/阻下,平手,1.0700,0.8200,是
509,2026-08-29,2026-08-29 00:00:00,20260829-TITAN-3000044-盘口快照-不形成模拟,日职乙,磐城FC vs 新泻天鹅,成年联赛T2,东亚,诱上/阻下,平手,1.1100,0.7900,是
510,2026-08-29,2026-08-29 00:00:00,20260829-TITAN-3000045-盘口快照-不形成模拟,日职乙,甲府风林 vs 札幌冈萨多,成年联赛T2,东亚,阻上/降温保护,平手/半球,,,否
511,2026-08-29,2026-08-29 00:00:00,20260829-TITAN-3000046-盘口快照-不形成模拟,日职乙,RB大宫松鼠 vs 湘南海洋,成年联赛T2,东亚,阻上/降温保护,半球,,,否
512,2026-08-29,2026-08-29 00:00:00,20260829-TITAN-3000047-盘口快照-不形成模拟,日职乙,枥木市FC vs 磐田喜悦,成年联赛T2,东亚,阻上/诱下,平手/半球,1.0700,0.8200,是
513,2026-08-29,2026-08-29 00:00:00,20260829-TITAN-3000048-盘口快照-不形成模拟,日职乙,德岛漩涡 vs 大分三神,成年联赛T2,东亚,降温保护/诱下,平手/半球,0.8100,1.0800,是
516,2026-08-29,2026-08-29 00:00:00,20260829-TITAN-3000051-盘口快照-不形成模拟,日职乙,仙台维加泰 vs 宫崎棒牛鸟,成年联赛T2,东亚,阻上/降温保护,平手/半球,,,否
518,2026-08-29,2026-08-29 00:00:00,20260829-TITAN-3000423-盘口快照-不形成模拟,日职联,大阪钢巴 vs 广岛三箭,成年联赛T1,东亚,阻上/诱下,一球,1.0900,0.8000,是
519,2026-08-29,2026-08-29 00:00:00,20260829-TITAN-3000424-盘口快照-不形成模拟,日职联,川崎前锋 vs 千叶市原,成年联赛T1,东亚,阻下/上盘保护,一球,0.8500,1.0400,是
521,2026-08-29,2026-08-29 00:00:00,20260829-TITAN-3000426-盘口快照-不形成模拟,日职联,水户蜀葵 vs 町田泽维亚,成年联赛T1,东亚,诱上/阻下,半球,1.0600,0.8300,是
522,2026-08-29,2026-08-29 00:00:00,20260829-TITAN-3000427-盘口快照-不形成模拟,日职联,名古屋鲸八 vs 冈山绿雉,成年联赛T1,东亚,阻下/上盘保护,平手,0.8700,1.0200,是
523,2026-08-29,2026-08-29 00:00:00,20260829-TITAN-3000428-盘口快照-不形成模拟,日职联,清水鼓动 vs 柏太阳神,成年联赛T1,东亚,阻上/诱下,半球,1.0400,0.8500,是
524,2026-08-29,2026-08-29 00:00:00,20260829-TITAN-3000429-盘口快照-不形成模拟,日职联,浦和红钻 vs 横滨水手,成年联赛T1,东亚,阻上/降温保护,平手/半球,,,否
525,2026-08-29,2026-08-29 00:00:00,20260829-TITAN-3000430-盘口快照-不形成模拟,日职联,东京绿茵 vs 鹿岛鹿角,成年联赛T1,东亚,降温保护/诱下,半球,0.9200,0.9500,是
526,2026-08-29,2026-08-29 00:00:00,20260829-TITAN-3000431-盘口快照-不形成模拟,日职联,神户胜利船 vs 大阪樱花,成年联赛T1,东亚,降温保护/诱下,平手/半球,0.8400,1.0500,是
527,2026-08-29,2026-08-29 00:00:00,20260829-TITAN-3000432-盘口快照-不形成模拟,日职联,长崎成功丸 vs FC东京,成年联赛T1,东亚,诱上/阻下,半球/一球,1.1200,0.7800,是
530,2026-08-29,2026-08-29 00:00:00,20260829-TITAN-3000799-盘口快照-不形成模拟,瑞士超,年轻人 vs 巴塞尔,成年联赛T1,欧洲非五大,阻上/降温保护,一球,,,否
534,2026-08-29,2026-08-29 00:00:00,20260829-TITAN-3001160-盘口快照-不形成模拟,日职丙,FC琉球 vs SC相模原,成年联赛T3,东亚,阻上/降温保护,平手/半球,,,否
535,2026-08-29,2026-08-29 00:00:00,20260829-TITAN-3003548-盘口快照-不形成模拟,比甲,拉路维尔 vs 梅赫伦,成年联赛T1,欧洲非五大,阻上/降温保护,平手/半球,,,否
537,2026-08-29,2026-08-29 00:00:00,20260829-TITAN-3003550-盘口快照-不形成模拟,比甲,旧海弗莱鲁汶 vs 标准列日,成年联赛T1,欧洲非五大,阻上/降温保护,平手/半球,,,否
539,2026-08-29,2026-08-29 00:00:00,20260829-TITAN-3003859-盘口快照-不形成模拟,英超,伯恩茅斯 vs 埃弗顿,成年联赛T1,欧洲五大,阻上/降温保护,半球,,,否
540,2026-08-29,2026-08-29 00:00:00,20260829-TITAN-3003862-盘口快照-不形成模拟,英超,考文垂 vs 赫尔城,成年联赛T1,欧洲五大,阻上/诱下,半球/一球,1.0300,0.8600,是
541,2026-08-29,2026-08-29 00:00:00,20260829-TITAN-3003865-盘口快照-不形成模拟,英超,利物浦 vs 诺丁汉森林,成年联赛T1,欧洲五大,阻上/降温保护,一球/球半,,,否
543,2026-08-29,2026-08-29 00:00:00,20260829-TITAN-3005373-盘口快照-不形成模拟,比乙,安德莱赫特B队 vs 比斯查,成年联赛T2,欧洲非五大,诱上/阻下,一球,1.0000,0.8200,是
544,2026-08-29,2026-08-29 00:00:00,20260829-TITAN-3005374-盘口快照-不形成模拟,比乙,RFC列日 vs 登德,成年联赛T2,欧洲非五大,诱下/上盘降温,平手,0.9900,0.8300,是
545,2026-08-29,2026-08-29 00:00:00,20260829-TITAN-3005375-盘口快照-不形成模拟,比乙,艾斯登 vs 布鲁日B队,成年联赛T2,欧洲非五大,诱上/阻下,半球,0.9800,0.8400,是
546,2026-08-29,2026-08-29 00:00:00,20260829-TITAN-3007056-盘口快照-不形成模拟,英甲,布莱克浦 vs 彼得堡联,成年联赛T3,欧洲五大,诱下/上盘降温,半球/一球,1.0000,0.8200,是
547,2026-08-29,2026-08-29 00:00:00,20260829-TITAN-3007057-盘口快照-不形成模拟,英甲,剑桥联 vs 哈德斯菲尔德,成年联赛T3,欧洲五大,诱上/阻下,平手,1.0400,0.7800,是
549,2026-08-29,2026-08-29 00:00:00,20260829-TITAN-3007060-盘口快照-不形成模拟,英甲,米尔顿凯恩斯 vs 莱斯特城,成年联赛T3,欧洲五大,降温保护/诱下,平手,1.0200,0.8000,是
550,2026-08-29,2026-08-29 00:00:00,20260829-TITAN-3007061-盘口快照-不形成模拟,英甲,诺茨郡 vs 伯顿,成年联赛T3,欧洲五大,诱下/上盘降温,平手/半球,0.9800,0.8400,是
552,2026-08-29,2026-08-29 00:00:00,20260829-TITAN-3007064-盘口快照-不形成模拟,英甲,谢周三 vs 布罗姆利,成年联赛T3,欧洲五大,诱上/阻下,半球,0.9800,0.8400,是
553,2026-08-29,2026-08-29 00:00:00,20260829-TITAN-3007065-盘口快照-不形成模拟,英甲,斯蒂文尼奇 vs 唐卡斯特,成年联赛T3,欧洲五大,诱下/上盘降温,平手/半球,1.0000,0.8200,是
555,2026-08-29,2026-08-29 00:00:00,20260829-TITAN-3008176-盘口快照-不形成模拟,英冠,布莱克本 vs 女王公园巡游者,成年联赛T2,欧洲五大,阻上/降温保护,平手/半球,,,否
556,2026-08-29,2026-08-29 00:00:00,20260829-TITAN-3008177-盘口快照-不形成模拟,英冠,博尔顿 vs 林肯城,成年联赛T2,欧洲五大,降温保护/诱下,平手,0.7900,1.0900,是
558,2026-08-29,2026-08-29 00:00:00,20260829-TITAN-3008179-盘口快照-不形成模拟,英冠,查尔顿 vs 普雷斯顿,成年联赛T2,欧洲五大,诱上/阻下,平手/半球,1.0600,0.8200,是
561,2026-08-29,2026-08-29 00:00:00,20260829-TITAN-3008182-盘口快照-不形成模拟,英冠,南安普敦 vs 米尔沃尔,成年联赛T2,欧洲五大,阻上/降温保护,半球,,,否
562,2026-08-29,2026-08-29 00:00:00,20260829-TITAN-3008183-盘口快照-不形成模拟,英冠,沃特福德 vs 西汉姆联,成年联赛T2,欧洲五大,阻下/上盘保护,半球,0.8500,1.0300,是
563,2026-08-29,2026-08-29 00:00:00,20260829-TITAN-3008184-盘口快照-不形成模拟,英冠,狼队 vs 斯托克城,成年联赛T2,欧洲五大,降温保护/诱下,一球,0.9700,0.9100,是
564,2026-08-29,2026-08-29 00:00:00,20260829-TITAN-3008185-盘口快照-不形成模拟,英冠,卡迪夫城 vs 谢菲尔德联队,成年联赛T2,欧洲五大,阻上/诱下,平手/半球,1.0700,0.8100,是
567,2026-08-29,2026-08-29 00:00:00,20260829-TITAN-3011834-盘口快照-不形成模拟,哥伦甲秋,贾奎斯科尔多巴 vs 卡利美洲,成年联赛T1,拉美,阻下/上盘保护,半球,0.8500,1.0300,是
568,2026-08-29,2026-08-29 00:00:00,20260829-TITAN-3012169-盘口快照-不形成模拟,哥伦乙秋,皇家桑坦德 vs 哥杜雷亚,成年联赛T2,拉美,诱上/阻下,平手/半球,0.9600,0.7400,是
569,2026-08-29,2026-08-29 00:00:00,20260829-TITAN-3012170-盘口快照-不形成模拟,哥伦乙秋,卡达根拿 vs 锡帕基拉老虎,成年联赛T2,拉美,诱上/阻下,球半,0.9300,0.7700,是
570,2026-08-29,2026-08-29 00:00:00,20260829-TITAN-3012173-盘口快照-不形成模拟,哥伦乙秋,卡利竞技 vs 波哥塔,成年联赛T2,拉美,诱下/上盘降温,平手/半球,0.8900,0.8100,是
571,2026-08-29,2026-08-29 00:00:00,20260829-TITAN-3012175-盘口快照-不形成模拟,哥伦乙秋,索阿查 vs 帕特里奥坦斯,成年联赛T2,拉美,诱下/上盘降温,平手/半球,0.9700,0.7300,是
574,2026-08-29,2026-08-29 00:00:00,20260829-TITAN-3012278-盘口快照-不形成模拟,俄超,克拉斯诺达尔 vs 罗斯托夫,成年联赛T1,欧洲非五大,降温保护/诱下,半球/一球,0.8200,1.0700,是
576,2026-08-29,2026-08-29 00:00:00,20260829-TITAN-3012495-盘口快照-不形成模拟,乌克超,库德里夫卡 vs 杜纳伊夫齐,成年联赛T1,欧洲非五大,阻上/降温保护,平手/半球,,,否
577,2026-08-29,2026-08-29 00:00:00,20260829-TITAN-3012496-盘口快照-不形成模拟,乌克超,利维贝雷 vs 卡帕迪,成年联赛T1,欧洲非五大,阻上/降温保护,半球,,,否
578,2026-08-29,2026-08-29 00:00:00,20260829-TITAN-3012498-盘口快照-不形成模拟,乌克超,顿涅茨克矿工 vs 普莱西亚,成年联赛T1,欧洲非五大,真实示强/阻上,半球/一球,0.9300,0.9500,是
580,2026-08-29,2026-08-29 00:00:00,20260829-TITAN-3013670-盘口快照-不形成模拟,西甲,皇家社会 vs 西班牙人,成年联赛T1,欧洲五大,阻上/诱下,半球/一球,1.0400,0.8500,是
581,2026-08-29,2026-08-29 00:00:00,20260829-TITAN-3013671-盘口快照-不形成模拟,西甲,塞维利亚 vs 马德里竞技,成年联赛T1,欧洲五大,阻上/降温保护,半球,,,否
582,2026-08-29,2026-08-29 00:00:00,20260829-TITAN-3014044-盘口快照-不形成模拟,西乙,阿尔巴塞特 vs 皇家奥维耶多,成年联赛T2,欧洲五大,阻上/降温保护,平手/半球,,,否
585,2026-08-29,2026-08-29 00:00:00,20260829-TITAN-3014052-盘口快照-不形成模拟,西乙,萨瓦德尔 vs 阿尔梅里亚,成年联赛T2,欧洲五大,阻上/降温保护,平手,,,否
586,2026-08-29,2026-08-29 00:00:00,20260829-TITAN-3014484-盘口快照-不形成模拟,西协甲,亚勒那斯 vs 费罗尔竞技,成年联赛T3,欧洲五大,诱上/阻下,平手,1.0300,0.7900,是
591,2026-08-29,2026-08-29 00:00:00,20260829-TITAN-3014869-盘口快照-不形成模拟,西协甲,赫库斯 vs 穆尔西亚,成年联赛T3,欧洲五大,诱上/阻下,平手,0.9800,0.8400,是
592,2026-08-29,2026-08-29 00:00:00,20260829-TITAN-3014870-盘口快照-不形成模拟,西协甲,韦斯卡 vs 圣特安德雷,成年联赛T3,欧洲五大,诱上/阻下,半球/一球,1.0100,0.8100,是
597,2026-08-29,2026-08-29 00:00:00,20260829-TITAN-3018792-盘口快照-不形成模拟,德甲,美因茨 vs 帕德博恩,成年联赛T1,欧洲五大,真实示强/阻上,一球,0.9200,0.9700,是
599,2026-08-29,2026-08-29 00:00:00,20260829-TITAN-3018794-盘口快照-不形成模拟,德甲,柏林联合 vs 法兰克福,成年联赛T1,欧洲五大,降温保护/诱下,平手,0.9500,0.9400,是
602,2026-08-29,2026-08-29 00:00:00,20260829-TITAN-3019115-盘口快照-不形成模拟,德乙,卡尔斯鲁厄 vs 沃尔夫斯堡,成年联赛T2,欧洲五大,降温保护/诱下,平手/半球,0.8400,1.0500,是
604,2026-08-29,2026-08-29 00:00:00,20260829-TITAN-3019972-盘口快照-不形成模拟,法丙,亚眠 vs 维尔赛斯,成年联赛T3,欧洲五大,诱上/阻下,平手,1.0500,0.8100,是
605,2026-08-29,2026-08-29 00:00:00,20260829-TITAN-3019973-盘口快照-不形成模拟,法丙,欧巴涅 vs 普瑞兰斯,成年联赛T3,欧洲五大,阻上/降温保护,平手/半球,,,否
608,2026-08-29,2026-08-29 00:00:00,20260829-TITAN-3019977-盘口快照-不形成模拟,法丙,克维伊 vs 弗勒里梅洛吉斯,成年联赛T3,欧洲五大,诱上/阻下,平手,1.0300,0.8300,是
609,2026-08-29,2026-08-29 00:00:00,20260829-TITAN-3019978-盘口快照-不形成模拟,法丙,蒂翁维尔 vs 巴黎13区竞技,成年联赛T3,欧洲五大,阻上/降温保护,半球,,,否
610,2026-08-29,2026-08-29 00:00:00,20260829-TITAN-3019979-盘口快照-不形成模拟,法丙,瓦朗谢纳 vs 孔卡诺,成年联赛T3,欧洲五大,阻上/降温保护,平手/半球,,,否
612,2026-08-29,2026-08-29 00:00:00,20260829-TITAN-3020874-盘口快照-不形成模拟,丹麦乙,海勒鲁普 vs 米德法特,成年联赛T3,欧洲非五大,诱上/阻下,半球,0.9400,0.7600,是
615,2026-08-29,2026-08-29 00:00:00,20260829-TITAN-3021968-盘口快照-不形成模拟,俄甲,伊凡诺沃 vs 韦莱斯,成年联赛T2,欧洲非五大,诱下/上盘降温,平手/半球,1.0000,0.8200,是
617,2026-08-29,2026-08-29 00:00:00,20260829-TITAN-3023459-盘口快照-不形成模拟,葡超,艾华卡 vs 圣克拉拉,成年联赛T1,欧洲非五大,降温保护/诱下,平手,0.9300,0.9600,是
618,2026-08-29,2026-08-29 00:00:00,20260829-TITAN-3023460-盘口快照-不形成模拟,葡超,阿罗卡 vs 马里迪莫,成年联赛T1,欧洲非五大,阻下/上盘保护,平手/半球,0.8600,1.0300,是
620,2026-08-29,2026-08-29 00:00:00,20260829-TITAN-3023770-盘口快照-不形成模拟,葡甲,朴迪莫伦斯 vs 雷克斯欧斯,成年联赛T2,欧洲非五大,诱上/阻下,平手,1.0200,0.8000,是
622,2026-08-29,2026-08-29 00:00:00,20260829-TITAN-3026015-盘口快照-不形成模拟,德丙,亚琛 vs 梅彭,成年联赛T3,欧洲五大,阻上/诱下,一球/球半,1.0200,0.8000,是
623,2026-08-29,2026-08-29 00:00:00,20260829-TITAN-3026016-盘口快照-不形成模拟,德丙,杜伊斯堡 vs 维尔茨堡踢球者,成年联赛T3,欧洲五大,降温保护/诱下,一球,0.9000,0.9200,是
624,2026-08-29,2026-08-29 00:00:00,20260829-TITAN-3026018-盘口快照-不形成模拟,德丙,格罗巴斯帕奇 vs 因戈尔施塔特,成年联赛T3,欧洲五大,诱上/阻下,平手,1.1600,0.6800,是
625,2026-08-29,2026-08-29 00:00:00,20260829-TITAN-3026019-盘口快照-不形成模拟,德丙,霍芬海姆业馀队 vs 雷根斯堡,成年联赛T3,欧洲五大,阻上/降温保护,平手/半球,,,否
626,2026-08-29,2026-08-29 00:00:00,20260829-TITAN-3026022-盘口快照-不形成模拟,德丙,SC维尔 vs 幸运科隆,成年联赛T3,欧洲五大,真实示弱/阻下,半球,0.9600,0.8600,是
627,2026-08-29,2026-08-29 00:00:00,20260829-TITAN-3026024-盘口快照-不形成模拟,德丙,韦恩 vs 埃森,成年联赛T3,欧洲五大,诱下/上盘降温,平手/半球,0.9800,0.8400,是
630,2026-08-29,2026-08-29 00:00:00,20260829-TITAN-3026713-盘口快照-不形成模拟,土超,科尼亚体育 vs 科贾埃利体育,成年联赛T1,欧洲非五大,阻上/降温保护,半球,,,否
632,2026-08-29,2026-08-29 00:00:00,20260829-TITAN-3030118-盘口快照-不形成模拟,土甲,伊斯坦堡士邦 vs 卡拉古拉克,成年联赛T2,欧洲非五大,阻上/降温保护,平手/半球,,,否
633,2026-08-29,2026-08-29 00:00:00,20260829-TITAN-3030119-盘口快照-不形成模拟,土甲,开塞利体育 vs 布尔萨体育,成年联赛T2,欧洲非五大,阻上/降温保护,平手/半球,,,否
637,2026-08-29,2026-08-29 00:00:00,20260829-TITAN-3039866-赛况更新-不新建赛前模拟,捷甲,波希米亚1905 vs 博雷斯拉夫,成年联赛T1,欧洲非五大,诱下/上盘降温,平手/半球,0.9800,0.7800,是
638,2026-08-29,2026-08-29 00:00:00,20260829-TITAN-3039867-盘口快照-不形成模拟,捷甲,布尔诺 vs 兹林,成年联赛T1,欧洲非五大,诱上/阻下,半球/一球,1.0100,0.8100,是
639,2026-08-29,2026-08-29 00:00:00,20260829-TITAN-3039868-盘口快照-不形成模拟,捷甲,帕尔杜比斯 vs 阿蒂斯布尔诺,成年联赛T1,欧洲非五大,阻上/降温保护,一球/球半,,,否
640,2026-08-29,2026-08-29 00:00:00,20260829-TITAN-3039870-盘口快照-不形成模拟,捷甲,俄斯特拉发 vs 奥洛穆茨,成年联赛T1,欧洲非五大,阻上/降温保护,平手/半球,,,否
641,2026-08-29,2026-08-29 00:00:00,20260829-TITAN-3040102-盘口快照-不形成模拟,捷乙,切斯卡阿森纳 vs 维拉斯姆,成年联赛T2,欧洲非五大,诱上/阻下,平手,0.9700,0.7900,是
642,2026-08-29,2026-08-29 00:00:00,20260829-TITAN-3040103-盘口快照-不形成模拟,捷乙,普日布拉姆 vs 卡尔维纳,成年联赛T2,欧洲非五大,降温保护/诱下,平手/半球,0.7700,0.9900,是
643,2026-08-29,2026-08-29 00:00:00,20260829-TITAN-3040104-盘口快照-不形成模拟,捷乙,哈纳卡 vs 普罗斯捷约夫,成年联赛T2,欧洲非五大,诱下/上盘降温,平手/半球,0.9300,0.8300,是
645,2026-08-29,2026-08-29 00:00:00,20260829-TITAN-3040106-盘口快照-不形成模拟,捷乙,特里内茨 vs 奥斯泰华B队,成年联赛T2,欧洲非五大,诱上/阻下,平手,1.0700,0.6900,是
647,2026-08-29,2026-08-29 00:00:00,20260829-TITAN-3040717-盘口快照-不形成模拟,意乙,阿维利诺 vs 维琴察,成年联赛T2,欧洲五大,真实示强/阻上,平手/半球,0.9300,0.9500,是
649,2026-08-29,2026-08-29 00:00:00,20260829-TITAN-3040722-盘口快照-不形成模拟,意乙,帕多瓦 vs 维罗纳,成年联赛T2,欧洲五大,诱上/阻下,平手,1.0700,0.8100,是
652,2026-08-29,2026-08-29 00:00:00,20260829-TITAN-3046962-盘口快照-不形成模拟,沙特联,达曼协作 vs 迪雷禾,未知分类,海湾,诱上/阻下,平手/半球,1.0400,0.8400,是
654,2026-08-29,2026-08-29 00:00:00,20260829-TITAN-3050892-盘口快照-不形成模拟,意丙,福尔利 vs 佩斯卡拉,成年联赛T3,欧洲五大,诱下/上盘降温,半球,0.9000,0.8000,是
655,2026-08-29,2026-08-29 00:00:00,20260829-TITAN-3050894-盘口快照-不形成模拟,意丙,AS奥斯提亚马尔 vs 格罗瑟托,成年联赛T3,欧洲五大,诱上/阻下,平手,0.9000,0.8000,是
657,2026-08-29,2026-08-29 00:00:00,20260829-TITAN-3050897-盘口快照-不形成模拟,意丙,拉维纳 vs 拉蒂那,成年联赛T3,欧洲五大,诱上/阻下,半球,1.0000,0.7000,是
658,2026-08-29,2026-08-29 00:00:00,20260829-TITAN-3050898-盘口快照-不形成模拟,意丙,斯佩齐亚 vs 坎伯巴索,成年联赛T3,欧洲五大,诱上/阻下,半球,0.9500,0.7500,是
660,2026-08-29,2026-08-29 00:00:00,20260829-TITAN-3051274-盘口快照-不形成模拟,意丙,科森扎 vs 波坦察,成年联赛T3,欧洲五大,真实示弱/阻下,平手/半球,0.6500,1.0500,是
661,2026-08-29,2026-08-29 00:00:00,20260829-TITAN-3051275-盘口快照-不形成模拟,意丙,福贾 vs 萨勒尼塔纳,成年联赛T3,欧洲五大,诱下/上盘降温,平手/半球,0.9800,0.7200,是
663,2026-08-29,2026-08-29 00:00:00,20260829-TITAN-3051278-盘口快照-不形成模拟,意丙,萨沃亚 vs 卡塞塔纳,成年联赛T3,欧洲五大,诱下/上盘降温,平手/半球,0.9800,0.7200,是
664,2026-08-29,2026-08-29 00:00:00,20260829-TITAN-3051280-盘口快照-不形成模拟,意丙,索伦托卡西奥 vs 克罗托内,成年联赛T3,欧洲五大,诱上/阻下,平手/半球,1.0000,0.7000,是
665,2026-08-29,2026-08-29 00:00:00,20260829-TITAN-3057133-盘口快照-不形成模拟,阿联酋超,阿布扎比半岛 vs 阿治曼,成年联赛T1,海湾,阻上/降温保护,一球,,,否
667,2026-08-29,2026-08-29 00:00:00,20260829-TITAN-3057135-盘口快照-不形成模拟,阿联酋超,艾因 vs 迪拜胜利,成年联赛T1,海湾,阻上/降温保护,球半,,,否
668,2026-08-29,2026-08-29 00:00:00,20260829-TITAN-3058907-盘口快照-不形成模拟,葡杯,费雷拉 vs 化夫,国内杯赛,欧洲非五大,诱下/上盘降温,平手/半球,0.9300,0.7700,是
669,2026-08-29,2026-08-29 00:00:00,20260829-TITAN-3058915-盘口快照-不形成模拟,葡杯,华森 vs 泰罗芬斯,国内杯赛,欧洲非五大,诱上/阻下,半球,0.9300,0.7700,是
670,2026-08-29,2026-08-29 00:00:00,20260829-TITAN-3061630-盘口快照-不形成模拟,玻利杯,圣荷西德奥罗 vs 奥鲁罗,国内杯赛,拉美,诱下/上盘降温,半球/一球,1.0100,0.8300,是
671,2026-08-29,2026-08-29 00:00:00,20260829-TITAN-3067096-盘口快照-不形成模拟,巴拉甲秋,泰里尼登斯 vs 五月二日体育会,未知分类,拉美,阻上/降温保护,半球,,,否
672,2026-08-29,2026-08-29 00:00:00,20260829-TITAN-3067097-盘口快照-不形成模拟,巴拉甲秋,雷科莱塔 vs 亚松森奥林匹亚,未知分类,拉美,诱上/阻下,半球/一球,1.0400,0.8400,是
674,2026-08-30,2026-08-30 00:00:00,20260830-TITAN-2908740-赛况更新-不新建赛前模拟,美职业,波特兰伐木者 vs 奥斯汀FC,成年联赛T1,北美,真实示弱/阻下,平手/半球,0.0100,7.6900,是
675,2026-08-30,2026-08-30 00:00:00,20260830-TITAN-2908741-赛况更新-不新建赛前模拟,美职业,圣地亚哥 vs 洛杉矶银河,成年联赛T1,北美,真实示弱/阻下,平手/半球,0.1600,3.3300,是
676,2026-08-30,2026-08-30 00:00:00,20260830-TITAN-2942585-赛况更新-不新建赛前模拟,美冠联,拉斯维加斯之光 vs 查尔斯顿电池,成年联赛T2,北美,降温保护/诱下,平手,1.0600,0.8200,是
677,2026-08-30,2026-08-30 00:00:00,20260830-TITAN-2942591-赛况更新-不新建赛前模拟,美冠联,凤凰重生 vs 印地十一,成年联赛T2,北美,降温保护/诱下,平手,0.5400,1.5100,是
679,2026-08-30,2026-08-30 00:00:00,20260830-TITAN-3009356-盘口快照-不形成模拟,捷丙,布拉格斯巴达B队 vs 普里布拉姆B队,成年联赛T3,欧洲非五大,诱下/上盘降温,两球,0.9500,0.7500,是
680,2026-08-30,2026-08-30 00:00:00,20260830-TITAN-3011829-盘口快照-不形成模拟,哥伦甲秋,卡利体育会 vs 布卡拉曼加竞技,成年联赛T1,拉美,阻上/降温保护,半球,,,否
682,2026-08-30,2026-08-30 00:00:00,20260830-TITAN-3043186-盘口快照-不形成模拟,捷丙,斯洛瓦科B队 vs 辛宁B队,成年联赛T3,欧洲非五大,诱下/上盘降温,半球/一球,0.9600,0.8000,是
683,2026-08-31,2026-08-31 00:00:00,20260831-TITAN-2912252-盘口快照-不形成模拟,瑞典超,尤尔加登 vs 米亚尔比,成年联赛T1,欧洲非五大,真实示强/阻上,一球/球半,0.9500,0.9400,是
684,2026-08-31,2026-08-31 00:00:00,20260831-TITAN-2912254-盘口快照-不形成模拟,瑞典超,哥德堡盖斯 vs 布洛马波卡纳,成年联赛T1,欧洲非五大,阻上/降温保护,半球/一球,,,否
685,2026-08-31,2026-08-31 00:00:00,20260831-TITAN-2912258-盘口快照-不形成模拟,瑞典超,天狼星 vs 马尔默,成年联赛T1,欧洲非五大,真实示强/阻上,半球/一球,0.9000,0.9900,是
686,2026-08-31,2026-08-31 00:00:00,20260831-TITAN-2914677-盘口快照-不形成模拟,瑞典甲,松兹瓦尔 vs 诺尔比,成年联赛T2,欧洲非五大,阻上/降温保护,平手/半球,,,否
687,2026-08-31,2026-08-31 00:00:00,20260831-TITAN-2924639-盘口快照-不形成模拟,冰岛超,贝雷达比历克 vs 加尔扎拜尔星,成年联赛T1,欧洲非五大,阻上/降温保护,半球,,,否
688,2026-08-31,2026-08-31 00:00:00,20260831-TITAN-2940739-赛况更新-不新建赛前模拟,拉脱超,利耶帕亚 vs 里加FC,未知分类,其他,降温保护/诱下,半球/一球,0.7900,1.0700,是
689,2026-08-31,2026-08-31 00:00:00,20260831-TITAN-2953356-赛况更新-不新建赛前模拟,哈萨克超,叶利迈塞米 vs 阿拉木图凯拉特,未知分类,海湾,降温保护/诱下,平手,0.9000,0.9600,是
691,2026-08-31,2026-08-31 00:00:00,20260831-TITAN-2993771-盘口快照-不形成模拟,意甲,莱切 vs 罗马,成年联赛T1,欧洲五大,阻上/诱下,一球/球半,1.0700,0.8200,是
692,2026-08-31,2026-08-31 00:00:00,20260831-TITAN-2997512-盘口快照-不形成模拟,克亚甲,HNK哥里卡 vs 里耶卡,成年联赛T1,欧洲非五大,降温保护/诱下,半球/一球,0.8500,0.9700,是
693,2026-08-31,2026-08-31 00:00:00,20260831-TITAN-2997558-盘口快照-不形成模拟,克亚甲,斯普利特海杜克 vs 萨格勒布火车头,成年联赛T1,欧洲非五大,诱上/阻下,一球/球半,1.0700,0.7500,是
694,2026-08-31,2026-08-31 00:00:00,20260831-TITAN-2997701-盘口快照-不形成模拟,法乙,第戎 vs 圣埃蒂安,成年联赛T2,欧洲五大,诱上/阻下,半球/一球,1.0300,0.8500,是
695,2026-08-31,2026-08-31 00:00:00,20260831-TITAN-2998235-盘口快照-不形成模拟,丹麦超,哥本哈根 vs 桑德捷斯基,成年联赛T1,欧洲非五大,真实示强/阻上,球半,0.9000,0.9900,是
696,2026-08-31,2026-08-31 00:00:00,20260831-TITAN-3000930-盘口快照-不形成模拟,瑞士甲,韦尔 vs 阿劳,成年联赛T2,欧洲非五大,阻上/降温保护,半球,,,否
697,2026-08-31,2026-08-31 00:00:00,20260831-TITAN-3003860-盘口快照-不形成模拟,英超,阿斯顿维拉 vs 阿森纳,成年联赛T1,欧洲五大,诱上/阻下,一球,1.0700,0.8200,是
698,2026-08-31,2026-08-31 00:00:00,20260831-TITAN-3010599-赛况更新-不新建赛前模拟,亚冠联2,万隆<font color=#880000>(中)</font> vs 马尼拉挖掘者,洲际杯赛,海湾,真实示弱/阻下,平手/半球,0.0100,5.2600,是
699,2026-08-31,2026-08-31 00:00:00,20260831-TITAN-3012491-盘口快照-不形成模拟,乌克超,切尔诺夫策 vs 基辅迪纳摩,成年联赛T1,欧洲非五大,降温保护/诱下,半球/一球,0.8900,0.9900,是
701,2026-08-31,2026-08-31 00:00:00,20260831-TITAN-3013665-盘口快照-不形成模拟,西甲,巴塞罗那 vs 巴列卡诺,成年联赛T1,欧洲五大,诱上/阻下,两球半/三球,1.0500,0.8400,是
702,2026-08-31,2026-08-31 00:00:00,20260831-TITAN-3013667-盘口快照-不形成模拟,西甲,奥萨苏纳 vs 赫塔菲,成年联赛T1,欧洲五大,阻下/上盘保护,平手/半球,0.8500,1.0400,是
703,2026-08-31,2026-08-31 00:00:00,20260831-TITAN-3014045-盘口快照-不形成模拟,西乙,布尔戈斯 vs 皇家社会B队,成年联赛T2,欧洲五大,诱上/阻下,半球,1.0600,0.8300,是
704,2026-08-31,2026-08-31 00:00:00,20260831-TITAN-3014047-盘口快照-不形成模拟,西乙,塞尔塔B队 vs 卡斯迪隆,成年联赛T2,欧洲五大,阻上/降温保护,半球/一球,,,否
705,2026-08-31,2026-08-31 00:00:00,20260831-TITAN-3014491-盘口快照-不形成模拟,西协甲,洛格朗尼斯 vs 艾斯马度华,成年联赛T3,欧洲五大,真实示强/阻上,平手/半球,0.9300,0.8900,是
706,2026-08-31,2026-08-31 00:00:00,20260831-TITAN-3014873-盘口快照-不形成模拟,西协甲,特鲁埃尔 vs 皇家马德里B队,成年联赛T3,欧洲五大,阻上/诱下,平手/半球,1.0500,0.7700,是
707,2026-08-31,2026-08-31 00:00:00,20260831-TITAN-3021966-盘口快照-不形成模拟,俄甲,科斯特罗马斯巴达 vs 伏尔加格勒,成年联赛T2,欧洲非五大,诱上/阻下,平手,1.0400,0.7800,是
708,2026-08-31,2026-08-31 00:00:00,20260831-TITAN-3023461-盘口快照-不形成模拟,葡超,本菲卡 vs 埃斯托里尔,成年联赛T1,欧洲非五大,阻上/诱下,两球半,1.0300,0.8600,是
709,2026-08-31,2026-08-31 00:00:00,20260831-TITAN-3023462-盘口快照-不形成模拟,葡超,布拉加 vs 吉马良斯,成年联赛T1,欧洲非五大,降温保护/诱下,半球,0.9000,0.9900,是
710,2026-08-31,2026-08-31 00:00:00,20260831-TITAN-3026706-盘口快照-不形成模拟,土超,阿美德 vs 特拉布宗体育,成年联赛T1,欧洲非五大,阻上/降温保护,半球,,,否
712,2026-08-31,2026-08-31 00:00:00,20260831-TITAN-3050511-盘口快照-不形成模拟,意丙,阿尔比诺勒菲 vs 奥斯皮塔莱托,成年联赛T3,欧洲五大,阻上/降温保护,平手/半球,,,否
714,2026-08-31,2026-08-31 00:00:00,20260831-TITAN-3050517-盘口快照-不形成模拟,意丙,诺瓦拉 vs US弗格尔,成年联赛T3,欧洲五大,诱下/上盘降温,平手/半球,0.9900,0.8300,是
715,2026-08-31,2026-08-31 00:00:00,20260831-TITAN-3050519-盘口快照-不形成模拟,意丙,AC雷纳特 vs 奇塔代拉,成年联赛T3,欧洲五大,阻上/降温保护,平手/半球,,,否
716,2026-08-31,2026-08-31 00:00:00,20260831-TITAN-3050520-盘口快照-不形成模拟,意丙,特雷维索 vs 莱科,成年联赛T3,欧洲五大,真实示强/阻上,平手/半球,0.8800,0.9400,是
717,2026-08-31,2026-08-31 00:00:00,20260831-TITAN-3061635-盘口快照-不形成模拟,玻利杯,圣安东尼奥布鲁布鲁 vs 瓜比拉,国内杯赛,拉美,阻上/降温保护,半球,,,否
718,2026-08-31,2026-08-31 00:00:00,20260831-TITAN-3067700-盘口快照-不形成模拟,科威特联,卡达西亚SC vs 阿尔科威特,未知分类,海湾,阻上/诱下,半球,1.0500,0.7900,是
719,2026-08-31,2026-08-31 00:00:00,20260831-TITAN-3072457-盘口快照-不形成模拟,科威特联,苏拉比卡 vs 艾沙比KUW,未知分类,海湾,诱上/阻下,平手,1.0000,0.8400,是
720,2026-08-31,2026-08-31 00:00:00,20260831-TITAN-3072461-赛况更新-不新建赛前模拟,阿曼联,阿曼FC vs 迪赫弗,未知分类,海湾,阻上/降温保护,平手/半球,,,否
723,2026-09-01,2026-09-01 00:00:00,20260901-TITAN-3030125-盘口快照-不形成模拟,土甲,班迪马士邦 vs 安塔利亚体育,成年联赛T2,欧洲非五大,阻上/降温保护,平手,,,否
725,2026-09-01,2026-09-01 00:00:00,20260901-TITAN-3040354-盘口快照-不形成模拟,中协杯,山东泰山 vs 上海海港,国内杯赛,东亚,降温保护/诱下,平手,0.7800,1.0400,是
727,2026-09-01,2026-09-01 00:00:00,20260901-TITAN-3040357-盘口快照-不形成模拟,中协杯,北京国安 vs 兰州陇原竞技,国内杯赛,东亚,真实示强/阻上,两球/两球半,0.9900,0.7700,是
728,2026-09-01,2026-09-01 00:00:00,20260901-TITAN-3061592-盘口快照-不形成模拟,波兰杯,克鲁切维亚 vs 西德尔策,国内杯赛,欧洲非五大,诱下/上盘降温,半球,1.0000,0.8200,是
732,2026-09-01,2026-09-01 00:00:00,20260901-TITAN-3061608-盘口快照-不形成模拟,波兰杯,华沙普洛克B队 vs 涅波沃米采,国内杯赛,欧洲非五大,诱上/阻下,一球,1.0300,0.7900,是
733,2026-09-01,2026-09-01 00:00:00,20260901-TITAN-3061612-盘口快照-不形成模拟,波兰杯,斯亚卡 vs 卢宾扎格勒比,国内杯赛,欧洲非五大,诱上/阻下,球半,1.0000,0.8200,是
736,2026-09-01,2026-09-01 00:00:00,20260901-TITAN-3072456-盘口快照-不形成模拟,科威特联,卡斯马 vs Al沙希尔,未知分类,海湾,诱下/上盘降温,一球,0.9500,0.8100,是
738,2026-09-01,2026-09-01 00:00:00,20260901-TITAN-3072776-盘口快照-不形成模拟,立陶杯,米尼捷 vs DFK戴拿瓦,国内杯赛,欧洲非五大,降温保护/诱下,半球/一球,0.8300,0.9900,是
739,2026-09-01,2026-09-01 00:00:00,20260901-TITAN-3074079-盘口快照-不形成模拟,希腊杯,维洛斯NFC vs 卡拉玛达,国内杯赛,欧洲非五大,诱下/上盘降温,半球,0.9900,0.8300,是
740,2026-09-01,2026-09-01 00:00:00,20260901-TITAN-3074128-盘口快照-不形成模拟,罗杯,AFC布加勒斯特 vs 康戈迪亚齐安,国内杯赛,欧洲非五大,真实示强/阻上,球半/两球,0.9600,0.7400,是
741,2026-09-01,2026-09-01 00:00:00,20260901-TITAN-3074129-盘口快照-不形成模拟,罗杯,圣格奥尔基塞普西 vs 克卢日,国内杯赛,欧洲非五大,诱下/上盘降温,平手,0.9600,0.7400,是
