match_id,competition,line_bucket,competition_used,intent_available,euro_odds_used,asian_movement_available,water_used,totals_available,timing_available,fundamentals_available,flow_available,prior_level,fallback_reason,model_version
3084308,土杯,False,False,False,False,False,False,False,True,False,False,not_computed,not_computed,v4-market-dirichlet-20260913
3084311,土杯,False,False,False,False,False,False,False,True,False,False,not_computed,not_computed,v4-market-dirichlet-20260913
3084313,土杯,False,False,False,False,False,False,False,True,False,False,not_computed,not_computed,v4-market-dirichlet-20260913
3084315,土杯,True,False,False,False,True,True,True,True,False,False,not_computed,not_computed,v4-market-dirichlet-20260913
3084316,土杯,False,False,False,False,False,False,False,True,False,False,not_computed,not_computed,v4-market-dirichlet-20260913
3084319,土杯,False,False,False,False,False,False,False,True,False,False,not_computed,not_computed,v4-market-dirichlet-20260913
3084320,土杯,False,False,False,False,False,False,False,True,False,False,not_computed,not_computed,v4-market-dirichlet-20260913
3084321,土杯,False,False,False,False,False,False,False,True,False,False,not_computed,not_computed,v4-market-dirichlet-20260913
3047490,泰甲,True,False,False,False,True,True,False,True,False,False,not_computed,not_computed,v4-market-dirichlet-20260913
3053506,匈女甲,True,False,False,False,True,True,True,True,False,False,not_computed,not_computed,v4-market-dirichlet-20260913
3091510,西青U19,False,False,False,False,False,False,False,True,False,False,not_computed,not_computed,v4-market-dirichlet-20260913
3088995,蒙古超,False,False,False,False,False,False,False,True,False,False,not_computed,not_computed,v4-market-dirichlet-20260913
3047491,泰甲,True,False,False,False,True,True,False,True,False,False,not_computed,not_computed,v4-market-dirichlet-20260913
3089210,乌克U19,False,False,False,False,False,False,False,True,False,False,not_computed,not_computed,v4-market-dirichlet-20260913
3089734,乌克U19,False,False,False,False,False,False,False,True,False,False,not_computed,not_computed,v4-market-dirichlet-20260913
3091523,印西隆联,False,False,False,False,False,False,False,True,False,False,not_computed,not_computed,v4-market-dirichlet-20260913
2952361,塔吉克联,False,False,False,False,False,False,False,True,False,False,not_computed,not_computed,v4-market-dirichlet-20260913
3091364,中冠,False,False,False,False,False,False,False,True,False,False,not_computed,not_computed,v4-market-dirichlet-20260913
3091367,中冠,False,False,False,False,False,False,False,True,False,False,not_computed,not_computed,v4-market-dirichlet-20260913
3091369,中冠,False,False,False,False,False,False,False,True,False,False,not_computed,not_computed,v4-market-dirichlet-20260913
3091370,中冠,False,False,False,False,False,False,False,True,False,False,not_computed,not_computed,v4-market-dirichlet-20260913
3091375,中冠,False,False,False,False,False,False,False,True,False,False,not_computed,not_computed,v4-market-dirichlet-20260913
3074094,希腊杯,True,False,False,False,True,True,False,True,False,False,not_computed,not_computed,v4-market-dirichlet-20260913
3084312,土杯,True,False,False,False,True,True,True,True,False,False,not_computed,not_computed,v4-market-dirichlet-20260913
3084314,土杯,True,False,False,False,True,True,True,True,False,False,not_computed,not_computed,v4-market-dirichlet-20260913
3084322,土杯,False,False,False,False,False,False,False,True,False,False,not_computed,not_computed,v4-market-dirichlet-20260913
3047492,泰甲,True,False,False,False,True,True,False,True,False,False,not_computed,not_computed,v4-market-dirichlet-20260913
2940910,格鲁乙,True,False,False,False,True,True,True,True,False,False,not_computed,not_computed,v4-market-dirichlet-20260913
2940912,格鲁乙,True,False,False,False,True,True,True,True,False,False,not_computed,not_computed,v4-market-dirichlet-20260913
3068864,亚冠精英,True,False,False,False,True,True,False,True,False,False,not_computed,not_computed,v4-market-dirichlet-20260913
3069040,亚冠联2,True,False,False,False,True,True,False,True,False,False,not_computed,not_computed,v4-market-dirichlet-20260913
3021996,俄甲,True,False,False,False,True,True,False,True,False,False,not_computed,not_computed,v4-market-dirichlet-20260913
3089146,意丁,True,False,False,False,True,True,False,True,False,False,not_computed,not_computed,v4-market-dirichlet-20260913
3089212,阿塞甲,False,False,False,False,False,False,False,True,False,False,not_computed,not_computed,v4-market-dirichlet-20260913
3091371,莫桑冠,False,False,False,False,False,False,False,True,False,False,not_computed,not_computed,v4-market-dirichlet-20260913
3091372,莫桑冠,False,False,False,False,False,False,False,True,False,False,not_computed,not_computed,v4-market-dirichlet-20260913
3091551,莫桑冠,False,False,False,False,False,False,False,True,False,False,not_computed,not_computed,v4-market-dirichlet-20260913
3090273,世女杯U20,True,False,False,False,True,True,True,True,False,False,line_bucket,current_v4_model_uses_line_bucket_prior; other fields remain audit/evidence-only,v4-market-dirichlet-20260913
3090274,世女杯U20,True,False,False,False,True,True,True,True,False,False,line_bucket,current_v4_model_uses_line_bucket_prior; other fields remain audit/evidence-only,v4-market-dirichlet-20260913
3053504,匈女甲,True,False,False,False,True,True,True,True,False,False,line_bucket,current_v4_model_uses_line_bucket_prior; other fields remain audit/evidence-only,v4-market-dirichlet-20260913
3053507,匈女甲,True,False,False,False,True,True,True,True,False,False,line_bucket,current_v4_model_uses_line_bucket_prior; other fields remain audit/evidence-only,v4-market-dirichlet-20260913
2940911,格鲁乙,True,False,False,False,True,True,True,True,False,False,line_bucket,current_v4_model_uses_line_bucket_prior; other fields remain audit/evidence-only,v4-market-dirichlet-20260913
3089691,南运男足,False,False,False,False,False,False,False,True,False,False,not_computed,not_computed,v4-market-dirichlet-20260913
3091373,卢旺达联,False,False,False,False,False,False,False,True,False,False,not_computed,not_computed,v4-market-dirichlet-20260913
3091374,卢旺达联,False,False,False,False,False,False,False,True,False,False,not_computed,not_computed,v4-market-dirichlet-20260913
3089128,意丁,False,False,False,False,False,False,False,True,False,False,not_computed,not_computed,v4-market-dirichlet-20260913
3089129,意丁,False,False,False,False,False,False,False,True,False,False,not_computed,not_computed,v4-market-dirichlet-20260913
3089130,意丁,True,False,False,False,True,True,True,True,False,False,not_computed,not_computed,v4-market-dirichlet-20260913
3089134,意丁,False,False,False,False,False,False,False,True,False,False,not_computed,not_computed,v4-market-dirichlet-20260913
3089135,意丁,False,False,False,False,False,False,False,True,False,False,not_computed,not_computed,v4-market-dirichlet-20260913
3089136,意丁,True,False,False,False,True,True,True,True,False,False,not_computed,not_computed,v4-market-dirichlet-20260913
3089137,意丁,True,False,False,False,True,True,True,True,False,False,line_bucket,current_v4_model_uses_line_bucket_prior; other fields remain audit/evidence-only,v4-market-dirichlet-20260913
3089139,意丁,False,False,False,False,False,False,False,True,False,False,not_computed,not_computed,v4-market-dirichlet-20260913
3089140,意丁,True,False,False,False,True,True,True,True,False,False,line_bucket,current_v4_model_uses_line_bucket_prior; other fields remain audit/evidence-only,v4-market-dirichlet-20260913
3089141,意丁,False,False,False,False,False,False,False,True,False,False,not_computed,not_computed,v4-market-dirichlet-20260913
3089142,意丁,False,False,False,False,False,False,False,True,False,False,not_computed,not_computed,v4-market-dirichlet-20260913
3089144,意丁,False,False,False,False,False,False,False,True,False,False,not_computed,not_computed,v4-market-dirichlet-20260913
3089145,意丁,True,False,False,False,True,True,True,True,False,False,line_bucket,current_v4_model_uses_line_bucket_prior; other fields remain audit/evidence-only,v4-market-dirichlet-20260913
3089147,意丁,True,False,False,False,True,True,True,True,False,False,line_bucket,current_v4_model_uses_line_bucket_prior; other fields remain audit/evidence-only,v4-market-dirichlet-20260913
3089148,意丁,True,False,False,False,True,True,True,True,False,False,line_bucket,current_v4_model_uses_line_bucket_prior; other fields remain audit/evidence-only,v4-market-dirichlet-20260913
3089149,意丁,True,False,False,False,True,True,True,True,False,False,not_computed,not_computed,v4-market-dirichlet-20260913
3089150,意丁,False,False,False,False,False,False,False,True,False,False,not_computed,not_computed,v4-market-dirichlet-20260913
3089151,意丁,True,False,False,False,True,True,True,True,False,False,not_computed,not_computed,v4-market-dirichlet-20260913
3089153,意丁,False,False,False,False,False,False,False,True,False,False,not_computed,not_computed,v4-market-dirichlet-20260913
3089156,意丁,True,False,False,False,True,True,True,True,False,False,not_computed,not_computed,v4-market-dirichlet-20260913
3089157,意丁,False,False,False,False,False,False,False,True,False,False,not_computed,not_computed,v4-market-dirichlet-20260913
3089159,意丁,False,False,False,False,False,False,False,True,False,False,not_computed,not_computed,v4-market-dirichlet-20260913
3089160,意丁,False,False,False,False,False,False,False,True,False,False,not_computed,not_computed,v4-market-dirichlet-20260913
3089161,意丁,True,False,False,False,True,True,True,True,False,False,not_computed,not_computed,v4-market-dirichlet-20260913
3089162,意丁,False,False,False,False,False,False,False,True,False,False,not_computed,not_computed,v4-market-dirichlet-20260913
3089164,意丁,False,False,False,False,False,False,False,True,False,False,not_computed,not_computed,v4-market-dirichlet-20260913
3089166,意丁,True,False,False,False,True,True,True,True,False,False,line_bucket,current_v4_model_uses_line_bucket_prior; other fields remain audit/evidence-only,v4-market-dirichlet-20260913
3089167,意丁,False,False,False,False,False,False,False,True,False,False,not_computed,not_computed,v4-market-dirichlet-20260913
3089168,意丁,True,False,False,False,True,True,True,True,False,False,line_bucket,current_v4_model_uses_line_bucket_prior; other fields remain audit/evidence-only,v4-market-dirichlet-20260913
3089170,意丁,True,False,False,False,True,True,True,True,False,False,not_computed,not_computed,v4-market-dirichlet-20260913
3089171,意丁,True,False,False,False,True,True,True,True,False,False,not_computed,not_computed,v4-market-dirichlet-20260913
3089172,意丁,True,False,False,False,True,True,True,True,False,False,not_computed,not_computed,v4-market-dirichlet-20260913
3089173,意丁,True,False,False,False,True,True,True,True,False,False,not_computed,not_computed,v4-market-dirichlet-20260913
3089174,意丁,True,False,False,False,True,True,True,True,False,False,line_bucket,current_v4_model_uses_line_bucket_prior; other fields remain audit/evidence-only,v4-market-dirichlet-20260913
3089175,意丁,True,False,False,False,True,True,True,True,False,False,not_computed,not_computed,v4-market-dirichlet-20260913
3089176,意丁,True,False,False,False,True,True,True,True,False,False,line_bucket,current_v4_model_uses_line_bucket_prior; other fields remain audit/evidence-only,v4-market-dirichlet-20260913
3089177,意丁,True,False,False,False,True,True,True,True,False,False,line_bucket,current_v4_model_uses_line_bucket_prior; other fields remain audit/evidence-only,v4-market-dirichlet-20260913
3089178,意丁,True,False,False,False,True,True,True,True,False,False,line_bucket,current_v4_model_uses_line_bucket_prior; other fields remain audit/evidence-only,v4-market-dirichlet-20260913
3089179,意丁,True,False,False,False,True,True,True,True,False,False,not_computed,not_computed,v4-market-dirichlet-20260913
3089180,意丁,True,False,False,False,True,True,True,True,False,False,not_computed,not_computed,v4-market-dirichlet-20260913
3089181,意丁,True,False,False,False,True,True,True,True,False,False,line_bucket,current_v4_model_uses_line_bucket_prior; other fields remain audit/evidence-only,v4-market-dirichlet-20260913
3089183,意丁,True,False,False,False,True,True,True,True,False,False,line_bucket,current_v4_model_uses_line_bucket_prior; other fields remain audit/evidence-only,v4-market-dirichlet-20260913
3089184,意丁,True,False,False,False,True,True,True,True,False,False,line_bucket,current_v4_model_uses_line_bucket_prior; other fields remain audit/evidence-only,v4-market-dirichlet-20260913
3089185,意丁,False,False,False,False,False,False,False,True,False,False,not_computed,not_computed,v4-market-dirichlet-20260913
3089186,意丁,True,False,False,False,True,True,True,True,False,False,line_bucket,current_v4_model_uses_line_bucket_prior; other fields remain audit/evidence-only,v4-market-dirichlet-20260913
3089187,意丁,False,False,False,False,False,False,False,True,False,False,not_computed,not_computed,v4-market-dirichlet-20260913
3089189,意丁,True,False,False,False,True,True,True,True,False,False,line_bucket,current_v4_model_uses_line_bucket_prior; other fields remain audit/evidence-only,v4-market-dirichlet-20260913
3089190,意丁,False,False,False,False,False,False,False,True,False,False,not_computed,not_computed,v4-market-dirichlet-20260913
3089191,意丁,True,False,False,False,True,True,True,True,False,False,line_bucket,current_v4_model_uses_line_bucket_prior; other fields remain audit/evidence-only,v4-market-dirichlet-20260913
3089192,意丁,True,False,False,False,True,True,True,True,False,False,line_bucket,current_v4_model_uses_line_bucket_prior; other fields remain audit/evidence-only,v4-market-dirichlet-20260913
3089195,意丁,True,False,False,False,True,True,True,True,False,False,line_bucket,current_v4_model_uses_line_bucket_prior; other fields remain audit/evidence-only,v4-market-dirichlet-20260913
3089196,意丁,False,False,False,False,False,False,False,True,False,False,not_computed,not_computed,v4-market-dirichlet-20260913
3089197,意丁,False,False,False,False,False,False,False,True,False,False,not_computed,not_computed,v4-market-dirichlet-20260913
3089198,意丁,False,False,False,False,False,False,False,True,False,False,not_computed,not_computed,v4-market-dirichlet-20260913
3089199,意丁,False,False,False,False,False,False,False,True,False,False,not_computed,not_computed,v4-market-dirichlet-20260913
3089200,意丁,False,False,False,False,False,False,False,True,False,False,not_computed,not_computed,v4-market-dirichlet-20260913
3089201,意丁,False,False,False,False,False,False,False,True,False,False,not_computed,not_computed,v4-market-dirichlet-20260913
3089202,意丁,True,False,False,False,True,True,True,True,False,False,line_bucket,current_v4_model_uses_line_bucket_prior; other fields remain audit/evidence-only,v4-market-dirichlet-20260913
3089203,意丁,False,False,False,False,False,False,False,True,False,False,not_computed,not_computed,v4-market-dirichlet-20260913
3089204,意丁,False,False,False,False,False,False,False,True,False,False,not_computed,not_computed,v4-market-dirichlet-20260913
3089205,意丁,True,False,False,False,True,True,True,True,False,False,line_bucket,current_v4_model_uses_line_bucket_prior; other fields remain audit/evidence-only,v4-market-dirichlet-20260913
3089206,意丁,True,False,False,False,True,True,True,True,False,False,line_bucket,current_v4_model_uses_line_bucket_prior; other fields remain audit/evidence-only,v4-market-dirichlet-20260913
3089732,意丁,False,False,False,False,False,False,False,True,False,False,not_computed,not_computed,v4-market-dirichlet-20260913
2952362,塔吉克联,False,False,False,False,False,False,False,True,False,False,not_computed,not_computed,v4-market-dirichlet-20260913
3091530,津巴杯,False,False,False,False,False,False,False,True,False,False,not_computed,not_computed,v4-market-dirichlet-20260913
3091529,桑给超,False,False,False,False,False,False,False,True,False,False,not_computed,not_computed,v4-market-dirichlet-20260913
3091531,桑给超,False,False,False,False,False,False,False,True,False,False,not_computed,not_computed,v4-market-dirichlet-20260913
3089704,南美女运,False,False,False,False,False,False,False,True,False,False,not_computed,not_computed,v4-market-dirichlet-20260913
3074478,乌干超,False,False,False,False,False,False,False,True,False,False,not_computed,not_computed,v4-market-dirichlet-20260913
3074479,乌干超,False,False,False,False,False,False,False,True,False,False,not_computed,not_computed,v4-market-dirichlet-20260913
3074481,乌干超,False,False,False,False,False,False,False,True,False,False,not_computed,not_computed,v4-market-dirichlet-20260913
3085605,黎足总,False,False,False,False,False,False,False,True,False,False,not_computed,not_computed,v4-market-dirichlet-20260913
3085606,黎足总,False,False,False,False,False,False,False,True,False,False,not_computed,not_computed,v4-market-dirichlet-20260913
3085617,黎足总,False,False,False,False,False,False,False,True,False,False,not_computed,not_computed,v4-market-dirichlet-20260913
3085618,黎足总,False,False,False,False,False,False,False,True,False,False,not_computed,not_computed,v4-market-dirichlet-20260913
3089222,伊朗甲,False,False,False,False,False,False,False,True,False,False,not_computed,not_computed,v4-market-dirichlet-20260913
3091425,埃及甲,False,False,False,False,False,False,False,True,False,False,not_computed,not_computed,v4-market-dirichlet-20260913
3091487,埃及甲,False,False,False,False,False,False,False,True,False,False,not_computed,not_computed,v4-market-dirichlet-20260913
3091488,埃及甲,False,False,False,False,False,False,False,True,False,False,not_computed,not_computed,v4-market-dirichlet-20260913
3091489,埃及甲,False,False,False,False,False,False,False,True,False,False,not_computed,not_computed,v4-market-dirichlet-20260913
3091490,埃及甲,False,False,False,False,False,False,False,True,False,False,not_computed,not_computed,v4-market-dirichlet-20260913
3091562,埃及甲,False,False,False,False,False,False,False,True,False,False,not_computed,not_computed,v4-market-dirichlet-20260913
3091563,埃及甲,False,False,False,False,False,False,False,True,False,False,not_computed,not_computed,v4-market-dirichlet-20260913
3091598,埃及甲,False,False,False,False,False,False,False,True,False,False,not_computed,not_computed,v4-market-dirichlet-20260913
3091599,埃及甲,False,False,False,False,False,False,False,True,False,False,not_computed,not_computed,v4-market-dirichlet-20260913
3091600,埃及甲,False,False,False,False,False,False,False,True,False,False,not_computed,not_computed,v4-market-dirichlet-20260913
3091601,埃及甲,False,False,False,False,False,False,False,True,False,False,not_computed,not_computed,v4-market-dirichlet-20260913
3091602,埃及甲,False,False,False,False,False,False,False,True,False,False,not_computed,not_computed,v4-market-dirichlet-20260913
3089154,意丁,False,False,False,False,False,False,False,True,False,False,not_computed,not_computed,v4-market-dirichlet-20260913
3089155,意丁,False,False,False,False,False,False,False,True,False,False,not_computed,not_computed,v4-market-dirichlet-20260913
3091564,印米佐超,False,False,False,False,False,False,False,True,False,False,not_computed,not_computed,v4-market-dirichlet-20260913
3074090,希腊杯,True,False,False,False,True,True,True,True,False,False,line_bucket,current_v4_model_uses_line_bucket_prior; other fields remain audit/evidence-only,v4-market-dirichlet-20260913
3075223,捷克杯,False,False,False,False,False,False,False,True,False,False,not_computed,not_computed,v4-market-dirichlet-20260913
3075224,捷克杯,True,False,False,False,True,True,True,True,False,False,line_bucket,current_v4_model_uses_line_bucket_prior; other fields remain audit/evidence-only,v4-market-dirichlet-20260913
3075226,捷克杯,True,False,False,False,True,True,True,True,False,False,line_bucket,current_v4_model_uses_line_bucket_prior; other fields remain audit/evidence-only,v4-market-dirichlet-20260913
3075227,捷克杯,True,False,False,False,True,True,True,True,False,False,not_computed,not_computed,v4-market-dirichlet-20260913
3075228,捷克杯,True,False,False,False,True,True,True,True,False,False,not_computed,not_computed,v4-market-dirichlet-20260913
3075230,捷克杯,False,False,False,False,False,False,False,True,False,False,not_computed,not_computed,v4-market-dirichlet-20260913
3075231,捷克杯,True,False,False,False,True,True,True,True,False,False,not_computed,not_computed,v4-market-dirichlet-20260913
3075233,捷克杯,True,False,False,False,True,True,True,True,False,False,not_computed,not_computed,v4-market-dirichlet-20260913
3075234,捷克杯,True,False,False,False,True,True,True,True,False,False,line_bucket,current_v4_model_uses_line_bucket_prior; other fields remain audit/evidence-only,v4-market-dirichlet-20260913
3089764,斯伐杯,False,False,False,False,False,False,False,True,False,False,not_computed,not_computed,v4-market-dirichlet-20260913
3084309,土杯,True,False,False,False,True,True,True,True,False,False,not_computed,not_computed,v4-market-dirichlet-20260913
3059459,埃及超,True,False,False,False,True,True,True,True,False,False,line_bucket,current_v4_model_uses_line_bucket_prior; other fields remain audit/evidence-only,v4-market-dirichlet-20260913
3089223,伊朗甲,False,False,False,False,False,False,False,True,False,False,not_computed,not_computed,v4-market-dirichlet-20260913
3089224,伊朗甲,False,False,False,False,False,False,False,True,False,False,not_computed,not_computed,v4-market-dirichlet-20260913
3080877,阿尔巴甲,True,False,False,False,True,True,True,True,False,False,line_bucket,current_v4_model_uses_line_bucket_prior; other fields remain audit/evidence-only,v4-market-dirichlet-20260913
3080878,阿尔巴甲,False,False,False,False,False,False,False,True,False,False,not_computed,not_computed,v4-market-dirichlet-20260913
3080879,阿尔巴甲,False,False,False,False,False,False,False,True,False,False,not_computed,not_computed,v4-market-dirichlet-20260913
3080880,阿尔巴甲,True,False,False,False,True,True,True,True,False,False,line_bucket,current_v4_model_uses_line_bucket_prior; other fields remain audit/evidence-only,v4-market-dirichlet-20260913
3080881,阿尔巴甲,False,False,False,False,False,False,False,True,False,False,not_computed,not_computed,v4-market-dirichlet-20260913
3080882,阿尔巴甲,True,False,False,False,True,True,True,True,False,False,line_bucket,current_v4_model_uses_line_bucket_prior; other fields remain audit/evidence-only,v4-market-dirichlet-20260913
2955858,瑞青超南,False,False,False,False,False,False,False,True,False,False,not_computed,not_computed,v4-market-dirichlet-20260913
3053509,匈女甲,False,False,False,False,False,False,False,True,False,False,not_computed,not_computed,v4-market-dirichlet-20260913
3050260,塞尔甲,True,False,False,False,True,True,True,True,False,False,not_computed,not_computed,v4-market-dirichlet-20260913
3065311,安哥甲,False,False,False,False,False,False,False,True,False,False,not_computed,not_computed,v4-market-dirichlet-20260913
3091538,阿后备,False,False,False,False,False,False,False,True,False,False,not_computed,not_computed,v4-market-dirichlet-20260913
3091567,阿后备,False,False,False,False,False,False,False,True,False,False,not_computed,not_computed,v4-market-dirichlet-20260913
3091569,阿后备,False,False,False,False,False,False,False,True,False,False,not_computed,not_computed,v4-market-dirichlet-20260913
3089127,意丁,False,False,False,False,False,False,False,True,False,False,not_computed,not_computed,v4-market-dirichlet-20260913
3089133,意丁,False,False,False,False,False,False,False,True,False,False,not_computed,not_computed,v4-market-dirichlet-20260913
3089182,意丁,True,False,False,False,True,True,True,True,False,False,line_bucket,current_v4_model_uses_line_bucket_prior; other fields remain audit/evidence-only,v4-market-dirichlet-20260913
3089194,意丁,True,False,False,False,True,True,True,True,False,False,not_computed,not_computed,v4-market-dirichlet-20260913
3043370,德地区北,True,False,False,False,True,True,True,True,False,False,line_bucket,current_v4_model_uses_line_bucket_prior; other fields remain audit/evidence-only,v4-market-dirichlet-20260913
3089225,伊朗甲,False,False,False,False,False,False,False,True,False,False,not_computed,not_computed,v4-market-dirichlet-20260913
3086430,丹麦杯,True,False,False,False,True,True,True,True,False,False,line_bucket,current_v4_model_uses_line_bucket_prior; other fields remain audit/evidence-only,v4-market-dirichlet-20260913
3065313,安哥甲,False,False,False,False,False,False,False,True,False,False,not_computed,not_computed,v4-market-dirichlet-20260913
3006189,黑山乙,False,False,False,False,False,False,False,True,False,False,not_computed,not_computed,v4-market-dirichlet-20260913
3006190,黑山乙,False,False,False,False,False,False,False,True,False,False,not_computed,not_computed,v4-market-dirichlet-20260913
3089131,意丁,True,False,False,False,True,True,True,True,False,False,line_bucket,current_v4_model_uses_line_bucket_prior; other fields remain audit/evidence-only,v4-market-dirichlet-20260913
3091361,克亚丙,False,False,False,False,False,False,False,True,False,False,not_computed,not_computed,v4-market-dirichlet-20260913
3091377,克亚丙,False,False,False,False,False,False,False,True,False,False,not_computed,not_computed,v4-market-dirichlet-20260913
3074093,希腊杯,True,False,False,False,True,True,True,True,False,False,line_bucket,current_v4_model_uses_line_bucket_prior; other fields remain audit/evidence-only,v4-market-dirichlet-20260913
3026460,德地区东北,False,False,False,False,False,False,False,True,False,False,not_computed,not_computed,v4-market-dirichlet-20260913
2913498,挪乙,True,False,False,False,True,True,True,True,False,False,not_computed,not_computed,v4-market-dirichlet-20260913
3084235,挪威杯,False,False,False,False,False,False,False,True,False,False,not_computed,not_computed,v4-market-dirichlet-20260913
3009463,捷丙,True,False,False,False,True,True,True,True,False,False,line_bucket,current_v4_model_uses_line_bucket_prior; other fields remain audit/evidence-only,v4-market-dirichlet-20260913
3009469,捷丙,True,False,False,False,True,True,True,True,False,False,line_bucket,current_v4_model_uses_line_bucket_prior; other fields remain audit/evidence-only,v4-market-dirichlet-20260913
3059390,非联杯,False,False,False,False,False,False,False,True,False,False,not_computed,not_computed,v4-market-dirichlet-20260913
3067344,突尼甲,True,False,False,False,True,True,True,True,False,False,line_bucket,current_v4_model_uses_line_bucket_prior; other fields remain audit/evidence-only,v4-market-dirichlet-20260913
3081602,尼日超,True,False,False,False,True,True,True,True,False,False,line_bucket,current_v4_model_uses_line_bucket_prior; other fields remain audit/evidence-only,v4-market-dirichlet-20260913
3053508,匈女甲,False,False,False,False,False,False,False,True,False,False,not_computed,not_computed,v4-market-dirichlet-20260913
2940913,格鲁乙,True,False,False,False,True,True,True,True,False,False,line_bucket,current_v4_model_uses_line_bucket_prior; other fields remain audit/evidence-only,v4-market-dirichlet-20260913
3006191,黑山乙,True,False,False,False,True,True,True,True,False,False,not_computed,not_computed,v4-market-dirichlet-20260913
3091553,波兰丙,False,False,False,False,False,False,False,True,False,False,not_computed,not_computed,v4-market-dirichlet-20260913
3091555,波兰丙,False,False,False,False,False,False,False,True,False,False,not_computed,not_computed,v4-market-dirichlet-20260913
3091534,阿后备,True,False,False,False,True,True,True,True,False,False,not_computed,not_computed,v4-market-dirichlet-20260913
3091566,阿后备,True,False,False,False,True,True,True,True,False,False,not_computed,not_computed,v4-market-dirichlet-20260913
3089138,意丁,False,False,False,False,False,False,False,True,False,False,not_computed,not_computed,v4-market-dirichlet-20260913
3089163,意丁,True,False,False,False,True,True,True,True,False,False,line_bucket,current_v4_model_uses_line_bucket_prior; other fields remain audit/evidence-only,v4-market-dirichlet-20260913
3089188,意丁,False,False,False,False,False,False,False,True,False,False,not_computed,not_computed,v4-market-dirichlet-20260913
3091515,黑山U19,False,False,False,False,False,False,False,True,False,False,not_computed,not_computed,v4-market-dirichlet-20260913
2955375,美甲,True,False,False,False,True,True,True,True,False,False,not_computed,not_computed,v4-market-dirichlet-20260913
3012305,俄超,True,False,False,False,True,True,True,True,False,False,line_bucket,current_v4_model_uses_line_bucket_prior; other fields remain audit/evidence-only,v4-market-dirichlet-20260913
3012306,俄超,True,False,False,False,True,True,True,True,False,False,line_bucket,current_v4_model_uses_line_bucket_prior; other fields remain audit/evidence-only,v4-market-dirichlet-20260913
3091550,阿后备,False,False,False,False,False,False,False,True,False,False,not_computed,not_computed,v4-market-dirichlet-20260913
2994868,立陶甲,True,False,False,False,True,True,True,True,False,False,line_bucket,current_v4_model_uses_line_bucket_prior; other fields remain audit/evidence-only,v4-market-dirichlet-20260913
3043374,德地区北,False,False,False,False,False,False,False,True,False,False,not_computed,not_computed,v4-market-dirichlet-20260913
3043378,德地区北,True,False,False,False,True,True,True,True,False,False,not_computed,not_computed,v4-market-dirichlet-20260913
3068992,亚冠联2,True,False,False,False,True,True,True,True,False,False,line_bucket,current_v4_model_uses_line_bucket_prior; other fields remain audit/evidence-only,v4-market-dirichlet-20260913
3068993,亚冠联2,True,False,False,False,True,True,True,True,False,False,line_bucket,current_v4_model_uses_line_bucket_prior; other fields remain audit/evidence-only,v4-market-dirichlet-20260913
3069016,亚冠联2,True,False,False,False,True,True,True,True,False,False,line_bucket,current_v4_model_uses_line_bucket_prior; other fields remain audit/evidence-only,v4-market-dirichlet-20260913
3069029,亚冠联2,True,False,False,False,True,True,True,True,False,False,line_bucket,current_v4_model_uses_line_bucket_prior; other fields remain audit/evidence-only,v4-market-dirichlet-20260913
3084237,挪威杯,True,False,False,False,True,True,True,True,False,False,not_computed,not_computed,v4-market-dirichlet-20260913
3084238,挪威杯,True,False,False,False,True,True,True,True,False,False,not_computed,not_computed,v4-market-dirichlet-20260913
3084239,挪威杯,True,False,False,False,True,True,True,True,False,False,not_computed,not_computed,v4-market-dirichlet-20260913
3084240,挪威杯,True,False,False,False,True,True,True,True,False,False,not_computed,not_computed,v4-market-dirichlet-20260913
3084241,挪威杯,False,False,False,False,False,False,False,True,False,False,not_computed,not_computed,v4-market-dirichlet-20260913
3084242,挪威杯,True,False,False,False,True,True,True,True,False,False,line_bucket,current_v4_model_uses_line_bucket_prior; other fields remain audit/evidence-only,v4-market-dirichlet-20260913
3084243,挪威杯,False,False,False,False,False,False,False,True,False,False,not_computed,not_computed,v4-market-dirichlet-20260913
3084244,挪威杯,True,False,False,False,True,True,True,True,False,False,line_bucket,current_v4_model_uses_line_bucket_prior; other fields remain audit/evidence-only,v4-market-dirichlet-20260913
3084245,挪威杯,False,False,False,False,False,False,False,True,False,False,not_computed,not_computed,v4-market-dirichlet-20260913
3084246,挪威杯,False,False,False,False,False,False,False,True,False,False,not_computed,not_computed,v4-market-dirichlet-20260913
3084247,挪威杯,True,False,False,False,True,True,True,True,False,False,line_bucket,current_v4_model_uses_line_bucket_prior; other fields remain audit/evidence-only,v4-market-dirichlet-20260913
3084249,挪威杯,False,False,False,False,False,False,False,True,False,False,not_computed,not_computed,v4-market-dirichlet-20260913
3084250,挪威杯,True,False,False,False,True,True,True,True,False,False,not_computed,not_computed,v4-market-dirichlet-20260913
3084251,挪威杯,False,False,False,False,False,False,False,True,False,False,not_computed,not_computed,v4-market-dirichlet-20260913
3084252,挪威杯,False,False,False,False,False,False,False,True,False,False,not_computed,not_computed,v4-market-dirichlet-20260913
3084253,挪威杯,False,False,False,False,False,False,False,True,False,False,not_computed,not_computed,v4-market-dirichlet-20260913
3084254,挪威杯,False,False,False,False,False,False,False,True,False,False,not_computed,not_computed,v4-market-dirichlet-20260913
3084255,挪威杯,False,False,False,False,False,False,False,True,False,False,not_computed,not_computed,v4-market-dirichlet-20260913
3084257,挪威杯,False,False,False,False,False,False,False,True,False,False,not_computed,not_computed,v4-market-dirichlet-20260913
3084317,土杯,True,False,False,False,True,True,True,True,False,False,not_computed,not_computed,v4-market-dirichlet-20260913
2940725,拉脱超,True,False,False,False,True,True,True,True,False,False,line_bucket,current_v4_model_uses_line_bucket_prior; other fields remain audit/evidence-only,v4-market-dirichlet-20260913
2998461,保甲,True,False,False,False,True,True,True,True,False,False,line_bucket,current_v4_model_uses_line_bucket_prior; other fields remain audit/evidence-only,v4-market-dirichlet-20260913
3027002,波斯甲,True,False,False,False,True,True,True,True,False,False,line_bucket,current_v4_model_uses_line_bucket_prior; other fields remain audit/evidence-only,v4-market-dirichlet-20260913
2931415,爱沙甲,True,False,False,False,True,True,True,True,False,False,line_bucket,current_v4_model_uses_line_bucket_prior; other fields remain audit/evidence-only,v4-market-dirichlet-20260913
3086431,丹麦杯,True,False,False,False,True,True,True,True,False,False,line_bucket,current_v4_model_uses_line_bucket_prior; other fields remain audit/evidence-only,v4-market-dirichlet-20260913
3005944,斯亚乙,False,False,False,False,False,False,False,True,False,False,not_computed,not_computed,v4-market-dirichlet-20260913
3050255,塞尔甲,False,False,False,False,False,False,False,True,False,False,not_computed,not_computed,v4-market-dirichlet-20260913
3050258,塞尔甲,False,False,False,False,False,False,False,True,False,False,not_computed,not_computed,v4-market-dirichlet-20260913
3050259,塞尔甲,False,False,False,False,False,False,False,True,False,False,not_computed,not_computed,v4-market-dirichlet-20260913
3050261,塞尔甲,False,False,False,False,False,False,False,True,False,False,not_computed,not_computed,v4-market-dirichlet-20260913
3089595,欧联U19,False,False,False,False,False,False,False,True,False,False,not_computed,not_computed,v4-market-dirichlet-20260913
3089596,欧联U19,False,False,False,False,False,False,False,True,False,False,not_computed,not_computed,v4-market-dirichlet-20260913
3089597,欧联U19,False,False,False,False,False,False,False,True,False,False,not_computed,not_computed,v4-market-dirichlet-20260913
3089598,欧联U19,True,False,False,False,True,True,True,True,False,False,not_computed,not_computed,v4-market-dirichlet-20260913
3089599,欧联U19,False,False,False,False,False,False,False,True,False,False,not_computed,not_computed,v4-market-dirichlet-20260913
3089143,意丁,False,False,False,False,False,False,False,True,False,False,not_computed,not_computed,v4-market-dirichlet-20260913
3089165,意丁,False,False,False,False,False,False,False,True,False,False,not_computed,not_computed,v4-market-dirichlet-20260913
3091508,西青U19,False,False,False,False,False,False,False,True,False,False,not_computed,not_computed,v4-market-dirichlet-20260913
3091509,西青U19,False,False,False,False,False,False,False,True,False,False,not_computed,not_computed,v4-market-dirichlet-20260913
3091513,西青U19,False,False,False,False,False,False,False,True,False,False,not_computed,not_computed,v4-market-dirichlet-20260913
3091517,西青U19,False,False,False,False,False,False,False,True,False,False,not_computed,not_computed,v4-market-dirichlet-20260913
3091554,黑山U19,False,False,False,False,False,False,False,True,False,False,not_computed,not_computed,v4-market-dirichlet-20260913
3043372,德地区北,False,False,False,False,False,False,False,True,False,False,not_computed,not_computed,v4-market-dirichlet-20260913
3043375,德地区北,False,False,False,False,False,False,False,True,False,False,not_computed,not_computed,v4-market-dirichlet-20260913
3043376,德地区北,True,False,False,False,True,True,True,True,False,False,line_bucket,current_v4_model_uses_line_bucket_prior; other fields remain audit/evidence-only,v4-market-dirichlet-20260913
3043377,德地区北,False,False,False,False,False,False,False,True,False,False,not_computed,not_computed,v4-market-dirichlet-20260913
3091060,世女杯U20,True,False,False,False,True,True,True,True,False,False,line_bucket,current_v4_model_uses_line_bucket_prior; other fields remain audit/evidence-only,v4-market-dirichlet-20260913
3091061,世女杯U20,True,False,False,False,True,True,True,True,False,False,line_bucket,current_v4_model_uses_line_bucket_prior; other fields remain audit/evidence-only,v4-market-dirichlet-20260913
3089763,斯伐杯,True,False,False,False,True,True,True,True,False,False,not_computed,not_computed,v4-market-dirichlet-20260913
3050921,意丙,True,False,False,False,True,True,True,True,False,False,not_computed,not_computed,v4-market-dirichlet-20260913
3050922,意丙,True,False,False,False,True,True,True,True,False,False,line_bucket,current_v4_model_uses_line_bucket_prior; other fields remain audit/evidence-only,v4-market-dirichlet-20260913
3050924,意丙,True,False,False,False,True,True,True,True,False,False,line_bucket,current_v4_model_uses_line_bucket_prior; other fields remain audit/evidence-only,v4-market-dirichlet-20260913
3050927,意丙,True,False,False,False,True,True,True,True,False,False,not_computed,not_computed,v4-market-dirichlet-20260913
3050928,意丙,True,False,False,False,True,True,True,True,False,False,not_computed,not_computed,v4-market-dirichlet-20260913
3050929,意丙,True,False,False,False,True,True,True,True,False,False,line_bucket,current_v4_model_uses_line_bucket_prior; other fields remain audit/evidence-only,v4-market-dirichlet-20260913
3091532,卢旺达联,False,False,False,False,False,False,False,True,False,False,not_computed,not_computed,v4-market-dirichlet-20260913
3089132,意丁,False,False,False,False,False,False,False,True,False,False,not_computed,not_computed,v4-market-dirichlet-20260913
3086040,以女甲,False,False,False,False,False,False,False,True,False,False,not_computed,not_computed,v4-market-dirichlet-20260913
3073770,欧罗巴杯,True,False,False,False,True,True,True,True,False,False,not_computed,not_computed,v4-market-dirichlet-20260913
3075292,欧罗巴杯,True,False,False,False,True,True,True,True,False,False,line_bucket,current_v4_model_uses_line_bucket_prior; other fields remain audit/evidence-only,v4-market-dirichlet-20260913
3013693,西甲,True,False,False,False,True,True,True,True,False,False,line_bucket,current_v4_model_uses_line_bucket_prior; other fields remain audit/evidence-only,v4-market-dirichlet-20260913
3013695,西甲,True,False,False,False,True,True,True,True,False,False,not_computed,not_computed,v4-market-dirichlet-20260913
3000795,瑞士超,True,False,False,False,True,True,True,True,False,False,line_bucket,current_v4_model_uses_line_bucket_prior; other fields remain audit/evidence-only,v4-market-dirichlet-20260913
3000796,瑞士超,True,False,False,False,True,True,True,True,False,False,line_bucket,current_v4_model_uses_line_bucket_prior; other fields remain audit/evidence-only,v4-market-dirichlet-20260913
2912243,瑞典超,True,False,False,False,True,True,True,True,False,False,line_bucket,current_v4_model_uses_line_bucket_prior; other fields remain audit/evidence-only,v4-market-dirichlet-20260913
3026046,德丙,True,False,False,False,True,True,True,True,False,False,line_bucket,current_v4_model_uses_line_bucket_prior; other fields remain audit/evidence-only,v4-market-dirichlet-20260913
3026048,德丙,True,False,False,False,True,True,True,True,False,False,line_bucket,current_v4_model_uses_line_bucket_prior; other fields remain audit/evidence-only,v4-market-dirichlet-20260913
3026049,德丙,True,False,False,False,True,True,True,True,False,False,line_bucket,current_v4_model_uses_line_bucket_prior; other fields remain audit/evidence-only,v4-market-dirichlet-20260913
3026050,德丙,True,False,False,False,True,True,True,True,False,False,line_bucket,current_v4_model_uses_line_bucket_prior; other fields remain audit/evidence-only,v4-market-dirichlet-20260913
3026052,德丙,True,False,False,False,True,True,True,True,False,False,line_bucket,current_v4_model_uses_line_bucket_prior; other fields remain audit/evidence-only,v4-market-dirichlet-20260913
3026454,德地区东北,True,False,False,False,True,True,True,True,False,False,line_bucket,current_v4_model_uses_line_bucket_prior; other fields remain audit/evidence-only,v4-market-dirichlet-20260913
3026457,德地区东北,False,False,False,False,False,False,False,True,False,False,not_computed,not_computed,v4-market-dirichlet-20260913
3026459,德地区东北,False,False,False,False,False,False,False,True,False,False,not_computed,not_computed,v4-market-dirichlet-20260913
3026461,德地区东北,False,False,False,False,False,False,False,True,False,False,not_computed,not_computed,v4-market-dirichlet-20260913
2919901,瑞典乙南,True,False,False,False,True,True,True,True,False,False,line_bucket,current_v4_model_uses_line_bucket_prior; other fields remain audit/evidence-only,v4-market-dirichlet-20260913
2919902,瑞典乙南,True,False,False,False,True,True,True,True,False,False,not_computed,not_computed,v4-market-dirichlet-20260913
2919904,瑞典乙南,True,False,False,False,True,True,True,True,False,False,line_bucket,current_v4_model_uses_line_bucket_prior; other fields remain audit/evidence-only,v4-market-dirichlet-20260913
2919907,瑞典乙南,True,False,False,False,True,True,True,True,False,False,line_bucket,current_v4_model_uses_line_bucket_prior; other fields remain audit/evidence-only,v4-market-dirichlet-20260913
2920143,瑞典乙北,True,False,False,False,True,True,True,True,False,False,line_bucket,current_v4_model_uses_line_bucket_prior; other fields remain audit/evidence-only,v4-market-dirichlet-20260913
2920144,瑞典乙北,True,False,False,False,True,True,True,True,False,False,not_computed,not_computed,v4-market-dirichlet-20260913
3084256,挪威杯,True,False,False,False,True,True,True,True,False,False,not_computed,not_computed,v4-market-dirichlet-20260913
3074091,希腊杯,True,False,False,False,True,True,True,True,False,False,line_bucket,current_v4_model_uses_line_bucket_prior; other fields remain audit/evidence-only,v4-market-dirichlet-20260913
3084323,土杯,False,False,False,False,False,False,False,True,False,False,not_computed,not_computed,v4-market-dirichlet-20260913
3059461,埃及超,True,False,False,False,True,True,True,True,False,False,line_bucket,current_v4_model_uses_line_bucket_prior; other fields remain audit/evidence-only,v4-market-dirichlet-20260913
3046856,卢森甲,False,False,False,False,False,False,False,True,False,False,not_computed,not_computed,v4-market-dirichlet-20260913
3046629,瑞典丙升,False,False,False,False,False,False,False,True,False,False,not_computed,not_computed,v4-market-dirichlet-20260913
3046630,瑞典丙升,False,False,False,False,False,False,False,True,False,False,not_computed,not_computed,v4-market-dirichlet-20260913
3046631,瑞典丙升,False,False,False,False,False,False,False,True,False,False,not_computed,not_computed,v4-market-dirichlet-20260913
3088129,丹女杯,False,False,False,False,False,False,False,True,False,False,not_computed,not_computed,v4-market-dirichlet-20260913
3088130,丹女杯,False,False,False,False,False,False,False,True,False,False,not_computed,not_computed,v4-market-dirichlet-20260913
2940909,格鲁乙,True,False,False,False,True,True,True,True,False,False,line_bucket,current_v4_model_uses_line_bucket_prior; other fields remain audit/evidence-only,v4-market-dirichlet-20260913
3089685,西联杯,False,False,False,False,False,False,False,True,False,False,not_computed,not_computed,v4-market-dirichlet-20260913
3089692,南运男足,False,False,False,False,False,False,False,True,False,False,not_computed,not_computed,v4-market-dirichlet-20260913
3091574,芬K联,False,False,False,False,False,False,False,True,False,False,not_computed,not_computed,v4-market-dirichlet-20260913
3006187,黑山乙,False,False,False,False,False,False,False,True,False,False,not_computed,not_computed,v4-market-dirichlet-20260913
3091478,波兰丙,False,False,False,False,False,False,False,True,False,False,not_computed,not_computed,v4-market-dirichlet-20260913
3091568,阿后备,False,False,False,False,False,False,False,True,False,False,not_computed,not_computed,v4-market-dirichlet-20260913
3091384,奥业余杯,False,False,False,False,False,False,False,True,False,False,not_computed,not_computed,v4-market-dirichlet-20260913
3089705,南美女运,False,False,False,False,False,False,False,True,False,False,not_computed,not_computed,v4-market-dirichlet-20260913
3091386,捷女乙,False,False,False,False,False,False,False,True,False,False,not_computed,not_computed,v4-market-dirichlet-20260913
2955376,美甲,False,False,False,False,False,False,False,True,False,False,not_computed,not_computed,v4-market-dirichlet-20260913
3043640,德地区西,False,False,False,False,False,False,False,True,False,False,not_computed,not_computed,v4-market-dirichlet-20260913
2920141,瑞典乙北,True,False,False,False,True,True,True,True,False,False,not_computed,not_computed,v4-market-dirichlet-20260913
2920145,瑞典乙北,True,False,False,False,True,True,True,True,False,False,line_bucket,current_v4_model_uses_line_bucket_prior; other fields remain audit/evidence-only,v4-market-dirichlet-20260913
3046632,瑞典丙升,False,False,False,False,False,False,False,True,False,False,not_computed,not_computed,v4-market-dirichlet-20260913
3089117,德戊,False,False,False,False,False,False,False,True,False,False,not_computed,not_computed,v4-market-dirichlet-20260913
3089680,西联杯,False,False,False,False,False,False,False,True,False,False,not_computed,not_computed,v4-market-dirichlet-20260913
3089686,西联杯,False,False,False,False,False,False,False,True,False,False,not_computed,not_computed,v4-market-dirichlet-20260913
3091511,西青U19,False,False,False,False,False,False,False,True,False,False,not_computed,not_computed,v4-market-dirichlet-20260913
3012300,俄超,True,False,False,False,True,True,True,True,False,False,not_computed,not_computed,v4-market-dirichlet-20260913
3012303,俄超,True,False,False,False,True,True,True,True,False,False,line_bucket,current_v4_model_uses_line_bucket_prior; other fields remain audit/evidence-only,v4-market-dirichlet-20260913
3089681,西联杯,False,False,False,False,False,False,False,True,False,False,not_computed,not_computed,v4-market-dirichlet-20260913
3089735,里约杯,False,False,False,False,False,False,False,True,False,False,not_computed,not_computed,v4-market-dirichlet-20260913
3046742,卢森甲,False,False,False,False,False,False,False,True,False,False,not_computed,not_computed,v4-market-dirichlet-20260913
3046743,卢森甲,False,False,False,False,False,False,False,True,False,False,not_computed,not_computed,v4-market-dirichlet-20260913
3046744,卢森甲,False,False,False,False,False,False,False,True,False,False,not_computed,not_computed,v4-market-dirichlet-20260913
3046746,卢森甲,False,False,False,False,False,False,False,True,False,False,not_computed,not_computed,v4-market-dirichlet-20260913
3046747,卢森甲,False,False,False,False,False,False,False,True,False,False,not_computed,not_computed,v4-market-dirichlet-20260913
3046748,卢森甲,False,False,False,False,False,False,False,True,False,False,not_computed,not_computed,v4-market-dirichlet-20260913
3046749,卢森甲,False,False,False,False,False,False,False,True,False,False,not_computed,not_computed,v4-market-dirichlet-20260913
2916535,阿乙,True,False,False,False,True,True,True,True,False,False,line_bucket,current_v4_model_uses_line_bucket_prior; other fields remain audit/evidence-only,v4-market-dirichlet-20260913
3089115,德戊,False,False,False,False,False,False,False,True,False,False,not_computed,not_computed,v4-market-dirichlet-20260913
3050254,塞尔甲,True,False,False,False,True,True,True,True,False,False,line_bucket,current_v4_model_uses_line_bucket_prior; other fields remain audit/evidence-only,v4-market-dirichlet-20260913
3089687,西联杯,True,False,False,False,True,True,True,True,False,False,not_computed,not_computed,v4-market-dirichlet-20260913
3089600,欧联U19,False,False,False,False,False,False,False,True,False,False,not_computed,not_computed,v4-market-dirichlet-20260913
3089119,阿后备,True,False,False,False,True,True,True,True,False,False,line_bucket,current_v4_model_uses_line_bucket_prior; other fields remain audit/evidence-only,v4-market-dirichlet-20260913
3089121,阿后备,True,False,False,False,True,True,True,True,False,False,not_computed,not_computed,v4-market-dirichlet-20260913
3089122,阿后备,True,False,False,False,True,True,True,True,False,False,not_computed,not_computed,v4-market-dirichlet-20260913
3089123,阿后备,True,False,False,False,True,True,True,True,False,False,not_computed,not_computed,v4-market-dirichlet-20260913
3089124,阿后备,True,False,False,False,True,True,True,True,False,False,not_computed,not_computed,v4-market-dirichlet-20260913
3089125,阿后备,True,False,False,False,True,True,True,True,False,False,line_bucket,current_v4_model_uses_line_bucket_prior; other fields remain audit/evidence-only,v4-market-dirichlet-20260913
3089126,阿后备,True,False,False,False,True,True,True,True,False,False,line_bucket,current_v4_model_uses_line_bucket_prior; other fields remain audit/evidence-only,v4-market-dirichlet-20260913
3089152,意丁,True,False,False,False,True,True,True,True,False,False,line_bucket,current_v4_model_uses_line_bucket_prior; other fields remain audit/evidence-only,v4-market-dirichlet-20260913
3089158,意丁,True,False,False,False,True,True,True,True,False,False,not_computed,not_computed,v4-market-dirichlet-20260913
3089169,意丁,False,False,False,False,False,False,False,True,False,False,not_computed,not_computed,v4-market-dirichlet-20260913
3089107,巴高乙,False,False,False,False,False,False,False,True,False,False,not_computed,not_computed,v4-market-dirichlet-20260913
3089111,巴高乙,False,False,False,False,False,False,False,True,False,False,not_computed,not_computed,v4-market-dirichlet-20260913
3065029,超联杯,True,False,False,False,True,True,True,True,False,False,line_bucket,current_v4_model_uses_line_bucket_prior; other fields remain audit/evidence-only,v4-market-dirichlet-20260913
3091514,西青U19,True,False,False,False,True,True,True,True,False,False,line_bucket,current_v4_model_uses_line_bucket_prior; other fields remain audit/evidence-only,v4-market-dirichlet-20260913
3089582,巴青联,False,False,False,False,False,False,False,True,False,False,not_computed,not_computed,v4-market-dirichlet-20260913
3091594,巴青联,False,False,False,False,False,False,False,True,False,False,not_computed,not_computed,v4-market-dirichlet-20260913
3091604,巴青联,False,False,False,False,False,False,False,True,False,False,not_computed,not_computed,v4-market-dirichlet-20260913
3091605,巴青联,False,False,False,False,False,False,False,True,False,False,not_computed,not_computed,v4-market-dirichlet-20260913
3091606,巴青联,False,False,False,False,False,False,False,True,False,False,not_computed,not_computed,v4-market-dirichlet-20260913
3091537,巴圣青联,False,False,False,False,False,False,False,True,False,False,not_computed,not_computed,v4-market-dirichlet-20260913
3091561,里约甲,False,False,False,False,False,False,False,True,False,False,not_computed,not_computed,v4-market-dirichlet-20260913
3091571,里约甲,False,False,False,False,False,False,False,True,False,False,not_computed,not_computed,v4-market-dirichlet-20260913
3091572,里约甲,False,False,False,False,False,False,False,True,False,False,not_computed,not_computed,v4-market-dirichlet-20260913
3091590,里约甲,False,False,False,False,False,False,False,True,False,False,not_computed,not_computed,v4-market-dirichlet-20260913
3091591,里约甲,False,False,False,False,False,False,False,True,False,False,not_computed,not_computed,v4-market-dirichlet-20260913
3071658,乌拉杯,True,False,False,False,True,True,True,True,False,False,line_bucket,current_v4_model_uses_line_bucket_prior; other fields remain audit/evidence-only,v4-market-dirichlet-20260913
3071659,乌拉杯,True,False,False,False,True,True,True,True,False,False,line_bucket,current_v4_model_uses_line_bucket_prior; other fields remain audit/evidence-only,v4-market-dirichlet-20260913
3069017,亚冠联2,True,False,False,False,True,True,True,True,False,False,line_bucket,current_v4_model_uses_line_bucket_prior; other fields remain audit/evidence-only,v4-market-dirichlet-20260913
3069028,亚冠联2,True,False,False,False,True,True,True,True,False,False,line_bucket,current_v4_model_uses_line_bucket_prior; other fields remain audit/evidence-only,v4-market-dirichlet-20260913
3091533,挪威U19,False,False,False,False,False,False,False,True,False,False,not_computed,not_computed,v4-market-dirichlet-20260913
3089683,西联杯,False,False,False,False,False,False,False,True,False,False,not_computed,not_computed,v4-market-dirichlet-20260913
3091578,英南甲,False,False,False,False,False,False,False,True,False,False,not_computed,not_computed,v4-market-dirichlet-20260913
3091593,英南甲,False,False,False,False,False,False,False,True,False,False,not_computed,not_computed,v4-market-dirichlet-20260913
3091603,巴地区,False,False,False,False,False,False,False,True,False,False,not_computed,not_computed,v4-market-dirichlet-20260913
3065059,超联杯,False,False,False,False,False,False,False,True,False,False,not_computed,not_computed,v4-market-dirichlet-20260913
3027764,英议联,True,False,False,False,True,True,True,True,False,False,not_computed,not_computed,v4-market-dirichlet-20260913
3027765,英议联,True,False,False,False,True,True,True,True,False,False,line_bucket,current_v4_model_uses_line_bucket_prior; other fields remain audit/evidence-only,v4-market-dirichlet-20260913
3027766,英议联,True,False,False,False,True,True,True,True,False,False,line_bucket,current_v4_model_uses_line_bucket_prior; other fields remain audit/evidence-only,v4-market-dirichlet-20260913
3072967,英联杯,True,False,False,False,True,True,True,True,False,False,line_bucket,current_v4_model_uses_line_bucket_prior; other fields remain audit/evidence-only,v4-market-dirichlet-20260913
3072968,英联杯,True,False,False,False,True,True,True,True,False,False,line_bucket,current_v4_model_uses_line_bucket_prior; other fields remain audit/evidence-only,v4-market-dirichlet-20260913
3091597,英依联甲,False,False,False,False,False,False,False,True,False,False,not_computed,not_computed,v4-market-dirichlet-20260913
3089682,西联杯,False,False,False,False,False,False,False,True,False,False,not_computed,not_computed,v4-market-dirichlet-20260913
3091592,英南甲,False,False,False,False,False,False,False,True,False,False,not_computed,not_computed,v4-market-dirichlet-20260913
3091539,英北甲,False,False,False,False,False,False,False,True,False,False,not_computed,not_computed,v4-market-dirichlet-20260913
3091575,英北甲,False,False,False,False,False,False,False,True,False,False,not_computed,not_computed,v4-market-dirichlet-20260913
3091576,英北甲,False,False,False,False,False,False,False,True,False,False,not_computed,not_computed,v4-market-dirichlet-20260913
3091577,英北甲,False,False,False,False,False,False,False,True,False,False,not_computed,not_computed,v4-market-dirichlet-20260913
3089100,苏低联,False,False,False,False,False,False,False,True,False,False,not_computed,not_computed,v4-market-dirichlet-20260913
3089101,苏低联,False,False,False,False,False,False,False,True,False,False,not_computed,not_computed,v4-market-dirichlet-20260913
3089102,苏低联,False,False,False,False,False,False,False,True,False,False,not_computed,not_computed,v4-market-dirichlet-20260913
3089104,苏低联,False,False,False,False,False,False,False,True,False,False,not_computed,not_computed,v4-market-dirichlet-20260913
3089105,苏低联,False,False,False,False,False,False,False,True,False,False,not_computed,not_computed,v4-market-dirichlet-20260913
3089106,苏低联,False,False,False,False,False,False,False,True,False,False,not_computed,not_computed,v4-market-dirichlet-20260913
3089601,欧联U19,True,False,False,False,True,True,True,True,False,False,not_computed,not_computed,v4-market-dirichlet-20260913
3089602,欧联U19,True,False,False,False,True,True,True,True,False,False,line_bucket,current_v4_model_uses_line_bucket_prior; other fields remain audit/evidence-only,v4-market-dirichlet-20260913
3073716,欧罗巴杯,True,False,False,False,True,True,True,True,False,False,line_bucket,current_v4_model_uses_line_bucket_prior; other fields remain audit/evidence-only,v4-market-dirichlet-20260913
3073739,欧罗巴杯,True,False,False,False,True,True,True,True,False,False,line_bucket,current_v4_model_uses_line_bucket_prior; other fields remain audit/evidence-only,v4-market-dirichlet-20260913
3073764,欧罗巴杯,True,False,False,False,True,True,True,True,False,False,line_bucket,current_v4_model_uses_line_bucket_prior; other fields remain audit/evidence-only,v4-market-dirichlet-20260913
3073776,欧罗巴杯,True,False,False,False,True,True,True,True,False,False,line_bucket,current_v4_model_uses_line_bucket_prior; other fields remain audit/evidence-only,v4-market-dirichlet-20260913
3073784,欧罗巴杯,True,False,False,False,True,True,True,True,False,False,line_bucket,current_v4_model_uses_line_bucket_prior; other fields remain audit/evidence-only,v4-market-dirichlet-20260913
3075280,欧罗巴杯,True,False,False,False,True,True,True,True,False,False,line_bucket,current_v4_model_uses_line_bucket_prior; other fields remain audit/evidence-only,v4-market-dirichlet-20260913
3075294,欧罗巴杯,True,False,False,False,True,True,True,True,False,False,line_bucket,current_v4_model_uses_line_bucket_prior; other fields remain audit/evidence-only,v4-market-dirichlet-20260913
3072964,英联杯,True,False,False,False,True,True,True,True,False,False,line_bucket,current_v4_model_uses_line_bucket_prior; other fields remain audit/evidence-only,v4-market-dirichlet-20260913
3072973,英联杯,True,False,False,False,True,True,True,True,False,False,line_bucket,current_v4_model_uses_line_bucket_prior; other fields remain audit/evidence-only,v4-market-dirichlet-20260913
3050923,意丙,True,False,False,False,True,True,True,True,False,False,line_bucket,current_v4_model_uses_line_bucket_prior; other fields remain audit/evidence-only,v4-market-dirichlet-20260913
3050925,意丙,True,False,False,False,True,True,True,True,False,False,line_bucket,current_v4_model_uses_line_bucket_prior; other fields remain audit/evidence-only,v4-market-dirichlet-20260913
3050926,意丙,True,False,False,False,True,True,True,True,False,False,line_bucket,current_v4_model_uses_line_bucket_prior; other fields remain audit/evidence-only,v4-market-dirichlet-20260913
3050930,意丙,True,False,False,False,True,True,True,True,False,False,not_computed,not_computed,v4-market-dirichlet-20260913
3059138,玻利甲,True,False,False,False,True,True,True,True,False,False,line_bucket,current_v4_model_uses_line_bucket_prior; other fields remain audit/evidence-only,v4-market-dirichlet-20260913
3002853,苏高联,False,False,False,False,False,False,False,True,False,False,not_computed,not_computed,v4-market-dirichlet-20260913
3002854,苏高联,False,False,False,False,False,False,False,True,False,False,not_computed,not_computed,v4-market-dirichlet-20260913
3002855,苏高联,False,False,False,False,False,False,False,True,False,False,not_computed,not_computed,v4-market-dirichlet-20260913
3002856,苏高联,False,False,False,False,False,False,False,True,False,False,not_computed,not_computed,v4-market-dirichlet-20260913
3002857,苏高联,False,False,False,False,False,False,False,True,False,False,not_computed,not_computed,v4-market-dirichlet-20260913
3002858,苏高联,False,False,False,False,False,False,False,True,False,False,not_computed,not_computed,v4-market-dirichlet-20260913
3002859,苏高联,False,False,False,False,False,False,False,True,False,False,not_computed,not_computed,v4-market-dirichlet-20260913
3002860,苏高联,False,False,False,False,False,False,False,True,False,False,not_computed,not_computed,v4-market-dirichlet-20260913
3002861,苏高联,False,False,False,False,False,False,False,True,False,False,not_computed,not_computed,v4-market-dirichlet-20260913
3089684,西联杯,False,False,False,False,False,False,False,True,False,False,not_computed,not_computed,v4-market-dirichlet-20260913
3075414,巴青杯,False,False,False,False,False,False,False,True,False,False,not_computed,not_computed,v4-market-dirichlet-20260913
3013697,西甲,True,False,False,False,True,True,True,True,False,False,line_bucket,current_v4_model_uses_line_bucket_prior; other fields remain audit/evidence-only,v4-market-dirichlet-20260913
3013698,西甲,True,False,False,False,True,True,True,True,False,False,line_bucket,current_v4_model_uses_line_bucket_prior; other fields remain audit/evidence-only,v4-market-dirichlet-20260913
3089213,委内乙,False,False,False,False,False,False,False,True,False,False,not_computed,not_computed,v4-market-dirichlet-20260913
3089214,委内乙,False,False,False,False,False,False,False,True,False,False,not_computed,not_computed,v4-market-dirichlet-20260913
3089215,委内乙,False,False,False,False,False,False,False,True,False,False,not_computed,not_computed,v4-market-dirichlet-20260913
3071676,厄瓜乙,True,False,False,False,True,True,True,True,False,False,line_bucket,current_v4_model_uses_line_bucket_prior; other fields remain audit/evidence-only,v4-market-dirichlet-20260913
3090250,委内超秋,True,False,False,False,True,True,True,True,False,False,line_bucket,current_v4_model_uses_line_bucket_prior; other fields remain audit/evidence-only,v4-market-dirichlet-20260913
3089216,委内乙,True,False,False,False,True,True,True,True,False,False,line_bucket,current_v4_model_uses_line_bucket_prior; other fields remain audit/evidence-only,v4-market-dirichlet-20260913
3091536,巴马全联,False,False,False,False,False,False,False,True,False,False,not_computed,not_computed,v4-market-dirichlet-20260913
3069962,解放者杯,True,False,False,False,True,True,True,True,False,False,line_bucket,current_v4_model_uses_line_bucket_prior; other fields remain audit/evidence-only,v4-market-dirichlet-20260913
3072984,南美杯,True,False,False,False,True,True,True,True,False,False,line_bucket,current_v4_model_uses_line_bucket_prior; other fields remain audit/evidence-only,v4-market-dirichlet-20260913
3090249,委内超秋,True,False,False,False,True,True,True,True,False,False,line_bucket,current_v4_model_uses_line_bucket_prior; other fields remain audit/evidence-only,v4-market-dirichlet-20260913
2942617,美冠联,True,False,False,False,True,True,True,True,False,False,line_bucket,current_v4_model_uses_line_bucket_prior; other fields remain audit/evidence-only,v4-market-dirichlet-20260913
3089108,巴高乙,False,False,False,False,False,False,False,True,False,False,not_computed,not_computed,v4-market-dirichlet-20260913
3089110,巴高乙,False,False,False,False,False,False,False,True,False,False,not_computed,not_computed,v4-market-dirichlet-20260913
3089113,巴高乙,False,False,False,False,False,False,False,True,False,False,not_computed,not_computed,v4-market-dirichlet-20260913
3089114,巴高乙,False,False,False,False,False,False,False,True,False,False,not_computed,not_computed,v4-market-dirichlet-20260913
3085728,阿根廷杯,True,False,False,False,True,True,True,True,False,False,line_bucket,current_v4_model_uses_line_bucket_prior; other fields remain audit/evidence-only,v4-market-dirichlet-20260913
2910828,巴西甲,True,False,False,False,True,True,True,True,False,False,line_bucket,current_v4_model_uses_line_bucket_prior; other fields remain audit/evidence-only,v4-market-dirichlet-20260913
3059139,玻利甲,True,False,False,False,True,True,True,True,False,False,line_bucket,current_v4_model_uses_line_bucket_prior; other fields remain audit/evidence-only,v4-market-dirichlet-20260913
3089109,巴高乙,False,False,False,False,False,False,False,True,False,False,not_computed,not_computed,v4-market-dirichlet-20260913
3089112,巴高乙,False,False,False,False,False,False,False,True,False,False,not_computed,not_computed,v4-market-dirichlet-20260913
3090251,委内超秋,True,False,False,False,True,True,True,True,False,False,not_computed,not_computed,v4-market-dirichlet-20260913
3073011,加拿冠,True,False,False,False,True,True,True,True,False,False,not_computed,not_computed,v4-market-dirichlet-20260913
2989400,美公开赛,True,False,False,False,True,True,True,True,False,False,line_bucket,current_v4_model_uses_line_bucket_prior; other fields remain audit/evidence-only,v4-market-dirichlet-20260913
3091527,哥伦女甲,True,False,False,False,True,True,True,True,False,False,not_computed,not_computed,v4-market-dirichlet-20260913
3091535,巴马全联,False,False,False,False,False,False,False,True,False,False,not_computed,not_computed,v4-market-dirichlet-20260913
3089099,美预备联,True,False,False,False,True,True,True,True,False,False,line_bucket,current_v4_model_uses_line_bucket_prior; other fields remain audit/evidence-only,v4-market-dirichlet-20260913
2955373,美甲,True,False,False,False,True,True,True,True,False,False,not_computed,not_computed,v4-market-dirichlet-20260913
2955377,美甲,True,False,False,False,True,True,True,True,False,False,not_computed,not_computed,v4-market-dirichlet-20260913
3090247,委内超秋,True,False,False,False,True,True,True,True,False,False,line_bucket,current_v4_model_uses_line_bucket_prior; other fields remain audit/evidence-only,v4-market-dirichlet-20260913
2955374,美甲,True,False,False,False,True,True,True,True,False,False,not_computed,not_computed,v4-market-dirichlet-20260913
3091570,美超,False,False,False,False,False,False,False,True,False,False,not_computed,not_computed,v4-market-dirichlet-20260913
3069173,北冠杯,False,False,False,False,False,False,False,True,False,False,not_computed,not_computed,v4-market-dirichlet-20260913
3072642,厄瓜杯,False,False,False,False,False,False,False,True,False,False,not_computed,not_computed,v4-market-dirichlet-20260913
3069961,解放者杯,True,False,False,False,True,True,True,True,False,False,line_bucket,current_v4_model_uses_line_bucket_prior; other fields remain audit/evidence-only,v4-market-dirichlet-20260913
3059140,玻利甲,True,False,False,False,True,True,True,True,False,False,line_bucket,current_v4_model_uses_line_bucket_prior; other fields remain audit/evidence-only,v4-market-dirichlet-20260913
2942514,美冠联,True,False,False,False,True,True,True,True,False,False,not_computed,not_computed,v4-market-dirichlet-20260913
3085190,中美俱杯,True,False,False,False,True,True,True,True,False,False,line_bucket,current_v4_model_uses_line_bucket_prior; other fields remain audit/evidence-only,v4-market-dirichlet-20260913
2955372,美甲,True,False,False,False,True,True,True,True,False,False,not_computed,not_computed,v4-market-dirichlet-20260913
3011884,哥伦甲秋,True,False,False,False,True,True,True,True,False,False,line_bucket,current_v4_model_uses_line_bucket_prior; other fields remain audit/evidence-only,v4-market-dirichlet-20260913
2989399,美公开赛,True,False,False,False,True,True,True,True,False,False,not_computed,not_computed,v4-market-dirichlet-20260913
2957047,美女职,True,False,False,False,True,True,True,True,False,False,not_computed,not_computed,v4-market-dirichlet-20260913
2957048,美女职,True,False,False,False,True,True,True,True,False,False,line_bucket,current_v4_model_uses_line_bucket_prior; other fields remain audit/evidence-only,v4-market-dirichlet-20260913
3049656,亚运男足,True,False,False,False,True,True,True,True,False,False,not_computed,not_computed,v4-market-dirichlet-20260913
3091449,大洋女U16,False,False,False,False,False,False,False,True,False,False,not_computed,not_computed,v4-market-dirichlet-20260913
3091525,印班超,False,False,False,False,False,False,False,True,False,False,not_computed,not_computed,v4-market-dirichlet-20260913
3091448,国际友谊,False,False,False,False,False,False,False,True,False,False,not_computed,not_computed,v4-market-dirichlet-20260913
3049650,亚运男足,True,False,False,False,True,True,False,True,False,False,not_computed,not_computed,v4-market-dirichlet-20260913
3089208,乌克U19,False,False,False,False,False,False,False,True,False,False,not_computed,not_computed,v4-market-dirichlet-20260913
3091545,印西隆联,False,False,False,False,False,False,False,True,False,False,not_computed,not_computed,v4-market-dirichlet-20260913
3088994,蒙古超,False,False,False,False,False,False,False,True,False,False,not_computed,not_computed,v4-market-dirichlet-20260913
3091366,中冠,False,False,False,False,False,False,False,True,False,False,not_computed,not_computed,v4-market-dirichlet-20260913
3091368,中冠,False,False,False,False,False,False,False,True,False,False,not_computed,not_computed,v4-market-dirichlet-20260913
3091450,大洋女U16,False,False,False,False,False,False,False,True,False,False,not_computed,not_computed,v4-market-dirichlet-20260913
3062858,印尼超,True,False,False,False,True,True,False,True,False,False,not_computed,not_computed,v4-market-dirichlet-20260913
3091385,柬杯,False,False,False,False,False,False,False,True,False,False,not_computed,not_computed,v4-market-dirichlet-20260913
3091544,泰U21,False,False,False,False,False,False,False,True,False,False,not_computed,not_computed,v4-market-dirichlet-20260913
3089207,乌克U19,False,False,False,False,False,False,False,True,False,False,not_computed,not_computed,v4-market-dirichlet-20260913
3089209,乌克U19,False,False,False,False,False,False,False,True,False,False,not_computed,not_computed,v4-market-dirichlet-20260913
3089118,不丹廷联,True,False,False,False,True,True,True,True,False,False,not_computed,not_computed,v4-market-dirichlet-20260913
3091365,中冠,False,False,False,False,False,False,False,True,False,False,not_computed,not_computed,v4-market-dirichlet-20260913
3008849,捷U19,True,False,False,False,True,True,False,True,False,False,not_computed,not_computed,v4-market-dirichlet-20260913
3008891,捷U19,True,False,False,False,True,True,False,True,False,False,not_computed,not_computed,v4-market-dirichlet-20260913
3091573,印米佐超,False,False,False,False,False,False,False,True,False,False,not_computed,not_computed,v4-market-dirichlet-20260913
3068863,亚冠精英,True,False,False,False,True,True,False,True,False,False,not_computed,not_computed,v4-market-dirichlet-20260913
3043373,德地区北,True,False,False,False,True,True,False,True,False,False,not_computed,not_computed,v4-market-dirichlet-20260913
3089756,亚冠联2,True,False,False,False,True,True,False,True,False,False,not_computed,not_computed,v4-market-dirichlet-20260913
3049655,亚运男足,True,False,False,False,True,True,False,True,False,False,not_computed,not_computed,v4-market-dirichlet-20260913
3089211,乌克U19,False,False,False,False,False,False,False,True,False,False,not_computed,not_computed,v4-market-dirichlet-20260913
3089733,乌克U19,False,False,False,False,False,False,False,True,False,False,not_computed,not_computed,v4-market-dirichlet-20260913
3089193,意丁,True,False,False,False,True,True,False,True,False,False,not_computed,not_computed,v4-market-dirichlet-20260913
3089217,国际友谊,False,False,False,False,False,False,False,True,False,False,not_computed,not_computed,v4-market-dirichlet-20260913
3049649,亚运男足,True,False,False,False,True,True,False,True,False,False,not_computed,not_computed,v4-market-dirichlet-20260913
3091512,西青U19,True,False,False,False,True,True,True,True,False,False,not_computed,not_computed,v4-market-dirichlet-20260913
3047489,泰甲,True,False,False,False,True,True,False,True,False,False,not_computed,not_computed,v4-market-dirichlet-20260913
3053505,匈女甲,True,False,False,False,True,True,True,True,False,False,not_computed,not_computed,v4-market-dirichlet-20260913
3091607,加尔联,False,False,False,False,False,False,False,True,False,False,not_computed,not_computed,v4-market-dirichlet-20260913
3084304,土杯,False,False,False,False,False,False,False,True,False,False,not_computed,not_computed,v4-market-dirichlet-20260913
3088996,蒙古超,False,False,False,False,False,False,False,True,False,False,not_computed,not_computed,v4-market-dirichlet-20260913
3088997,蒙古超,False,False,False,False,False,False,False,True,False,False,not_computed,not_computed,v4-market-dirichlet-20260913
2961607,挪女甲,True,False,False,False,True,True,False,True,False,False,not_computed,not_computed,v4-market-dirichlet-20260913
3084310,土杯,False,False,False,False,False,False,False,True,False,False,not_computed,not_computed,v4-market-dirichlet-20260913
3058801,布隆迪超,False,False,False,False,False,False,False,True,False,False,not_computed,not_computed,v4-market-dirichlet-20260913
3058802,布隆迪超,False,False,False,False,False,False,False,True,False,False,not_computed,not_computed,v4-market-dirichlet-20260913
3058803,布隆迪超,False,False,False,False,False,False,False,True,False,False,not_computed,not_computed,v4-market-dirichlet-20260913
3058804,布隆迪超,False,False,False,False,False,False,False,True,False,False,not_computed,not_computed,v4-market-dirichlet-20260913
3058805,布隆迪超,False,False,False,False,False,False,False,True,False,False,not_computed,not_computed,v4-market-dirichlet-20260913
3075222,捷克杯,False,False,False,False,False,False,False,True,False,False,not_computed,not_computed,v4-market-dirichlet-20260913
3075225,捷克杯,False,False,False,False,False,False,False,True,False,False,not_computed,not_computed,v4-market-dirichlet-20260913
3075264,捷克杯,False,False,False,False,False,False,False,True,False,False,not_computed,not_computed,v4-market-dirichlet-20260913
3084236,挪威杯,False,False,False,False,False,False,False,True,False,False,not_computed,not_computed,v4-market-dirichlet-20260913
3059460,埃及超,True,False,False,False,True,True,False,True,False,False,line_bucket,current_v4_model_uses_line_bucket_prior; other fields remain audit/evidence-only,v4-market-dirichlet-20260913
3046745,卢森甲,False,False,False,False,False,False,False,True,False,False,not_computed,not_computed,v4-market-dirichlet-20260913
3085245,里约杯,False,False,False,False,False,False,False,True,False,False,not_computed,not_computed,v4-market-dirichlet-20260913
2971065,乌兹甲,True,False,False,False,True,True,False,True,False,False,not_computed,not_computed,v4-market-dirichlet-20260913
3058272,哥伦杯,False,False,False,False,False,False,False,True,False,False,not_computed,not_computed,v4-market-dirichlet-20260913
